Protocollo;Gruppo;DataOraIncidente;Localizzazione1;STRADA1;Localizzazione2;STRADA2;Strada02;Chilometrica;DaSpecificare;NaturaIncidente;particolaritastrade;TipoStrada;FondoStradale;Pavimentazione;Segnaletica;CondizioneAtmosferica;Traffico;Visibilita;Illuminazione;NUM_FERITI;NUM_RISERVATA;NUM_MORTI;NUM_ILLESI;Longitudine;Latitudine;Confermato;Progressivo;TipoVeicolo;StatoVeicolo;TipoPersona;Sesso;Tipolesione;Deceduto;DecedutoDopo;CinturaCascoUtilizzato;Airbag;
4119161;9;03/12/2018 18:45:00;Strada Urbana;VIA PRENESTINA;in prossimità;;del civico n.;940/6;;Tamponamento;Rettilineo;Una carreggiata a doppio senso;Asciutto;Asfaltata;Verticale ed orizzontale;Nuvoloso;Normale;Sufficiente;Sufficiente;0;0;0;3;12.5974;41.8933;-1;2;Autovettura di polizia;In marcia / fermata / arresto;Passeggero;F;Illeso;0;;Non accertato;Inesploso
4119163;13;03/12/2018 14:30:00;Strada Urbana;VIA DELLE GONDOLE;in prossimità;;del civico n.;41;;Veicolo in marcia contro veicolo in sosta;Rettilineo;Una carreggiata a senso unico di marcia;Asciutto;Asfaltata;Verticale ed orizzontale;Sereno;Scarso;Buona;Ore Diurne;0;0;0;2;12.2781;41.7348;-1;1;Autovettura privata;Sosta;;;;;;;
4119163;13;03/12/2018 14:30:00;Strada Urbana;VIA DELLE GONDOLE;in prossimità;;del civico n.;41;;Veicolo in marcia contro veicolo in sosta;Rettilineo;Una carreggiata a senso unico di marcia;Asciutto;Asfaltata;Verticale ed orizzontale;Sereno;Scarso;Buona;Ore Diurne;0;0;0;2;12.2781;41.7348;-1;2;Autovettura privata;In marcia / fermata / arresto;Conducente;M;Illeso;0;;Non accertato;Inesploso
4119163;13;03/12/2018 14:30:00;Strada Urbana;VIA DELLE GONDOLE;in prossimità;;del civico n.;41;;Veicolo in marcia contro veicolo in sosta;Rettilineo;Una carreggiata a senso unico di marcia;Asciutto;Asfaltata;Verticale ed orizzontale;Sereno;Scarso;Buona;Ore Diurne;0;0;0;2;12.2781;41.7348;-1;2;Autovettura privata;In marcia / fermata / arresto;Passeggero;F;Illeso;0;;Non accertato;Inesploso
4119164;1;01/12/2018 09:40:00;Strada Urbana;PIAZZA VITTORIO EMANUELE II;in corrispondenza;;del civico n.;40;;Veicolo in marcia contro ostacolo accidentale;Rettilineo;Due carreggiate;Asciutto;Asfaltata;Verticale ed orizzontale;Sereno;Normale;Buona;Ore Diurne;0;0;0;1;12.505;41.8952;-1;1;Motociclo a solo;In marcia / fermata / arresto;Conducente;F;Illeso;0;;Non accertato;
4119164;1;01/12/2018 09:40:00;Strada Urbana;PIAZZA VITTORIO EMANUELE II;in corrispondenza;;del civico n.;40;;Veicolo in marcia contro ostacolo accidentale;Rettilineo;Due carreggiate;Asciutto;Asfaltata;Verticale ed orizzontale;Sereno;Normale;Buona;Ore Diurne;0;0;0;1;12.505;41.8952;-1;2;Motociclo a solo;Sosta;;;;;;;
4119165;7;03/12/2018 19:10:00;Strada Urbana;VIA CASILINA;da specificare;;;;pross. civ. 760 (direz. GRA);Tamponamento;Rettilineo;Due carreggiate;Bagnato (pioggia);Asfaltata;Orizzontale;Pioggia in atto;Normale;Buona;Sufficiente;1;0;0;1;12.6194;41.8629;-1;1;Autovettura privata;In marcia / fermata / arresto;Conducente;M;Illeso;0;;Non accertato;Inesploso
4119165;7;03/12/2018 19:10:00;Strada Urbana;VIA CASILINA;da specificare;;;;pross. civ. 760 (direz. GRA);Tamponamento;Rettilineo;Due carreggiate;Bagnato (pioggia);Asfaltata;Orizzontale;Pioggia in atto;Normale;Buona;Sufficiente;1;0;0;1;12.6194;41.8629;-1;2;Velocipede;In marcia / fermata / arresto;Conducente;M;Rimandato;0;NON DECEDUTO;Esente;
4119169;13;03/12/2018 15:30:00;Strada Urbana;VIA SUOR CESARINA D'ANGELO;all'intersezione con;VIA DI PONTE LADRONE;VIA DI PONTE LADRONE;;;Scontro laterale fra veicoli in marcia;Incrocio;Una carreggiata a doppio senso;Bagnato (pioggia);Asfaltata;Verticale;Sereno;Scarso;Buona;Ore Diurne;1;0;0;1;12.3816;41.7837;-1;1;Autocarro inferiore 35 q.;In marcia / fermata / arresto;Conducente;M;Illeso;0;;;
4119169;13;03/12/2018 15:30:00;Strada Urbana;VIA SUOR CESARINA D'ANGELO;all'intersezione con;VIA DI PONTE LADRONE;VIA DI PONTE LADRONE;;;Scontro laterale fra veicoli in marcia;Incrocio;Una carreggiata a doppio senso;Bagnato (pioggia);Asfaltata;Verticale;Sereno;Scarso;Buona;Ore Diurne;1;0;0;1;12.3816;41.7837;-1;2;Autovettura privata;In marcia / fermata / arresto;Conducente;M;Rimandato;0;NON DECEDUTO;;
4119171;10;03/12/2018 17:15:00;Strada Urbana;PIAZZA S. GIOVANNI BOSCO;all'intersezione con;VIALE S. GIOVANNI BOSCO;VIALE S. GIOVANNI BOSCO;;;Scontro laterale fra veicoli in marcia;Rotatoria;Una carreggiata a senso unico di marcia;Asciutto;Asfaltata;Verticale ed orizzontale;Nuvoloso;Normale;Buona;Insufficiente;0;0;0;3;12.5634;41.8596;-1;1;Autovettura privata;In marcia / fermata / arresto;Conducente;M;Illeso;0;;Non accertato;Inesploso
4119171;10;03/12/2018 17:15:00;Strada Urbana;PIAZZA S. GIOVANNI BOSCO;all'intersezione con;VIALE S. GIOVANNI BOSCO;VIALE S. GIOVANNI BOSCO;;;Scontro laterale fra veicoli in marcia;Rotatoria;Una carreggiata a senso unico di marcia;Asciutto;Asfaltata;Verticale ed orizzontale;Nuvoloso;Normale;Buona;Insufficiente;0;0;0;3;12.5634;41.8596;-1;1;Autovettura privata;In marcia / fermata / arresto;Passeggero;M;Illeso;0;;Non accertato;Inesploso
4119171;10;03/12/2018 17:15:00;Strada Urbana;PIAZZA S. GIOVANNI BOSCO;all'intersezione con;VIALE S. GIOVANNI BOSCO;VIALE S. GIOVANNI BOSCO;;;Scontro laterale fra veicoli in marcia;Rotatoria;Una carreggiata a senso unico di marcia;Asciutto;Asfaltata;Verticale ed orizzontale;Nuvoloso;Normale;Buona;Insufficiente;0;0;0;3;12.5634;41.8596;-1;2;Autovettura privata;In marcia / fermata / arresto;Conducente;M;Illeso;0;;Non accertato;Inesploso
4119172;9;04/12/2018 00:45:00;;PIAZZALE APPIO;da specificare;;;;fronte civico 1A;Veicolo in marcia contro ostacolo fisso;;;;;;;;;;1;0;0;0;12.5095;41.8855;0;1;Autovettura privata;In marcia / fermata / arresto;Conducente;M;Rimandato;0;NON DECEDUTO;Non accertato;Inesploso
4119173;13;03/12/2018 18:40:00;Strada Urbana;VIA DELLE BALENIERE;in corrispondenza;;del civico n.;153;;Veicolo in marcia contro veicolo arresto;Rettilineo;Una carreggiata a doppio senso;Asciutto;Asfaltata;Verticale ed orizzontale;Nuvoloso;Normale;Buona;Sufficiente;0;0;0;3;12.2797;41.7388;-1;1;Autovettura privata;In marcia / fermata / arresto;Conducente;M;Illeso;0;;Non accertato;Inesploso
4119173;13;03/12/2018 18:40:00;Strada Urbana;VIA DELLE BALENIERE;in corrispondenza;;del civico n.;153;;Veicolo in marcia contro veicolo arresto;Rettilineo;Una carreggiata a doppio senso;Asciutto;Asfaltata;Verticale ed orizzontale;Nuvoloso;Normale;Buona;Sufficiente;0;0;0;3;12.2797;41.7388;-1;1;Autovettura privata;In marcia / fermata / arresto;Passeggero;M;Illeso;0;;Non accertato;Inesploso
4119173;13;03/12/2018 18:40:00;Strada Urbana;VIA DELLE BALENIERE;in corrispondenza;;del civico n.;153;;Veicolo in marcia contro veicolo arresto;Rettilineo;Una carreggiata a doppio senso;Asciutto;Asfaltata;Verticale ed orizzontale;Nuvoloso;Normale;Buona;Sufficiente;0;0;0;3;12.2797;41.7388;-1;2;Autovettura privata;In marcia / fermata / arresto;Conducente;F;Illeso;0;;Non accertato;Inesploso
4119180;5;03/12/2018 23:00:00;Strada Urbana;VIA TIBURTINA;da specificare;;;;in prossimità di VIA DI PORTONACCIO;Scontro laterale fra veicoli in marcia;Cavalcavia;Una carreggiata a doppio senso;Asciutto;Asfaltata;Verticale ed orizzontale;Sereno;Scarso;Sufficiente;Sufficiente;1;0;0;1;12.5342;41.9081;-1;1;Autovettura privata;In marcia / fermata / arresto;Conducente;M;Illeso;0;;Non accertato;Esploso
4119180;5;03/12/2018 23:00:00;Strada Urbana;VIA TIBURTINA;da specificare;;;;in prossimità di VIA DI PORTONACCIO;Scontro laterale fra veicoli in marcia;Cavalcavia;Una carreggiata a doppio senso;Asciutto;Asfaltata;Verticale ed orizzontale;Sereno;Scarso;Sufficiente;Sufficiente;1;0;0;1;12.5342;41.9081;-1;2;Autovettura privata;In marcia / fermata / arresto;Conducente;M;Rimandato;0;NON DECEDUTO;Non accertato;Esploso
4119184;5;01/12/2018 06:10:00;Strada Urbana;VIA DEL CASALE DI S. BASILIO;all'intersezione con;VIA TINO BUAZZELLI;VIA TINO BUAZZELLI;;;Scontro frontale/laterale SX fra veicoli in marcia;Incrocio;Una carreggiata a doppio senso;Bagnato (pioggia);Asfaltata;Orizzontale;Nuvoloso;Scarso;Buona;Sufficiente;1;0;0;1;12.5689;41.9445;-1;1;Motociclo a solo;In marcia / fermata / arresto;Conducente;M;Rimandato;0;NON DECEDUTO;Non accertato;
4119184;5;01/12/2018 06:10:00;Strada Urbana;VIA DEL CASALE DI S. BASILIO;all'intersezione con;VIA TINO BUAZZELLI;VIA TINO BUAZZELLI;;;Scontro frontale/laterale SX fra veicoli in marcia;Incrocio;Una carreggiata a doppio senso;Bagnato (pioggia);Asfaltata;Orizzontale;Nuvoloso;Scarso;Buona;Sufficiente;1;0;0;1;12.5689;41.9445;-1;2;Autovettura privata;In marcia / fermata / arresto;Conducente;M;Illeso;0;;Non accertato;
4119192;5;01/12/2018 09:30:00;Strada Urbana;VIA MONTECASSIANO;in prossimità;;del civico n.;175;;Veicolo in marcia contro veicolo in sosta;Rettilineo;Una carreggiata a doppio senso;Asciutto;Asfaltata;Assente;Sereno;Scarso;Buona;Ore Diurne;0;0;0;1;12.5711;41.9434;-1;1;Autovettura privata;Sosta;;;;;;;
4119192;5;01/12/2018 09:30:00;Strada Urbana;VIA MONTECASSIANO;in prossimità;;del civico n.;175;;Veicolo in marcia contro veicolo in sosta;Rettilineo;Una carreggiata a doppio senso;Asciutto;Asfaltata;Assente;Sereno;Scarso;Buona;Ore Diurne;0;0;0;1;12.5711;41.9434;-1;2;Autovettura privata;In marcia / fermata / arresto;Conducente;F;Illeso;0;;Non accertato;Inesploso
4119193;6;04/12/2018 00:02:00;Strada Urbana;VIA NICOLO' PICCININO;in prossimità;;del civico n.;2;;Veicolo in marcia contro veicoli in sosta;Rettilineo;Una carreggiata a senso unico di marcia;Bagnato (umidità in atto);Asfaltata;Verticale;Sereno;Scarso;Sufficiente;Sufficiente;0;0;0;1;12.5321;41.8884;-1;1;Autovettura privata;In marcia / fermata / arresto;Conducente;M;Illeso;0;;;
4119193;6;04/12/2018 00:02:00;Strada Urbana;VIA NICOLO' PICCININO;in prossimità;;del civico n.;2;;Veicolo in marcia contro veicoli in sosta;Rettilineo;Una carreggiata a senso unico di marcia;Bagnato (umidità in atto);Asfaltata;Verticale;Sereno;Scarso;Sufficiente;Sufficiente;0;0;0;1;12.5321;41.8884;-1;2;Motociclo a solo;Sosta;;;;;;;
4119193;6;04/12/2018 00:02:00;Strada Urbana;VIA NICOLO' PICCININO;in prossimità;;del civico n.;2;;Veicolo in marcia contro veicoli in sosta;Rettilineo;Una carreggiata a senso unico di marcia;Bagnato (umidità in atto);Asfaltata;Verticale;Sereno;Scarso;Sufficiente;Sufficiente;0;0;0;1;12.5321;41.8884;-1;3;Autovettura privata;Sosta;;;;;;;
4119195;5;04/12/2018 06:50:00;Strada Urbana;VIA DEL CASALE DI S. BASILIO;in prossimità;;del civico n.;210;;Investimento di pedone;Rettilineo;Una carreggiata a doppio senso;Bagnato (pioggia);Asfaltata;Orizzontale;Nuvoloso;Normale;Buona;Ore Diurne;1;0;0;1;12.5814;41.9367;-1;;;;Pedone;F;Rimandato;0;NON DECEDUTO;;
4119195;5;04/12/2018 06:50:00;Strada Urbana;VIA DEL CASALE DI S. BASILIO;in prossimità;;del civico n.;210;;Investimento di pedone;Rettilineo;Una carreggiata a doppio senso;Bagnato (pioggia);Asfaltata;Orizzontale;Nuvoloso;Normale;Buona;Ore Diurne;1;0;0;1;12.5814;41.9367;-1;1;Autovettura privata;In marcia / fermata / arresto;Conducente;F;Illeso;0;;Non accertato;Inesploso
4119202;5;01/12/2018 15:20:00;Strada Urbana;VIA GIOIA DEI MARSI;all'intersezione con;VIA MONTERODUNI;VIA MONTERODUNI;;;Scontro frontale/laterale SX fra veicoli in marcia;Incrocio;Una carreggiata a doppio senso;Asciutto;Asfaltata;Assente;Sereno;Scarso;Buona;Ore Diurne;0;0;0;2;12.641;41.929;-1;1;Autovettura privata;In marcia / fermata / arresto;Conducente;M;Illeso;0;;Non accertato;
4119202;5;01/12/2018 15:20:00;Strada Urbana;VIA GIOIA DEI MARSI;all'intersezione con;VIA MONTERODUNI;VIA MONTERODUNI;;;Scontro frontale/laterale SX fra veicoli in marcia;Incrocio;Una carreggiata a doppio senso;Asciutto;Asfaltata;Assente;Sereno;Scarso;Buona;Ore Diurne;0;0;0;2;12.641;41.929;-1;2;Autocarro inferiore 35 q.;In marcia / fermata / arresto;Conducente;M;Illeso;0;;Non accertato;
4119207;5;01/12/2018 15:20:00;Strada Urbana;VIA TIBURTINA;da specificare;;;;in prossimità di Via Farindola;Tamponamento Multiplo;Rettilineo;Una carreggiata a doppio senso;Asciutto;Asfaltata;Temporanea di cantiere;Sereno;Intenso;Buona;Ore Diurne;1;0;0;3;12.6335;41.9406;-1;1;Autovettura privata;In marcia / fermata / arresto;Conducente;M;Illeso;0;;Non accertato;
4119207;5;01/12/2018 15:20:00;Strada Urbana;VIA TIBURTINA;da specificare;;;;in prossimità di Via Farindola;Tamponamento Multiplo;Rettilineo;Una carreggiata a doppio senso;Asciutto;Asfaltata;Temporanea di cantiere;Sereno;Intenso;Buona;Ore Diurne;1;0;0;3;12.6335;41.9406;-1;1;Autovettura privata;In marcia / fermata / arresto;Passeggero;F;Rimandato;0;NON DECEDUTO;Non accertato;
4119207;5;01/12/2018 15:20:00;Strada Urbana;VIA TIBURTINA;da specificare;;;;in prossimità di Via Farindola;Tamponamento Multiplo;Rettilineo;Una carreggiata a doppio senso;Asciutto;Asfaltata;Temporanea di cantiere;Sereno;Intenso;Buona;Ore Diurne;1;0;0;3;12.6335;41.9406;-1;2;Autovettura privata;In marcia / fermata / arresto;Conducente;M;Illeso;0;;Non accertato;
4119207;5;01/12/2018 15:20:00;Strada Urbana;VIA TIBURTINA;da specificare;;;;in prossimità di Via Farindola;Tamponamento Multiplo;Rettilineo;Una carreggiata a doppio senso;Asciutto;Asfaltata;Temporanea di cantiere;Sereno;Intenso;Buona;Ore Diurne;1;0;0;3;12.6335;41.9406;-1;3;Autovettura privata;In marcia / fermata / arresto;Conducente;F;Illeso;0;;Non accertato;
4119208;18;01/12/2018 06:45:00;Strada Urbana;VIA DEL CASALE DI S. PIO V;in prossimità;;del civico n.;10;;Veicolo in marcia contro ostacolo accidentale;Rettilineo;Una carreggiata a doppio senso;Asciutto;Asfaltata;Assente;Sereno;Scarso;Buona;Ore Diurne;0;0;0;1;12.4345;41.8907;-1;1;Motociclo a solo;In marcia / fermata / arresto;Conducente;M;Illeso;0;;;
4119213;20;04/12/2018 04:35:00;Strada Urbana;VIA PASQUALE II;da specificare;;;;fronte civico 49;Veicolo in marcia contro veicolo in sosta;Rettilineo;Una carreggiata a doppio senso;Bagnato (umidità in atto);Asfaltata;Verticale;Sereno;Scarso;Sufficiente;Sufficiente;1;0;0;0;12.4098;41.9104;-1;1;Autovettura privata;In marcia / fermata / arresto;Conducente;M;Rimandato;0;NON DECEDUTO;Non accertato;
4119213;20;04/12/2018 04:35:00;Strada Urbana;VIA PASQUALE II;da specificare;;;;fronte civico 49;Veicolo in marcia contro veicolo in sosta;Rettilineo;Una carreggiata a doppio senso;Bagnato (umidità in atto);Asfaltata;Verticale;Sereno;Scarso;Sufficiente;Sufficiente;1;0;0;0;12.4098;41.9104;-1;2;Autovettura privata;Sosta;;;;;;;
4119215;5;01/12/2018 18:00:00;Strada Urbana;VIA TIBURTINA;da specificare;;;;in prossimita' del civico 1431 (paolo acea 836);Tamponamento Multiplo;Rettilineo;Due carreggiate;Asciutto;Asfaltata;Verticale ed orizzontale;Sereno;Normale;Buona;Sufficiente;2;0;0;3;12.6278;41.9388;-1;1;Autovettura privata;In marcia / fermata / arresto;Conducente;M;Illeso;0;;Non accertato;
4119215;5;01/12/2018 18:00:00;Strada Urbana;VIA TIBURTINA;da specificare;;;;in prossimita' del civico 1431 (paolo acea 836);Tamponamento Multiplo;Rettilineo;Due carreggiate;Asciutto;Asfaltata;Verticale ed orizzontale;Sereno;Normale;Buona;Sufficiente;2;0;0;3;12.6278;41.9388;-1;1;Autovettura privata;In marcia / fermata / arresto;Passeggero;F;Illeso;0;;Non accertato;
4119215;5;01/12/2018 18:00:00;Strada Urbana;VIA TIBURTINA;da specificare;;;;in prossimita' del civico 1431 (paolo acea 836);Tamponamento Multiplo;Rettilineo;Due carreggiate;Asciutto;Asfaltata;Verticale ed orizzontale;Sereno;Normale;Buona;Sufficiente;2;0;0;3;12.6278;41.9388;-1;2;Autovettura privata;In marcia / fermata / arresto;Conducente;F;Rimandato;0;NON DECEDUTO;Non accertato;
4119215;5;01/12/2018 18:00:00;Strada Urbana;VIA TIBURTINA;da specificare;;;;in prossimita' del civico 1431 (paolo acea 836);Tamponamento Multiplo;Rettilineo;Due carreggiate;Asciutto;Asfaltata;Verticale ed orizzontale;Sereno;Normale;Buona;Sufficiente;2;0;0;3;12.6278;41.9388;-1;3;Autovettura privata;In marcia / fermata / arresto;Conducente;M;Rimandato;0;NON DECEDUTO;Non accertato;
4119215;5;01/12/2018 18:00:00;Strada Urbana;VIA TIBURTINA;da specificare;;;;in prossimita' del civico 1431 (paolo acea 836);Tamponamento Multiplo;Rettilineo;Due carreggiate;Asciutto;Asfaltata;Verticale ed orizzontale;Sereno;Normale;Buona;Sufficiente;2;0;0;3;12.6278;41.9388;-1;3;Autovettura privata;In marcia / fermata / arresto;Passeggero;M;Illeso;0;;Non accertato;
4119216;10;02/12/2018 17:55:00;Strada Urbana;VIA SCRIBONIO CURIONE;all'intersezione con;VIA DI CENTOCELLE;VIA DI CENTOCELLE;;;Scontro laterale fra veicoli in marcia;Intersezione semaforizzata;Due carreggiate;Asciutto;Asfaltata;Verticale ed orizzontale;Sereno;Normale;Buona;Sufficiente;0;0;0;4;12.555;41.8652;-1;1;Autovettura privata;In marcia / fermata / arresto;Conducente;M;Illeso;0;;Non accertato;Inesploso
4119216;10;02/12/2018 17:55:00;Strada Urbana;VIA SCRIBONIO CURIONE;all'intersezione con;VIA DI CENTOCELLE;VIA DI CENTOCELLE;;;Scontro laterale fra veicoli in marcia;Intersezione semaforizzata;Due carreggiate;Asciutto;Asfaltata;Verticale ed orizzontale;Sereno;Normale;Buona;Sufficiente;0;0;0;4;12.555;41.8652;-1;1;Autovettura privata;In marcia / fermata / arresto;Passeggero;F;Illeso;0;;Non accertato;Inesploso
4119216;10;02/12/2018 17:55:00;Strada Urbana;VIA SCRIBONIO CURIONE;all'intersezione con;VIA DI CENTOCELLE;VIA DI CENTOCELLE;;;Scontro laterale fra veicoli in marcia;Intersezione semaforizzata;Due carreggiate;Asciutto;Asfaltata;Verticale ed orizzontale;Sereno;Normale;Buona;Sufficiente;0;0;0;4;12.555;41.8652;-1;1;Autovettura privata;In marcia / fermata / arresto;Passeggero;F;Illeso;0;;Non accertato;Inesploso
4119216;10;02/12/2018 17:55:00;Strada Urbana;VIA SCRIBONIO CURIONE;all'intersezione con;VIA DI CENTOCELLE;VIA DI CENTOCELLE;;;Scontro laterale fra veicoli in marcia;Intersezione semaforizzata;Due carreggiate;Asciutto;Asfaltata;Verticale ed orizzontale;Sereno;Normale;Buona;Sufficiente;0;0;0;4;12.555;41.8652;-1;2;Autovettura privata;In marcia / fermata / arresto;Conducente;M;Illeso;0;;Non accertato;Inesploso
4119217;8;03/12/2018 23:30:00;Strada Urbana;VIA PIETRO ROMANO;all'intersezione con;VIALE DEI ROMANISTI;VIALE DEI ROMANISTI;;;Veicolo in marcia contro ostacolo fisso;Incrocio;Una carreggiata a doppio senso;Bagnato (pioggia);Asfaltata;Verticale ed orizzontale;Pioggia in atto;Scarso;Buona;Sufficiente;0;0;0;1;12.5769;41.87;-1;1;Autovettura privata;In marcia / fermata / arresto;Conducente;M;Illeso;0;;;
4119220;5;03/12/2018 07:30:00;Comunale extraurbana;RACCORDO A 24;da specificare;;;;tra A24 e CAR;Scontro laterale fra veicoli in marcia;Curva a visuale libera;Due carreggiate;Bagnato (pioggia);Asfaltata;Verticale ed orizzontale;Pioggia in atto;Normale;Buona;Ore Diurne;0;0;0;1;12.6527;41.9296;-1;1;Autovettura privata;In marcia / fermata / arresto;Conducente;M;Illeso;0;;Non accertato;Inesploso
4119220;5;03/12/2018 07:30:00;Comunale extraurbana;RACCORDO A 24;da specificare;;;;tra A24 e CAR;Scontro laterale fra veicoli in marcia;Curva a visuale libera;Due carreggiate;Bagnato (pioggia);Asfaltata;Verticale ed orizzontale;Pioggia in atto;Normale;Buona;Ore Diurne;0;0;0;1;12.6527;41.9296;-1;2;Autovettura privata;Allontanatosi;;;;;;;
4119229;8;03/12/2018 14:10:00;Strada Urbana;VIA CORATO;in prossimità;;del civico n.;18;;Veicolo in marcia contro ostacolo accidentale;Rettilineo;Una carreggiata a doppio senso;Bagnato (umidità in atto);Con buche;Verticale ed orizzontale;Nuvoloso;Scarso;Sufficiente;Ore Diurne;0;0;0;2;12.6639;41.8885;-1;1;Autovettura privata;In marcia / fermata / arresto;Conducente;F;Illeso;0;;Non accertato;Inesploso
4119229;8;03/12/2018 14:10:00;Strada Urbana;VIA CORATO;in prossimità;;del civico n.;18;;Veicolo in marcia contro ostacolo accidentale;Rettilineo;Una carreggiata a doppio senso;Bagnato (umidità in atto);Con buche;Verticale ed orizzontale;Nuvoloso;Scarso;Sufficiente;Ore Diurne;0;0;0;2;12.6639;41.8885;-1;1;Autovettura privata;In marcia / fermata / arresto;Passeggero;F;Illeso;0;;;Inesploso
4119231;4;03/12/2018 17:20:00;Strada Urbana;VIA VAL CHISONE;all'intersezione con;VIA VAL DI FIEMME;VIA VAL DI FIEMME;;;Scontro laterale fra veicoli in marcia;Intersezione non regolata/non segnalata;Una carreggiata a doppio senso;Asciutto;Asfaltata;Verticale ed orizzontale;Nuvoloso;Normale;Buona;Sufficiente;1;0;0;2;12.5278;41.9334;-1;1;Autovettura privata;In marcia / fermata / arresto;Conducente;M;Illeso;0;;Non accertato;
4119231;4;03/12/2018 17:20:00;Strada Urbana;VIA VAL CHISONE;all'intersezione con;VIA VAL DI FIEMME;VIA VAL DI FIEMME;;;Scontro laterale fra veicoli in marcia;Intersezione non regolata/non segnalata;Una carreggiata a doppio senso;Asciutto;Asfaltata;Verticale ed orizzontale;Nuvoloso;Normale;Buona;Sufficiente;1;0;0;2;12.5278;41.9334;-1;1;Autovettura privata;In marcia / fermata / arresto;Passeggero;F;Illeso;0;;Non accertato;
4119231;4;03/12/2018 17:20:00;Strada Urbana;VIA VAL CHISONE;all'intersezione con;VIA VAL DI FIEMME;VIA VAL DI FIEMME;;;Scontro laterale fra veicoli in marcia;Intersezione non regolata/non segnalata;Una carreggiata a doppio senso;Asciutto;Asfaltata;Verticale ed orizzontale;Nuvoloso;Normale;Buona;Sufficiente;1;0;0;2;12.5278;41.9334;-1;2;Motociclo a solo;In marcia / fermata / arresto;Conducente;M;Ricoverato;0;NON DECEDUTO;Non accertato;
4119233;5;02/12/2018 02:10:00;Strada Urbana;VIA CASTELRAIMONDO;all'intersezione con;VIA MARCHESA DI BAROLO;VIA MARCHESA DI BAROLO;;;Scontro frontale fra veicoli in marcia;Incrocio;Una carreggiata a doppio senso;Asciutto;Asfaltata;Assente;Sereno;Scarso;Buona;Sufficiente;0;0;0;2;12.5771;41.9387;-1;1;Autovettura privata;In marcia / fermata / arresto;Conducente;F;Illeso;0;;Non accertato;
4119233;5;02/12/2018 02:10:00;Strada Urbana;VIA CASTELRAIMONDO;all'intersezione con;VIA MARCHESA DI BAROLO;VIA MARCHESA DI BAROLO;;;Scontro frontale fra veicoli in marcia;Incrocio;Una carreggiata a doppio senso;Asciutto;Asfaltata;Assente;Sereno;Scarso;Buona;Sufficiente;0;0;0;2;12.5771;41.9387;-1;2;Autovettura privata;In marcia / fermata / arresto;Conducente;M;Illeso;0;;Non accertato;
4119234;5;03/12/2018 07:55:00;Strada Urbana;VIA NINO TAMASSIA;all'intersezione con;VIA ROSARIO NICOLO';VIA ROSARIO NICOLO';;;Scontro frontale/laterale DX fra veicoli in marcia;Incrocio;Due carreggiate;Bagnato (pioggia);Asfaltata;Verticale ed orizzontale;Pioggia in atto;Normale;Buona;Ore Diurne;0;0;0;3;12.5868;41.9447;-1;1;Autovettura privata;In marcia / fermata / arresto;Conducente;F;Illeso;0;;Non accertato;Inesploso
4119234;5;03/12/2018 07:55:00;Strada Urbana;VIA NINO TAMASSIA;all'intersezione con;VIA ROSARIO NICOLO';VIA ROSARIO NICOLO';;;Scontro frontale/laterale DX fra veicoli in marcia;Incrocio;Due carreggiate;Bagnato (pioggia);Asfaltata;Verticale ed orizzontale;Pioggia in atto;Normale;Buona;Ore Diurne;0;0;0;3;12.5868;41.9447;-1;1;Autovettura privata;In marcia / fermata / arresto;Passeggero;M;Illeso;0;;Non accertato;Inesploso
4119234;5;03/12/2018 07:55:00;Strada Urbana;VIA NINO TAMASSIA;all'intersezione con;VIA ROSARIO NICOLO';VIA ROSARIO NICOLO';;;Scontro frontale/laterale DX fra veicoli in marcia;Incrocio;Due carreggiate;Bagnato (pioggia);Asfaltata;Verticale ed orizzontale;Pioggia in atto;Normale;Buona;Ore Diurne;0;0;0;3;12.5868;41.9447;-1;2;Autovettura privata;Allontanatosi;;;;;;;
4119238;8;03/12/2018 20:00:00;Statale entro l'abitato;VIA CASILINA;in corrispondenza;;del civico n.;1384;;Investimento di pedone;Rettilineo;Una carreggiata a doppio senso;Asciutto;Asfaltata;Verticale ed orizzontale;Nuvoloso;Normale;Sufficiente;Sufficiente;1;0;0;2;12.6176;41.863;-1;;;;Pedone;F;Rimandato;0;NON DECEDUTO;;
4119238;8;03/12/2018 20:00:00;Statale entro l'abitato;VIA CASILINA;in corrispondenza;;del civico n.;1384;;Investimento di pedone;Rettilineo;Una carreggiata a doppio senso;Asciutto;Asfaltata;Verticale ed orizzontale;Nuvoloso;Normale;Sufficiente;Sufficiente;1;0;0;2;12.6176;41.863;-1;1;Autovettura privata;In marcia / fermata / arresto;Conducente;M;Illeso;0;;;
4119238;8;03/12/2018 20:00:00;Statale entro l'abitato;VIA CASILINA;in corrispondenza;;del civico n.;1384;;Investimento di pedone;Rettilineo;Una carreggiata a doppio senso;Asciutto;Asfaltata;Verticale ed orizzontale;Nuvoloso;Normale;Sufficiente;Sufficiente;1;0;0;2;12.6176;41.863;-1;1;Autovettura privata;In marcia / fermata / arresto;Passeggero;M;Illeso;0;;;