Protocollo;Gruppo;DataOraIncidente;Localizzazione1;STRADA1;Localizzazione2;STRADA2;Strada02;Chilometrica;DaSpecificare;NaturaIncidente;particolaritastrade;TipoStrada;FondoStradale;Pavimentazione;Segnaletica;CondizioneAtmosferica;Traffico;Visibilita;Illuminazione;NUM_FERITI;NUM_RISERVATA;NUM_MORTI;NUM_ILLESI;Longitudine;Latitudine;Confermato;Progressivo;TipoVeicolo;StatoVeicolo;TipoPersona;Sesso;Tipolesione;Deceduto;DecedutoDopo;CinturaCascoUtilizzato;Airbag;
4119429;7;04/12/2018 08:30:00;Strada Urbana;VIA PRENESTINA;in prossimità;;del civico n.;1053;;Scontro laterale fra veicoli in marcia;Rettilineo;Una carreggiata a doppio senso;Asciutto;Asfaltata;Orizzontale;Sereno;Normale;Buona;Ore Diurne;0;0;0;2;12.6091;41.8937;-1;1;Autovettura privata;In marcia / fermata / arresto;Conducente;M;Illeso;0;;Non accertato;Inesploso
4119429;7;04/12/2018 08:30:00;Strada Urbana;VIA PRENESTINA;in prossimità;;del civico n.;1053;;Scontro laterale fra veicoli in marcia;Rettilineo;Una carreggiata a doppio senso;Asciutto;Asfaltata;Orizzontale;Sereno;Normale;Buona;Ore Diurne;0;0;0;2;12.6091;41.8937;-1;2;Autovettura privata;In marcia / fermata / arresto;Conducente;F;Illeso;0;;Non accertato;Inesploso
4119442;20;03/12/2018 19:30:00;Strada Urbana;VIA DELLA STAZIONE DI CESANO;all'intersezione con;VIA DELLA FONTANA SECCA;VIA DELLA FONTANA SECCA;;;Scontro frontale fra veicoli in marcia;Incrocio;Due carreggiate;Bagnato (umidità in atto);Asfaltata;Verticale ed orizzontale;Sereno;Normale;Buona;Sufficiente;0;0;0;2;12.3247;42.0607;-1;1;Autovettura privata;In marcia / fermata / arresto;Conducente;F;Illeso;0;;Non accertato;
4119442;20;03/12/2018 19:30:00;Strada Urbana;VIA DELLA STAZIONE DI CESANO;all'intersezione con;VIA DELLA FONTANA SECCA;VIA DELLA FONTANA SECCA;;;Scontro frontale fra veicoli in marcia;Incrocio;Due carreggiate;Bagnato (umidità in atto);Asfaltata;Verticale ed orizzontale;Sereno;Normale;Buona;Sufficiente;0;0;0;2;12.3247;42.0607;-1;2;Autovettura privata;In marcia / fermata / arresto;Conducente;M;Illeso;0;;;
4119444;20;03/12/2018 20:25:00;Strada Urbana;VIA DI VALLE MURICANA;all'intersezione con;VIA PIANELLO DEL LARIO;VIA PIANELLO DEL LARIO;;;Scontro laterale fra veicoli in marcia;Incrocio;Una carreggiata a doppio senso;Bagnato (umidità in atto);Asfaltata;Verticale ed orizzontale;Sereno;Scarso;Buona;Sufficiente;0;0;0;5;12.4643;42.0425;-1;1;Autovettura privata;In marcia / fermata / arresto;Conducente;M;Illeso;0;;Non accertato;
4119444;20;03/12/2018 20:25:00;Strada Urbana;VIA DI VALLE MURICANA;all'intersezione con;VIA PIANELLO DEL LARIO;VIA PIANELLO DEL LARIO;;;Scontro laterale fra veicoli in marcia;Incrocio;Una carreggiata a doppio senso;Bagnato (umidità in atto);Asfaltata;Verticale ed orizzontale;Sereno;Scarso;Buona;Sufficiente;0;0;0;5;12.4643;42.0425;-1;1;Autovettura privata;In marcia / fermata / arresto;Passeggero;M;Illeso;0;;Non accertato;
4119444;20;03/12/2018 20:25:00;Strada Urbana;VIA DI VALLE MURICANA;all'intersezione con;VIA PIANELLO DEL LARIO;VIA PIANELLO DEL LARIO;;;Scontro laterale fra veicoli in marcia;Incrocio;Una carreggiata a doppio senso;Bagnato (umidità in atto);Asfaltata;Verticale ed orizzontale;Sereno;Scarso;Buona;Sufficiente;0;0;0;5;12.4643;42.0425;-1;1;Autovettura privata;In marcia / fermata / arresto;Passeggero;M;Illeso;0;;Non accertato;
4119444;20;03/12/2018 20:25:00;Strada Urbana;VIA DI VALLE MURICANA;all'intersezione con;VIA PIANELLO DEL LARIO;VIA PIANELLO DEL LARIO;;;Scontro laterale fra veicoli in marcia;Incrocio;Una carreggiata a doppio senso;Bagnato (umidità in atto);Asfaltata;Verticale ed orizzontale;Sereno;Scarso;Buona;Sufficiente;0;0;0;5;12.4643;42.0425;-1;2;Autovettura privata;In marcia / fermata / arresto;Conducente;M;Illeso;0;;Non accertato;
4119444;20;03/12/2018 20:25:00;Strada Urbana;VIA DI VALLE MURICANA;all'intersezione con;VIA PIANELLO DEL LARIO;VIA PIANELLO DEL LARIO;;;Scontro laterale fra veicoli in marcia;Incrocio;Una carreggiata a doppio senso;Bagnato (umidità in atto);Asfaltata;Verticale ed orizzontale;Sereno;Scarso;Buona;Sufficiente;0;0;0;5;12.4643;42.0425;-1;2;Autovettura privata;In marcia / fermata / arresto;Passeggero;F;Illeso;0;;Non accertato;
4119448;4;03/12/2018 18:50:00;Strada Urbana;VIA RENATO FUCINI;in corrispondenza;;del civico n.;238;;Scontro laterale fra veicoli in marcia;Rettilineo;Due carreggiate;Bagnato (umidità in atto);Asfaltata;Assente;Nuvoloso;Normale;Buona;Sufficiente;2;0;0;0;12.5503;41.9484;-1;1;Motociclo a solo;In marcia / fermata / arresto;Conducente;M;Rifiuta cure immediate;0;NON DECEDUTO;Non accertato;
4119448;4;03/12/2018 18:50:00;Strada Urbana;VIA RENATO FUCINI;in corrispondenza;;del civico n.;238;;Scontro laterale fra veicoli in marcia;Rettilineo;Due carreggiate;Bagnato (umidità in atto);Asfaltata;Assente;Nuvoloso;Normale;Buona;Sufficiente;2;0;0;0;12.5503;41.9484;-1;2;Motociclo a solo;In marcia / fermata / arresto;Conducente;M;Rimandato;0;NON DECEDUTO;;
4119456;5;03/12/2018 17:50:00;Strada Urbana;VIALE PALMIRO TOGLIATTI;da specificare;;;;direzione Tiburtina rampa inversione marcia;Tamponamento Multiplo;Cavalcavia;Una carreggiata a senso unico di marcia;Asciutto;Asfaltata;Orizzontale;Nuvoloso;Intenso;Sufficiente;Sufficiente;0;0;0;4;12.5736;41.9061;-1;1;Autovettura privata;In marcia / fermata / arresto;Conducente;F;Illeso;0;;Non accertato;Inesploso
4119456;5;03/12/2018 17:50:00;Strada Urbana;VIALE PALMIRO TOGLIATTI;da specificare;;;;direzione Tiburtina rampa inversione marcia;Tamponamento Multiplo;Cavalcavia;Una carreggiata a senso unico di marcia;Asciutto;Asfaltata;Orizzontale;Nuvoloso;Intenso;Sufficiente;Sufficiente;0;0;0;4;12.5736;41.9061;-1;2;Autovettura privata;In marcia / fermata / arresto;Conducente;M;Illeso;0;;Non accertato;Inesploso
4119456;5;03/12/2018 17:50:00;Strada Urbana;VIALE PALMIRO TOGLIATTI;da specificare;;;;direzione Tiburtina rampa inversione marcia;Tamponamento Multiplo;Cavalcavia;Una carreggiata a senso unico di marcia;Asciutto;Asfaltata;Orizzontale;Nuvoloso;Intenso;Sufficiente;Sufficiente;0;0;0;4;12.5736;41.9061;-1;2;Autovettura privata;In marcia / fermata / arresto;Passeggero;M;Illeso;0;;Non accertato;Inesploso
4119456;5;03/12/2018 17:50:00;Strada Urbana;VIALE PALMIRO TOGLIATTI;da specificare;;;;direzione Tiburtina rampa inversione marcia;Tamponamento Multiplo;Cavalcavia;Una carreggiata a senso unico di marcia;Asciutto;Asfaltata;Orizzontale;Nuvoloso;Intenso;Sufficiente;Sufficiente;0;0;0;4;12.5736;41.9061;-1;3;Autovettura privata;In marcia / fermata / arresto;Conducente;F;Illeso;0;;Non accertato;Inesploso
4119473;18;02/12/2018 10:30:00;Strada Urbana;PIAZZA IRNERIO;da specificare;;;;all'altezza via Pasquale Fiore;Scontro laterale fra veicoli in marcia;Rettilineo;Due carreggiate;Asciutto;Asfaltata;Verticale ed orizzontale;Nuvoloso;Normale;Buona;Ore Diurne;0;0;0;4;12.4298;41.8984;-1;1;Autobus turistico;In marcia / fermata / arresto;Conducente;M;Illeso;0;;;
4119473;18;02/12/2018 10:30:00;Strada Urbana;PIAZZA IRNERIO;da specificare;;;;all'altezza via Pasquale Fiore;Scontro laterale fra veicoli in marcia;Rettilineo;Due carreggiate;Asciutto;Asfaltata;Verticale ed orizzontale;Nuvoloso;Normale;Buona;Ore Diurne;0;0;0;4;12.4298;41.8984;-1;1;Autobus turistico;In marcia / fermata / arresto;Passeggero;F;Illeso;0;;;
4119473;18;02/12/2018 10:30:00;Strada Urbana;PIAZZA IRNERIO;da specificare;;;;all'altezza via Pasquale Fiore;Scontro laterale fra veicoli in marcia;Rettilineo;Due carreggiate;Asciutto;Asfaltata;Verticale ed orizzontale;Nuvoloso;Normale;Buona;Ore Diurne;0;0;0;4;12.4298;41.8984;-1;1;Autobus turistico;In marcia / fermata / arresto;Passeggero;F;Illeso;0;;;
4119473;18;02/12/2018 10:30:00;Strada Urbana;PIAZZA IRNERIO;da specificare;;;;all'altezza via Pasquale Fiore;Scontro laterale fra veicoli in marcia;Rettilineo;Due carreggiate;Asciutto;Asfaltata;Verticale ed orizzontale;Nuvoloso;Normale;Buona;Ore Diurne;0;0;0;4;12.4298;41.8984;-1;2;Veicolo speciale;In marcia / fermata / arresto;Conducente;M;Illeso;0;;;
4119475;5;03/12/2018 18:00:00;Strada Urbana;VIA MONTELEONE DI FERMO;all'intersezione con;VIA DI SCORTICABOVE;VIA DI SCORTICABOVE;;;Scontro frontale/laterale SX fra veicoli in marcia;Incrocio;Una carreggiata a doppio senso;Asciutto;Asfaltata;Assente;Nuvoloso;Scarso;Buona;Sufficiente;0;0;0;2;12.5923;41.9348;-1;1;Autovettura privata;In marcia / fermata / arresto;Conducente;M;Illeso;0;;Non accertato;Inesploso
4119475;5;03/12/2018 18:00:00;Strada Urbana;VIA MONTELEONE DI FERMO;all'intersezione con;VIA DI SCORTICABOVE;VIA DI SCORTICABOVE;;;Scontro frontale/laterale SX fra veicoli in marcia;Incrocio;Una carreggiata a doppio senso;Asciutto;Asfaltata;Assente;Nuvoloso;Scarso;Buona;Sufficiente;0;0;0;2;12.5923;41.9348;-1;2;Autovettura privata;In marcia / fermata / arresto;Conducente;M;Illeso;0;;Non accertato;Inesploso
4119484;1;01/12/2018 09:20:00;Strada Urbana;VIA GIOVANNI AMENDOLA;all'intersezione semaforizzata con;VIA CAVOUR;VIA CAVOUR;;;Scontro laterale fra veicoli in marcia;Intersezione semaforizzata;Una carreggiata a doppio senso;Asciutto;Asfaltata;Verticale ed orizzontale;Sereno;Scarso;Buona;Ore Diurne;0;0;0;2;12.4993;41.9003;-1;1;Autovettura privata;In marcia / fermata / arresto;Conducente;M;Illeso;0;;Non accertato;
4119484;1;01/12/2018 09:20:00;Strada Urbana;VIA GIOVANNI AMENDOLA;all'intersezione semaforizzata con;VIA CAVOUR;VIA CAVOUR;;;Scontro laterale fra veicoli in marcia;Intersezione semaforizzata;Una carreggiata a doppio senso;Asciutto;Asfaltata;Verticale ed orizzontale;Sereno;Scarso;Buona;Ore Diurne;0;0;0;2;12.4993;41.9003;-1;2;Autobus turistico;In marcia / fermata / arresto;Conducente;M;Illeso;0;;Non accertato;
4119492;5;03/12/2018 19:00:00;Strada Urbana;VIA DEI DURANTINI;all'intersezione con;VIA FILIPPO MEDA;VIA FILIPPO MEDA;;;Scontro frontale/laterale DX fra veicoli in marcia;Incrocio;Una carreggiata a senso unico di marcia;Asciutto;Asfaltata;Verticale ed orizzontale;Sereno;Intenso;Buona;Sufficiente;1;0;0;1;12.5419;41.9128;-1;1;Motociclo a solo;In marcia / fermata / arresto;Conducente;M;Rimandato;0;NON DECEDUTO;Non accertato;
4119492;5;03/12/2018 19:00:00;Strada Urbana;VIA DEI DURANTINI;all'intersezione con;VIA FILIPPO MEDA;VIA FILIPPO MEDA;;;Scontro frontale/laterale DX fra veicoli in marcia;Incrocio;Una carreggiata a senso unico di marcia;Asciutto;Asfaltata;Verticale ed orizzontale;Sereno;Intenso;Buona;Sufficiente;1;0;0;1;12.5419;41.9128;-1;2;Autovettura privata;In marcia / fermata / arresto;Conducente;F;Illeso;0;;Non accertato;
4119500;20;04/12/2018 09:00:00;Regionale;VIA FLAMINIA;in corrispondenza;;della chilometrica;21.9;;Scontro frontale/laterale SX fra veicoli in marcia;Rettilineo;Una carreggiata a doppio senso;Bagnato (umidità in atto);Asfaltata;Verticale ed orizzontale;Sereno;Intenso;Buona;Ore Diurne;2;0;0;1;12.4718;41.9419;-1;1;Autovettura privata;In marcia / fermata / arresto;Conducente;M;Illeso;0;;Non accertato;Inesploso
4119500;20;04/12/2018 09:00:00;Regionale;VIA FLAMINIA;in corrispondenza;;della chilometrica;21.9;;Scontro frontale/laterale SX fra veicoli in marcia;Rettilineo;Una carreggiata a doppio senso;Bagnato (umidità in atto);Asfaltata;Verticale ed orizzontale;Sereno;Intenso;Buona;Ore Diurne;2;0;0;1;12.4718;41.9419;-1;1;Autovettura privata;In marcia / fermata / arresto;Passeggero;M;Rimandato;0;NON DECEDUTO;Non accertato;Inesploso
4119500;20;04/12/2018 09:00:00;Regionale;VIA FLAMINIA;in corrispondenza;;della chilometrica;21.9;;Scontro frontale/laterale SX fra veicoli in marcia;Rettilineo;Una carreggiata a doppio senso;Bagnato (umidità in atto);Asfaltata;Verticale ed orizzontale;Sereno;Intenso;Buona;Ore Diurne;2;0;0;1;12.4718;41.9419;-1;2;Motociclo a solo;In marcia / fermata / arresto;Conducente;M;Rimandato;0;NON DECEDUTO;Non accertato;
4119503;1;01/12/2018 11:30:00;Strada Urbana;PIAZZA VITTORIO EMANUELE II;all'intersezione con;VIA CONTE VERDE;VIA CONTE VERDE;;;Scontro frontale/laterale DX fra veicoli in marcia;Intersezione stradale segnalata;Una carreggiata a doppio senso;Asciutto;Asfaltata;Verticale ed orizzontale;Nuvoloso;Normale;Buona;Ore Diurne;0;0;0;2;12.5048;41.8951;-1;1;Autovettura pubblica;In marcia / fermata / arresto;Conducente;F;Illeso;0;;Non accertato;
4119503;1;01/12/2018 11:30:00;Strada Urbana;PIAZZA VITTORIO EMANUELE II;all'intersezione con;VIA CONTE VERDE;VIA CONTE VERDE;;;Scontro frontale/laterale DX fra veicoli in marcia;Intersezione stradale segnalata;Una carreggiata a doppio senso;Asciutto;Asfaltata;Verticale ed orizzontale;Nuvoloso;Normale;Buona;Ore Diurne;0;0;0;2;12.5048;41.8951;-1;2;Autovettura privata;In marcia / fermata / arresto;Conducente;M;Illeso;0;;Non accertato;
4119529;4;03/12/2018 21:40:00;Strada Urbana;VIA CONCA D'ORO;in prossimità;;del civico n.;28;;Infortunio per sola frenata improvvisa;Rettilineo;Una carreggiata a doppio senso;Bagnato (umidità in atto);Asfaltata;Verticale ed orizzontale;Nuvoloso;Normale;Buona;Sufficiente;2;0;0;2;12.5308;41.9372;-1;1;Autovettura privata;In marcia / fermata / arresto;Conducente;M;Illeso;0;;;
4119529;4;03/12/2018 21:40:00;Strada Urbana;VIA CONCA D'ORO;in prossimità;;del civico n.;28;;Infortunio per sola frenata improvvisa;Rettilineo;Una carreggiata a doppio senso;Bagnato (umidità in atto);Asfaltata;Verticale ed orizzontale;Nuvoloso;Normale;Buona;Sufficiente;2;0;0;2;12.5308;41.9372;-1;1;Autovettura privata;In marcia / fermata / arresto;Passeggero;F;Illeso;0;;;
4119529;4;03/12/2018 21:40:00;Strada Urbana;VIA CONCA D'ORO;in prossimità;;del civico n.;28;;Infortunio per sola frenata improvvisa;Rettilineo;Una carreggiata a doppio senso;Bagnato (umidità in atto);Asfaltata;Verticale ed orizzontale;Nuvoloso;Normale;Buona;Sufficiente;2;0;0;2;12.5308;41.9372;-1;2;Motociclo a solo;In marcia / fermata / arresto;Conducente;M;Rimandato;0;NON DECEDUTO;;
4119529;4;03/12/2018 21:40:00;Strada Urbana;VIA CONCA D'ORO;in prossimità;;del civico n.;28;;Infortunio per sola frenata improvvisa;Rettilineo;Una carreggiata a doppio senso;Bagnato (umidità in atto);Asfaltata;Verticale ed orizzontale;Nuvoloso;Normale;Buona;Sufficiente;2;0;0;2;12.5308;41.9372;-1;2;Motociclo a solo;In marcia / fermata / arresto;Passeggero;F;Rimandato;0;NON DECEDUTO;;
4119543;11;04/12/2018 08:50:00;Strada Urbana;VIA ARDEATINA;all'intersezione con;VIA DI TOR PAGNOTTA;VIA DI TOR PAGNOTTA;;;Scontro frontale/laterale DX fra veicoli in marcia;Rotatoria;Due carreggiate;Asciutto;Asfaltata;Verticale ed orizzontale;Sereno;Normale;Buona;Ore Diurne;0;0;0;2;12.5287;41.8099;-1;1;Autovettura privata;In marcia / fermata / arresto;Conducente;M;Illeso;0;;Non accertato;Inesploso
4119543;11;04/12/2018 08:50:00;Strada Urbana;VIA ARDEATINA;all'intersezione con;VIA DI TOR PAGNOTTA;VIA DI TOR PAGNOTTA;;;Scontro frontale/laterale DX fra veicoli in marcia;Rotatoria;Due carreggiate;Asciutto;Asfaltata;Verticale ed orizzontale;Sereno;Normale;Buona;Ore Diurne;0;0;0;2;12.5287;41.8099;-1;2;Autovettura privata;In marcia / fermata / arresto;Conducente;F;Illeso;0;;Non accertato;Inesploso
4119584;5;04/12/2018 09:30:00;Strada Urbana;VIA DI S. ROMANO;in corrispondenza;;del civico n.;18;;Scontro frontale/laterale DX fra veicoli in marcia;Rettilineo;Una carreggiata a doppio senso;Asciutto;Asfaltata;Verticale ed orizzontale;Sereno;Normale;Buona;Ore Diurne;1;0;0;1;12.5379;41.9063;-1;1;Motociclo a solo;In marcia / fermata / arresto;Conducente;M;Rimandato;0;NON DECEDUTO;Non accertato;
4119584;5;04/12/2018 09:30:00;Strada Urbana;VIA DI S. ROMANO;in corrispondenza;;del civico n.;18;;Scontro frontale/laterale DX fra veicoli in marcia;Rettilineo;Una carreggiata a doppio senso;Asciutto;Asfaltata;Verticale ed orizzontale;Sereno;Normale;Buona;Ore Diurne;1;0;0;1;12.5379;41.9063;-1;2;Autovettura privata;In marcia / fermata / arresto;Conducente;M;Illeso;0;;Non accertato;Inesploso
4119584;5;04/12/2018 09:30:00;Strada Urbana;VIA DI S. ROMANO;in corrispondenza;;del civico n.;18;;Scontro frontale/laterale DX fra veicoli in marcia;Rettilineo;Una carreggiata a doppio senso;Asciutto;Asfaltata;Verticale ed orizzontale;Sereno;Normale;Buona;Ore Diurne;1;0;0;1;12.5379;41.9063;-1;3;Autovettura privata;Sosta;;;;;;;
4119619;18;02/12/2018 21:30:00;Strada Urbana;VIA ACCURSIO;all'intersezione con;VIA DI BOCCEA;VIA DI BOCCEA;;;Scontro frontale/laterale DX fra veicoli in marcia;Intersezione stradale segnalata;Una carreggiata a doppio senso;Asciutto;Asfaltata;Verticale ed orizzontale;Sereno;Scarso;Buona;Sufficiente;0;0;0;6;12.4285;41.9;-1;1;Autovettura privata;In marcia / fermata / arresto;Conducente;M;Illeso;0;;Non accertato;Inesploso
4119619;18;02/12/2018 21:30:00;Strada Urbana;VIA ACCURSIO;all'intersezione con;VIA DI BOCCEA;VIA DI BOCCEA;;;Scontro frontale/laterale DX fra veicoli in marcia;Intersezione stradale segnalata;Una carreggiata a doppio senso;Asciutto;Asfaltata;Verticale ed orizzontale;Sereno;Scarso;Buona;Sufficiente;0;0;0;6;12.4285;41.9;-1;1;Autovettura privata;In marcia / fermata / arresto;Passeggero;F;Illeso;0;;Non accertato;Inesploso
4119619;18;02/12/2018 21:30:00;Strada Urbana;VIA ACCURSIO;all'intersezione con;VIA DI BOCCEA;VIA DI BOCCEA;;;Scontro frontale/laterale DX fra veicoli in marcia;Intersezione stradale segnalata;Una carreggiata a doppio senso;Asciutto;Asfaltata;Verticale ed orizzontale;Sereno;Scarso;Buona;Sufficiente;0;0;0;6;12.4285;41.9;-1;1;Autovettura privata;In marcia / fermata / arresto;Passeggero;M;Illeso;0;;Non accertato;Inesploso
4119619;18;02/12/2018 21:30:00;Strada Urbana;VIA ACCURSIO;all'intersezione con;VIA DI BOCCEA;VIA DI BOCCEA;;;Scontro frontale/laterale DX fra veicoli in marcia;Intersezione stradale segnalata;Una carreggiata a doppio senso;Asciutto;Asfaltata;Verticale ed orizzontale;Sereno;Scarso;Buona;Sufficiente;0;0;0;6;12.4285;41.9;-1;1;Autovettura privata;In marcia / fermata / arresto;Passeggero;F;Illeso;0;;Non accertato;Inesploso
4119619;18;02/12/2018 21:30:00;Strada Urbana;VIA ACCURSIO;all'intersezione con;VIA DI BOCCEA;VIA DI BOCCEA;;;Scontro frontale/laterale DX fra veicoli in marcia;Intersezione stradale segnalata;Una carreggiata a doppio senso;Asciutto;Asfaltata;Verticale ed orizzontale;Sereno;Scarso;Buona;Sufficiente;0;0;0;6;12.4285;41.9;-1;2;Autovettura privata;In marcia / fermata / arresto;Conducente;F;Illeso;0;;Non accertato;Inesploso
4119619;18;02/12/2018 21:30:00;Strada Urbana;VIA ACCURSIO;all'intersezione con;VIA DI BOCCEA;VIA DI BOCCEA;;;Scontro frontale/laterale DX fra veicoli in marcia;Intersezione stradale segnalata;Una carreggiata a doppio senso;Asciutto;Asfaltata;Verticale ed orizzontale;Sereno;Scarso;Buona;Sufficiente;0;0;0;6;12.4285;41.9;-1;2;Autovettura privata;In marcia / fermata / arresto;Passeggero;M;Illeso;0;;Non accertato;Inesploso
4119644;6;04/12/2018 10:10:00;Strada Urbana;VIALE DELLA PRIMAVERA;in prossimità;;del civico n.;129;;Scontro laterale fra veicoli in marcia;Pianeggiante;Una carreggiata a senso unico di marcia;Asciutto;Asfaltata;Orizzontale;Sereno;Scarso;Buona;Ore Diurne;0;0;0;2;12.5608;41.8831;-1;1;Autovettura privata;In marcia / fermata / arresto;Conducente;M;Illeso;0;;Non accertato;Inesploso
4119644;6;04/12/2018 10:10:00;Strada Urbana;VIALE DELLA PRIMAVERA;in prossimità;;del civico n.;129;;Scontro laterale fra veicoli in marcia;Pianeggiante;Una carreggiata a senso unico di marcia;Asciutto;Asfaltata;Orizzontale;Sereno;Scarso;Buona;Ore Diurne;0;0;0;2;12.5608;41.8831;-1;2;Velocipede;In marcia / fermata / arresto;Conducente;F;Illeso;0;;Esente;
4119676;1;01/12/2018 13:30:00;Strada Urbana;VIA GIOVANNI GIOLITTI;in corrispondenza;;del civico n.;381;;Veicolo in marcia contro ostacolo accidentale;Rettilineo;Una carreggiata a senso unico di marcia;Asciutto;Asfaltata;Assente;Sereno;Normale;Buona;Ore Diurne;0;0;0;1;12.51;41.8948;-1;1;Autovettura privata;In marcia / fermata / arresto;Conducente;M;Illeso;0;;Non accertato;
4119716;15;04/12/2018 11:00:00;Strada Urbana;VIA GIOVANNI VOLPATO;da specificare;;;;sottovia FS fornice centrale;Investimento di pedone;Sottopasso illuminato;Una carreggiata a doppio senso;Asciutto;Asfaltata;Verticale ed orizzontale;Sereno;Normale;Sufficiente;Sufficiente;2;0;0;0;12.4674;41.8715;-1;;;;Pedone;F;Rimandato;0;NON DECEDUTO;;
4119716;15;04/12/2018 11:00:00;Strada Urbana;VIA GIOVANNI VOLPATO;da specificare;;;;sottovia FS fornice centrale;Investimento di pedone;Sottopasso illuminato;Una carreggiata a doppio senso;Asciutto;Asfaltata;Verticale ed orizzontale;Sereno;Normale;Sufficiente;Sufficiente;2;0;0;0;12.4674;41.8715;-1;1;Motociclo a solo;In marcia / fermata / arresto;Conducente;M;Rimandato;0;NON DECEDUTO;Non accertato;
4119719;1;01/12/2018 18:05:00;Strada Urbana;PIAZZA DI PORTA S. GIOVANNI;da specificare;;;;ALTEZZA RAMPA PORTA ASINARA;Scontro laterale fra veicoli in marcia;Rettilineo;Una carreggiata a doppio senso;Asciutto;Asfaltata;Verticale ed orizzontale;Sereno;Scarso;Buona;Sufficiente;0;0;0;2;9.644;45.397;0;1;Autovettura privata;In marcia / fermata / arresto;Conducente;F;Illeso;0;;;
4119719;1;01/12/2018 18:05:00;Strada Urbana;PIAZZA DI PORTA S. GIOVANNI;da specificare;;;;ALTEZZA RAMPA PORTA ASINARA;Scontro laterale fra veicoli in marcia;Rettilineo;Una carreggiata a doppio senso;Asciutto;Asfaltata;Verticale ed orizzontale;Sereno;Scarso;Buona;Sufficiente;0;0;0;2;9.644;45.397;0;2;Autovettura privata;In marcia / fermata / arresto;Conducente;M;Illeso;0;;;
4119724;2;03/12/2018 08:45:00;Strada Urbana;SOTTOVIA IGNAZIO GUIDI;da specificare;;;;tra lo svincolo VIA NOMENTANA e P.ZA FIUME ;Scontro laterale fra veicoli in marcia;Sottopasso illuminato;Una carreggiata a senso unico di marcia;Bagnato (umidità in atto);Asfaltata;Orizzontale;Pioggia in atto;Normale;Sufficiente;Ore Diurne;0;0;0;2;12.5014;41.9096;-1;1;Autocarro superiore 35 q.;In marcia / fermata / arresto;Conducente;M;Illeso;0;;Non accertato;Inesploso
4119724;2;03/12/2018 08:45:00;Strada Urbana;SOTTOVIA IGNAZIO GUIDI;da specificare;;;;tra lo svincolo VIA NOMENTANA e P.ZA FIUME ;Scontro laterale fra veicoli in marcia;Sottopasso illuminato;Una carreggiata a senso unico di marcia;Bagnato (umidità in atto);Asfaltata;Orizzontale;Pioggia in atto;Normale;Sufficiente;Ore Diurne;0;0;0;2;12.5014;41.9096;-1;2;Autovettura privata;In marcia / fermata / arresto;Conducente;M;Illeso;0;;Non accertato;Inesploso
4119727;2;03/12/2018 10:55:00;Strada Urbana;VIA FOGLIANO;all'intersezione con;VIA ARCHIANO;VIA ARCHIANO;;;Scontro frontale/laterale DX fra veicoli in marcia;Incrocio;Una carreggiata a senso unico di marcia;Bagnato (pioggia);Asfaltata;Verticale ed orizzontale;Pioggia in atto;Normale;Sufficiente;Ore Diurne;0;0;0;3;12.5062;41.9255;-1;1;Autovettura pubblica;In marcia / fermata / arresto;Conducente;M;Illeso;0;;Non accertato;Inesploso
4119727;2;03/12/2018 10:55:00;Strada Urbana;VIA FOGLIANO;all'intersezione con;VIA ARCHIANO;VIA ARCHIANO;;;Scontro frontale/laterale DX fra veicoli in marcia;Incrocio;Una carreggiata a senso unico di marcia;Bagnato (pioggia);Asfaltata;Verticale ed orizzontale;Pioggia in atto;Normale;Sufficiente;Ore Diurne;0;0;0;3;12.5062;41.9255;-1;2;Autovettura privata;In marcia / fermata / arresto;Conducente;M;Illeso;0;;Non accertato;Inesploso
4119727;2;03/12/2018 10:55:00;Strada Urbana;VIA FOGLIANO;all'intersezione con;VIA ARCHIANO;VIA ARCHIANO;;;Scontro frontale/laterale DX fra veicoli in marcia;Incrocio;Una carreggiata a senso unico di marcia;Bagnato (pioggia);Asfaltata;Verticale ed orizzontale;Pioggia in atto;Normale;Sufficiente;Ore Diurne;0;0;0;3;12.5062;41.9255;-1;2;Autovettura privata;In marcia / fermata / arresto;Passeggero;F;Illeso;0;;Non accertato;Inesploso
4119727;2;03/12/2018 10:55:00;Strada Urbana;VIA FOGLIANO;all'intersezione con;VIA ARCHIANO;VIA ARCHIANO;;;Scontro frontale/laterale DX fra veicoli in marcia;Incrocio;Una carreggiata a senso unico di marcia;Bagnato (pioggia);Asfaltata;Verticale ed orizzontale;Pioggia in atto;Normale;Sufficiente;Ore Diurne;0;0;0;3;12.5062;41.9255;-1;3;Autovettura privata;Sosta;;;;;;;
4119727;2;03/12/2018 10:55:00;Strada Urbana;VIA FOGLIANO;all'intersezione con;VIA ARCHIANO;VIA ARCHIANO;;;Scontro frontale/laterale DX fra veicoli in marcia;Incrocio;Una carreggiata a senso unico di marcia;Bagnato (pioggia);Asfaltata;Verticale ed orizzontale;Pioggia in atto;Normale;Sufficiente;Ore Diurne;0;0;0;3;12.5062;41.9255;-1;4;Autovettura privata;Sosta;;;;;;;