Protocollo;Gruppo;DataOraIncidente;Localizzazione1;STRADA1;Localizzazione2;STRADA2;Strada02;Chilometrica;DaSpecificare;NaturaIncidente;particolaritastrade;TipoStrada;FondoStradale;Pavimentazione;Segnaletica;CondizioneAtmosferica;Traffico;Visibilita;Illuminazione;NUM_FERITI;NUM_RISERVATA;NUM_MORTI;NUM_ILLESI;Longitudine;Latitudine;Confermato;Progressivo;TipoVeicolo;StatoVeicolo;TipoPersona;Sesso;Tipolesione;Deceduto;DecedutoDopo;CinturaCascoUtilizzato;Airbag;
4123430;13;06/12/2018 11:50:00;Strada Urbana;VIA DEI TRAGHETTI;in corrispondenza;;del civico n.;119;;Tamponamento;Rettilineo;Una carreggiata a senso unico di marcia;Asciutto;Asfaltata;Orizzontale;Nuvoloso;Normale;Buona;Ore Diurne;0;0;0;2;12.2765;41.7366;-1;1;Autovettura privata;In marcia / fermata / arresto;Conducente;M;Illeso;0;;Non accertato;Inesploso
4123430;13;06/12/2018 11:50:00;Strada Urbana;VIA DEI TRAGHETTI;in corrispondenza;;del civico n.;119;;Tamponamento;Rettilineo;Una carreggiata a senso unico di marcia;Asciutto;Asfaltata;Orizzontale;Nuvoloso;Normale;Buona;Ore Diurne;0;0;0;2;12.2765;41.7366;-1;2;Autovettura privata;In marcia / fermata / arresto;Conducente;M;Illeso;0;;Non accertato;Inesploso
4123464;6;06/12/2018 08:55:00;Strada Urbana;VIA TOR DE' SCHIAVI;in corrispondenza;;del civico n.;374;;Scontro frontale/laterale DX fra veicoli in marcia;Rettilineo;Due carreggiate;Asciutto;Asfaltata;Verticale ed orizzontale;Sereno;Normale;Buona;Ore Diurne;0;0;0;2;12.5601;41.8924;-1;1;Autovettura privata;In marcia / fermata / arresto;Conducente;M;Illeso;0;;;
4123464;6;06/12/2018 08:55:00;Strada Urbana;VIA TOR DE' SCHIAVI;in corrispondenza;;del civico n.;374;;Scontro frontale/laterale DX fra veicoli in marcia;Rettilineo;Due carreggiate;Asciutto;Asfaltata;Verticale ed orizzontale;Sereno;Normale;Buona;Ore Diurne;0;0;0;2;12.5601;41.8924;-1;2;Motociclo a solo;In marcia / fermata / arresto;Conducente;F;Illeso;0;;;
4123464;6;06/12/2018 08:55:00;Strada Urbana;VIA TOR DE' SCHIAVI;in corrispondenza;;del civico n.;374;;Scontro frontale/laterale DX fra veicoli in marcia;Rettilineo;Due carreggiate;Asciutto;Asfaltata;Verticale ed orizzontale;Sereno;Normale;Buona;Ore Diurne;0;0;0;2;12.5601;41.8924;-1;3;Autovettura privata;Sosta;;;;;;;
4123510;1;03/12/2018 18:00:00;Strada Urbana;VIA ARIOSTO;in prossimità;;del civico n.;23;;Veicolo in marcia contro veicolo in sosta;Pendenza;Una carreggiata a senso unico di marcia;Asciutto;Asfaltata;Verticale ed orizzontale;Nuvoloso;Scarso;Buona;Sufficiente;0;0;0;1;12.5038;41.8909;-1;1;Autovettura privata;In marcia / fermata / arresto;Conducente;M;Illeso;0;;Non accertato;Inesploso
4123510;1;03/12/2018 18:00:00;Strada Urbana;VIA ARIOSTO;in prossimità;;del civico n.;23;;Veicolo in marcia contro veicolo in sosta;Pendenza;Una carreggiata a senso unico di marcia;Asciutto;Asfaltata;Verticale ed orizzontale;Nuvoloso;Scarso;Buona;Sufficiente;0;0;0;1;12.5038;41.8909;-1;2;Autovettura privata;Sosta;;;;;;;
4123514;10;06/12/2018 12:15:00;Strada Urbana;CIRCONVALLAZIONE ORIENTALE;in prossimità;;del civico n.;4700a;;Tamponamento Multiplo;Rettilineo;Una carreggiata a senso unico di marcia;Asciutto;Asfaltata;Verticale ed orizzontale;Nuvoloso;Normale;Sufficiente;Ore Diurne;3;0;0;1;12.581;41.8259;-1;1;Autovettura privata;In marcia / fermata / arresto;Conducente;M;Rifiuta cure immediate;0;NON DECEDUTO;Non accertato;Inesploso
4123514;10;06/12/2018 12:15:00;Strada Urbana;CIRCONVALLAZIONE ORIENTALE;in prossimità;;del civico n.;4700a;;Tamponamento Multiplo;Rettilineo;Una carreggiata a senso unico di marcia;Asciutto;Asfaltata;Verticale ed orizzontale;Nuvoloso;Normale;Sufficiente;Ore Diurne;3;0;0;1;12.581;41.8259;-1;1;Autovettura privata;In marcia / fermata / arresto;Passeggero;F;Rifiuta cure immediate;0;NON DECEDUTO;Non accertato;Inesploso
4123514;10;06/12/2018 12:15:00;Strada Urbana;CIRCONVALLAZIONE ORIENTALE;in prossimità;;del civico n.;4700a;;Tamponamento Multiplo;Rettilineo;Una carreggiata a senso unico di marcia;Asciutto;Asfaltata;Verticale ed orizzontale;Nuvoloso;Normale;Sufficiente;Ore Diurne;3;0;0;1;12.581;41.8259;-1;2;Autovettura privata;In marcia / fermata / arresto;Conducente;F;Rifiuta cure immediate;0;NON DECEDUTO;Non accertato;Inesploso
4123514;10;06/12/2018 12:15:00;Strada Urbana;CIRCONVALLAZIONE ORIENTALE;in prossimità;;del civico n.;4700a;;Tamponamento Multiplo;Rettilineo;Una carreggiata a senso unico di marcia;Asciutto;Asfaltata;Verticale ed orizzontale;Nuvoloso;Normale;Sufficiente;Ore Diurne;3;0;0;1;12.581;41.8259;-1;3;Autovettura privata;In marcia / fermata / arresto;Conducente;M;Illeso;0;;Non accertato;Inesploso
4123549;9;06/12/2018 08:30:00;Strada Urbana;VIA TUSCOLANA;da specificare;;;;fronte civico 412;Tamponamento;Rettilineo;Una carreggiata a senso unico di marcia;Asciutto;Asfaltata;Verticale ed orizzontale;Nuvoloso;Intenso;Buona;Ore Diurne;0;0;0;2;12.5287;41.8745;-1;1;Autovettura privata;In marcia / fermata / arresto;Conducente;M;Illeso;0;;Non accertato;Inesploso
4123549;9;06/12/2018 08:30:00;Strada Urbana;VIA TUSCOLANA;da specificare;;;;fronte civico 412;Tamponamento;Rettilineo;Una carreggiata a senso unico di marcia;Asciutto;Asfaltata;Verticale ed orizzontale;Nuvoloso;Intenso;Buona;Ore Diurne;0;0;0;2;12.5287;41.8745;-1;2;Autovettura privata;In marcia / fermata / arresto;Conducente;F;Illeso;0;;Non accertato;Inesploso
4123582;16;05/12/2018 08:20:00;Strada Urbana;VIA DI DONNA OLIMPIA;all'intersezione semaforizzata con;VIA PASQUALE REVOLTELLA;VIA PASQUALE REVOLTELLA;;;Scontro frontale/laterale DX fra veicoli in marcia;Intersezione semaforizzata;Una carreggiata a doppio senso;Asciutto;Asfaltata;Verticale ed orizzontale;Sereno;Normale;Buona;Ore Diurne;0;0;0;2;12.4536;41.8766;-1;1;Autovettura privata;In marcia / fermata / arresto;Conducente;M;Illeso;0;;Non accertato;Inesploso
4123582;16;05/12/2018 08:20:00;Strada Urbana;VIA DI DONNA OLIMPIA;all'intersezione semaforizzata con;VIA PASQUALE REVOLTELLA;VIA PASQUALE REVOLTELLA;;;Scontro frontale/laterale DX fra veicoli in marcia;Intersezione semaforizzata;Una carreggiata a doppio senso;Asciutto;Asfaltata;Verticale ed orizzontale;Sereno;Normale;Buona;Ore Diurne;0;0;0;2;12.4536;41.8766;-1;2;Motociclo con passeggero;In marcia / fermata / arresto;Conducente;M;Illeso;0;;Non accertato;
4123631;16;05/12/2018 15:00:00;;CIRCONVALLAZIONE GIANICOLENSE;da specificare;;;;IN PROSSIMITA' VIA DEL FORTE BRAVETTA;Scontro laterale fra veicoli in marcia;;;;;;;;;;0;0;0;3;12.4496;41.8725;0;1;Autovettura privata;In marcia / fermata / arresto;Conducente;M;Illeso;0;;;
4123631;16;05/12/2018 15:00:00;;CIRCONVALLAZIONE GIANICOLENSE;da specificare;;;;IN PROSSIMITA' VIA DEL FORTE BRAVETTA;Scontro laterale fra veicoli in marcia;;;;;;;;;;0;0;0;3;12.4496;41.8725;0;1;Autovettura privata;In marcia / fermata / arresto;Passeggero;M;Illeso;0;;;
4123631;16;05/12/2018 15:00:00;;CIRCONVALLAZIONE GIANICOLENSE;da specificare;;;;IN PROSSIMITA' VIA DEL FORTE BRAVETTA;Scontro laterale fra veicoli in marcia;;;;;;;;;;0;0;0;3;12.4496;41.8725;0;2;Autovettura privata;In marcia / fermata / arresto;Conducente;M;Illeso;0;;;
4123641;6;06/12/2018 11:55:00;Strada Urbana;VIA PORTICI;in corrispondenza;;del civico n.;12;;Scontro frontale/laterale DX fra veicoli in marcia;Rettilineo;Una carreggiata a doppio senso;Asciutto;Asfaltata;Verticale ed orizzontale;Nuvoloso;Normale;Buona;Ore Diurne;0;0;0;3;12.5434;41.8873;-1;1;Autovettura privata;In marcia / fermata / arresto;Conducente;M;Illeso;0;;;Inesploso
4123641;6;06/12/2018 11:55:00;Strada Urbana;VIA PORTICI;in corrispondenza;;del civico n.;12;;Scontro frontale/laterale DX fra veicoli in marcia;Rettilineo;Una carreggiata a doppio senso;Asciutto;Asfaltata;Verticale ed orizzontale;Nuvoloso;Normale;Buona;Ore Diurne;0;0;0;3;12.5434;41.8873;-1;1;Autovettura privata;In marcia / fermata / arresto;Passeggero;F;Illeso;0;;;
4123641;6;06/12/2018 11:55:00;Strada Urbana;VIA PORTICI;in corrispondenza;;del civico n.;12;;Scontro frontale/laterale DX fra veicoli in marcia;Rettilineo;Una carreggiata a doppio senso;Asciutto;Asfaltata;Verticale ed orizzontale;Nuvoloso;Normale;Buona;Ore Diurne;0;0;0;3;12.5434;41.8873;-1;2;Autovettura privata;In marcia / fermata / arresto;Conducente;M;Illeso;0;;;
4123662;18;06/12/2018 13:15:00;Strada Urbana;VIA CLEMENTE VII;in prossimità;;del civico n.;2;;Scontro laterale fra veicoli in marcia;Rettilineo;Una carreggiata a senso unico di marcia;Bagnato (umidità in atto);Asfaltata;Verticale;Nuvoloso;Normale;Buona;Ore Diurne;0;0;0;2;12.4191;41.9049;-1;1;Autovettura privata;In marcia / fermata / arresto;Conducente;F;Illeso;0;;Non accertato;Inesistente
4123662;18;06/12/2018 13:15:00;Strada Urbana;VIA CLEMENTE VII;in prossimità;;del civico n.;2;;Scontro laterale fra veicoli in marcia;Rettilineo;Una carreggiata a senso unico di marcia;Bagnato (umidità in atto);Asfaltata;Verticale;Nuvoloso;Normale;Buona;Ore Diurne;0;0;0;2;12.4191;41.9049;-1;2;Autovettura pubblica;In marcia / fermata / arresto;Conducente;F;Illeso;0;;Non accertato;Inesploso
4123691;1;01/12/2018 16:20:00;Strada Urbana;VIA DEL TRITONE;in corrispondenza;;del civico n.;212;;Investimento di pedone;Rettilineo;Una carreggiata a doppio senso;Asciutto;Asfaltata;Verticale ed orizzontale;Sereno;Intenso;Buona;Ore Diurne;1;0;0;2;12.4846;41.9037;-1;;;;Pedone;F;Rimandato;0;NON DECEDUTO;;
4123691;1;01/12/2018 16:20:00;Strada Urbana;VIA DEL TRITONE;in corrispondenza;;del civico n.;212;;Investimento di pedone;Rettilineo;Una carreggiata a doppio senso;Asciutto;Asfaltata;Verticale ed orizzontale;Sereno;Intenso;Buona;Ore Diurne;1;0;0;2;12.4846;41.9037;-1;1;Motociclo a solo;In marcia / fermata / arresto;Conducente;M;Illeso;0;;Non accertato;
4123691;1;01/12/2018 16:20:00;Strada Urbana;VIA DEL TRITONE;in corrispondenza;;del civico n.;212;;Investimento di pedone;Rettilineo;Una carreggiata a doppio senso;Asciutto;Asfaltata;Verticale ed orizzontale;Sereno;Intenso;Buona;Ore Diurne;1;0;0;2;12.4846;41.9037;-1;1;Motociclo a solo;In marcia / fermata / arresto;Passeggero;M;Illeso;0;;;
4123702;9;06/12/2018 12:00:00;Strada Urbana;VIA MARIO MENGHINI;in prossimità;;del civico n.;18;;Scontro laterale fra veicoli in marcia;Rettilineo;Una carreggiata a doppio senso;Bagnato (umidità in atto);Asfaltata;Verticale ed orizzontale;Nuvoloso;Normale;Buona;Ore Diurne;0;0;0;3;12.5284;41.8697;-1;1;Autovettura privata;In marcia / fermata / arresto;Conducente;M;Illeso;0;;Non accertato;Inesploso
4123702;9;06/12/2018 12:00:00;Strada Urbana;VIA MARIO MENGHINI;in prossimità;;del civico n.;18;;Scontro laterale fra veicoli in marcia;Rettilineo;Una carreggiata a doppio senso;Bagnato (umidità in atto);Asfaltata;Verticale ed orizzontale;Nuvoloso;Normale;Buona;Ore Diurne;0;0;0;3;12.5284;41.8697;-1;1;Autovettura privata;In marcia / fermata / arresto;Passeggero;F;Illeso;0;;Non accertato;Inesploso
4123702;9;06/12/2018 12:00:00;Strada Urbana;VIA MARIO MENGHINI;in prossimità;;del civico n.;18;;Scontro laterale fra veicoli in marcia;Rettilineo;Una carreggiata a doppio senso;Bagnato (umidità in atto);Asfaltata;Verticale ed orizzontale;Nuvoloso;Normale;Buona;Ore Diurne;0;0;0;3;12.5284;41.8697;-1;2;Autovettura privata;In marcia / fermata / arresto;Conducente;M;Illeso;0;;Non accertato;Inesploso
4123826;7;06/12/2018 13:50:00;Strada Urbana;VIALE PALMIRO TOGLIATTI;all'intersezione con;VIA VITTORIO COLOMBO;VIA VITTORIO COLOMBO;;;Scontro frontale/laterale SX fra veicoli in marcia;Incrocio;Una carreggiata a senso unico di marcia;Asciutto;Asfaltata;Verticale ed orizzontale;Nuvoloso;Normale;Sufficiente;Ore Diurne;0;0;0;3;12.5743;41.8975;-1;1;Motociclo a solo;In marcia / fermata / arresto;Conducente;M;Illeso;0;;;
4123826;7;06/12/2018 13:50:00;Strada Urbana;VIALE PALMIRO TOGLIATTI;all'intersezione con;VIA VITTORIO COLOMBO;VIA VITTORIO COLOMBO;;;Scontro frontale/laterale SX fra veicoli in marcia;Incrocio;Una carreggiata a senso unico di marcia;Asciutto;Asfaltata;Verticale ed orizzontale;Nuvoloso;Normale;Sufficiente;Ore Diurne;0;0;0;3;12.5743;41.8975;-1;2;Autovettura privata;In marcia / fermata / arresto;Conducente;M;Illeso;0;;;
4123826;7;06/12/2018 13:50:00;Strada Urbana;VIALE PALMIRO TOGLIATTI;all'intersezione con;VIA VITTORIO COLOMBO;VIA VITTORIO COLOMBO;;;Scontro frontale/laterale SX fra veicoli in marcia;Incrocio;Una carreggiata a senso unico di marcia;Asciutto;Asfaltata;Verticale ed orizzontale;Nuvoloso;Normale;Sufficiente;Ore Diurne;0;0;0;3;12.5743;41.8975;-1;2;Autovettura privata;In marcia / fermata / arresto;Passeggero;M;Illeso;0;;;
4123911;3;05/12/2018 10:05:00;Strada Urbana;VIALE DELL'UNIVERSITA';all'intersezione con;PIAZZA CONFIENZA;PIAZZA CONFIENZA;;;Scontro frontale/laterale DX fra veicoli in marcia;Incrocio;Due carreggiate;Asciutto;Asfaltata;Verticale;Sereno;Normale;Buona;Ore Diurne;1;0;0;1;12.5098;41.9038;-1;1;Autovettura privata;In marcia / fermata / arresto;Conducente;M;Illeso;0;;;
4123911;3;05/12/2018 10:05:00;Strada Urbana;VIALE DELL'UNIVERSITA';all'intersezione con;PIAZZA CONFIENZA;PIAZZA CONFIENZA;;;Scontro frontale/laterale DX fra veicoli in marcia;Incrocio;Due carreggiate;Asciutto;Asfaltata;Verticale;Sereno;Normale;Buona;Ore Diurne;1;0;0;1;12.5098;41.9038;-1;2;Motociclo a solo;In marcia / fermata / arresto;Conducente;M;Ricoverato;0;NON DECEDUTO;;
4123992;8;06/12/2018 10:25:00;Strada Urbana;VIA DEL FOSSO SCILICINO;in corrispondenza;;del civico n.;48;;Veicolo in marcia contro veicolo fermo;Rettilineo;Una carreggiata a doppio senso;Asciutto;Asfaltata;Assente;Nuvoloso;Normale;Buona;Ore Diurne;0;0;0;2;12.6806;41.9022;-1;1;Autovettura privata;In marcia / fermata / arresto;Conducente;M;Illeso;0;;Non accertato;Inesploso
4123992;8;06/12/2018 10:25:00;Strada Urbana;VIA DEL FOSSO SCILICINO;in corrispondenza;;del civico n.;48;;Veicolo in marcia contro veicolo fermo;Rettilineo;Una carreggiata a doppio senso;Asciutto;Asfaltata;Assente;Nuvoloso;Normale;Buona;Ore Diurne;0;0;0;2;12.6806;41.9022;-1;1;Autovettura privata;In marcia / fermata / arresto;Passeggero;M;Illeso;0;;Non accertato;Inesploso
4123992;8;06/12/2018 10:25:00;Strada Urbana;VIA DEL FOSSO SCILICINO;in corrispondenza;;del civico n.;48;;Veicolo in marcia contro veicolo fermo;Rettilineo;Una carreggiata a doppio senso;Asciutto;Asfaltata;Assente;Nuvoloso;Normale;Buona;Ore Diurne;0;0;0;2;12.6806;41.9022;-1;2;Autocarro inferiore 35 q.;Allontanatosi;;;;;;;
4124044;18;06/12/2018 16:50:00;Strada Urbana;VIA SILVESTRO II;all'intersezione con;VIA PIO IX;VIA PIO IX;;;Scontro frontale/laterale SX fra veicoli in marcia;Intersezione stradale segnalata;Una carreggiata a senso unico di marcia;Bagnato (pioggia);Asfaltata;Verticale ed orizzontale;Nuvoloso;Normale;Sufficiente;Sufficiente;1;0;0;4;12.4234;41.9057;-1;1;Autovettura privata;In marcia / fermata / arresto;Conducente;M;Illeso;0;;Non accertato;Inesploso
4124044;18;06/12/2018 16:50:00;Strada Urbana;VIA SILVESTRO II;all'intersezione con;VIA PIO IX;VIA PIO IX;;;Scontro frontale/laterale SX fra veicoli in marcia;Intersezione stradale segnalata;Una carreggiata a senso unico di marcia;Bagnato (pioggia);Asfaltata;Verticale ed orizzontale;Nuvoloso;Normale;Sufficiente;Sufficiente;1;0;0;4;12.4234;41.9057;-1;1;Autovettura privata;In marcia / fermata / arresto;Passeggero;F;Illeso;0;;Non accertato;Inesploso
4124044;18;06/12/2018 16:50:00;Strada Urbana;VIA SILVESTRO II;all'intersezione con;VIA PIO IX;VIA PIO IX;;;Scontro frontale/laterale SX fra veicoli in marcia;Intersezione stradale segnalata;Una carreggiata a senso unico di marcia;Bagnato (pioggia);Asfaltata;Verticale ed orizzontale;Nuvoloso;Normale;Sufficiente;Sufficiente;1;0;0;4;12.4234;41.9057;-1;1;Autovettura privata;In marcia / fermata / arresto;Passeggero;M;Illeso;0;;Non accertato;Inesploso
4124044;18;06/12/2018 16:50:00;Strada Urbana;VIA SILVESTRO II;all'intersezione con;VIA PIO IX;VIA PIO IX;;;Scontro frontale/laterale SX fra veicoli in marcia;Intersezione stradale segnalata;Una carreggiata a senso unico di marcia;Bagnato (pioggia);Asfaltata;Verticale ed orizzontale;Nuvoloso;Normale;Sufficiente;Sufficiente;1;0;0;4;12.4234;41.9057;-1;2;Autovettura privata;In marcia / fermata / arresto;Conducente;M;Illeso;0;;Non accertato;Inesploso
4124044;18;06/12/2018 16:50:00;Strada Urbana;VIA SILVESTRO II;all'intersezione con;VIA PIO IX;VIA PIO IX;;;Scontro frontale/laterale SX fra veicoli in marcia;Intersezione stradale segnalata;Una carreggiata a senso unico di marcia;Bagnato (pioggia);Asfaltata;Verticale ed orizzontale;Nuvoloso;Normale;Sufficiente;Sufficiente;1;0;0;4;12.4234;41.9057;-1;2;Autovettura privata;In marcia / fermata / arresto;Passeggero;F;Rifiuta cure immediate;0;NON DECEDUTO;Non accertato;Inesploso
4124112;2;06/12/2018 16:45:00;Strada Urbana;VIA GIROLAMO MUZIANO;all'intersezione con;VIA RAFFAELE STERN;VIA RAFFAELE STERN;;;Veicolo in marcia contro veicolo in sosta;Incrocio;Due carreggiate;Asciutto;Asfaltata;Orizzontale;Nuvoloso;Normale;Buona;Ore Diurne;0;0;0;1;12.4653;41.9248;-1;1;Quadriciclo leggero;Sosta;;;;;;;
4124112;2;06/12/2018 16:45:00;Strada Urbana;VIA GIROLAMO MUZIANO;all'intersezione con;VIA RAFFAELE STERN;VIA RAFFAELE STERN;;;Veicolo in marcia contro veicolo in sosta;Incrocio;Due carreggiate;Asciutto;Asfaltata;Orizzontale;Nuvoloso;Normale;Buona;Ore Diurne;0;0;0;1;12.4653;41.9248;-1;2;Autovettura privata;In marcia / fermata / arresto;Conducente;F;Illeso;0;;Non accertato;Inesploso
4124134;10;06/12/2018 09:00:00;Strada Urbana;VIA TUSCOLANA;in prossimità;;del civico n.;1874B;;Scontro laterale fra veicoli in marcia;Rettilineo;Una carreggiata a senso unico di marcia;Asciutto;Asfaltata;Verticale ed orizzontale;Nuvoloso;Intenso;Buona;Ore Diurne;0;0;0;3;12.5859;41.842;-1;1;Autovettura privata;In marcia / fermata / arresto;Conducente;F;Illeso;0;;Non accertato;Inesploso
4124134;10;06/12/2018 09:00:00;Strada Urbana;VIA TUSCOLANA;in prossimità;;del civico n.;1874B;;Scontro laterale fra veicoli in marcia;Rettilineo;Una carreggiata a senso unico di marcia;Asciutto;Asfaltata;Verticale ed orizzontale;Nuvoloso;Intenso;Buona;Ore Diurne;0;0;0;3;12.5859;41.842;-1;1;Autovettura privata;In marcia / fermata / arresto;Passeggero;F;Illeso;0;;Non accertato;Inesploso
4124134;10;06/12/2018 09:00:00;Strada Urbana;VIA TUSCOLANA;in prossimità;;del civico n.;1874B;;Scontro laterale fra veicoli in marcia;Rettilineo;Una carreggiata a senso unico di marcia;Asciutto;Asfaltata;Verticale ed orizzontale;Nuvoloso;Intenso;Buona;Ore Diurne;0;0;0;3;12.5859;41.842;-1;2;Autobus di linea;In marcia / fermata / arresto;Conducente;M;Illeso;0;;Non accertato;Inesploso
4124161;19;06/12/2018 18:05:00;Strada Urbana;VIA DELLE CALASANZIANE;in prossimità;;del civico n.;55;;Scontro laterale fra veicoli in marcia;Rettilineo;Una carreggiata a senso unico di marcia;Bagnato (umidità in atto);Asfaltata;Verticale;Nuvoloso;Scarso;Buona;Sufficiente;0;0;0;2;12.4197;41.9172;-1;1;Autovettura privata;In marcia / fermata / arresto;Conducente;M;Illeso;0;;;
4124161;19;06/12/2018 18:05:00;Strada Urbana;VIA DELLE CALASANZIANE;in prossimità;;del civico n.;55;;Scontro laterale fra veicoli in marcia;Rettilineo;Una carreggiata a senso unico di marcia;Bagnato (umidità in atto);Asfaltata;Verticale;Nuvoloso;Scarso;Buona;Sufficiente;0;0;0;2;12.4197;41.9172;-1;2;Autovettura privata;In marcia / fermata / arresto;Conducente;M;Illeso;0;;;
4124168;10;06/12/2018 12:40:00;Statale entro l'abitato;VIA TUSCOLANA;da specificare;;;;direzione fuori Roma mt. 100 prima del cavalcavia ;Tamponamento;Rettilineo;Due carreggiate;Asciutto;Asfaltata;Verticale ed orizzontale;Sereno;Intenso;Buona;Ore Diurne;0;0;0;1;12.5727;41.8503;-1;1;Autovettura privata;In marcia / fermata / arresto;Conducente;M;Illeso;0;;;
4124168;10;06/12/2018 12:40:00;Statale entro l'abitato;VIA TUSCOLANA;da specificare;;;;direzione fuori Roma mt. 100 prima del cavalcavia ;Tamponamento;Rettilineo;Due carreggiate;Asciutto;Asfaltata;Verticale ed orizzontale;Sereno;Intenso;Buona;Ore Diurne;0;0;0;1;12.5727;41.8503;-1;2;Autovettura privata;Allontanatosi;;;;;;;
4124185;10;06/12/2018 13:25:00;Strada Urbana;VIA BERNARDINO ALIMENA;in corrispondenza;;del civico n.;54A;;Scontro laterale fra veicoli in marcia;Rettilineo;Due carreggiate;Asciutto;Asfaltata;Verticale ed orizzontale;Nuvoloso;Normale;Buona;Ore Diurne;0;0;0;2;12.6029;41.8477;-1;1;Autovettura privata;In marcia / fermata / arresto;Conducente;M;Illeso;0;;Non accertato;Esploso
4124185;10;06/12/2018 13:25:00;Strada Urbana;VIA BERNARDINO ALIMENA;in corrispondenza;;del civico n.;54A;;Scontro laterale fra veicoli in marcia;Rettilineo;Due carreggiate;Asciutto;Asfaltata;Verticale ed orizzontale;Nuvoloso;Normale;Buona;Ore Diurne;0;0;0;2;12.6029;41.8477;-1;2;Autovettura privata;In marcia / fermata / arresto;Conducente;M;Illeso;0;;Non accertato;Inesploso
4124207;12;06/12/2018 15:50:00;Strada Urbana;VIA DI TOR PAGNOTTA;in prossimità;;del civico n.;82;;Veicolo in marcia contro ostacolo fisso;Rettilineo;Una carreggiata a doppio senso;Bagnato (umidità in atto);Asfaltata;Verticale ed orizzontale;Nuvoloso;Normale;Buona;Ore Diurne;1;0;0;0;12.4918;41.8013;-1;1;Autovettura privata;In marcia / fermata / arresto;Conducente;F;Rimandato;0;NON DECEDUTO;Utilizzato;Esploso
4124207;12;06/12/2018 15:50:00;Strada Urbana;VIA DI TOR PAGNOTTA;in prossimità;;del civico n.;82;;Veicolo in marcia contro ostacolo fisso;Rettilineo;Una carreggiata a doppio senso;Bagnato (umidità in atto);Asfaltata;Verticale ed orizzontale;Nuvoloso;Normale;Buona;Ore Diurne;1;0;0;0;12.4918;41.8013;-1;2;Autovettura privata;Sosta;;;;;;;
4124551;8;06/12/2018 19:15:00;Strada Urbana;VIA MINEO;in corrispondenza;;del civico n.;105;;Veicolo in marcia contro ostacolo fisso;Rettilineo;Una carreggiata a doppio senso;Asciutto;Asfaltata;Assente;Sereno;Normale;Sufficiente;Sufficiente;0;0;0;1;12.6588;41.8693;-1;1;Autovettura privata;In marcia / fermata / arresto;Conducente;F;Illeso;0;;;
4124553;12;06/12/2018 17:15:00;Strada Urbana;VIALE PASTEUR;all'intersezione con;VIA DELL'ELETTRONICA;VIA DELL'ELETTRONICA;;;Scontro frontale/laterale SX fra veicoli in marcia;Incrocio;Una carreggiata a senso unico di marcia;Bagnato (umidità in atto);Asfaltata;Verticale ed orizzontale;Nuvoloso;Normale;Buona;Ore Diurne;0;0;0;4;12.4638;41.8338;-1;1;Autovettura privata;In marcia / fermata / arresto;Conducente;M;Illeso;0;;Non accertato;Inesploso
4124553;12;06/12/2018 17:15:00;Strada Urbana;VIALE PASTEUR;all'intersezione con;VIA DELL'ELETTRONICA;VIA DELL'ELETTRONICA;;;Scontro frontale/laterale SX fra veicoli in marcia;Incrocio;Una carreggiata a senso unico di marcia;Bagnato (umidità in atto);Asfaltata;Verticale ed orizzontale;Nuvoloso;Normale;Buona;Ore Diurne;0;0;0;4;12.4638;41.8338;-1;1;Autovettura privata;In marcia / fermata / arresto;Passeggero;M;Illeso;0;;Non accertato;Inesploso
4124553;12;06/12/2018 17:15:00;Strada Urbana;VIALE PASTEUR;all'intersezione con;VIA DELL'ELETTRONICA;VIA DELL'ELETTRONICA;;;Scontro frontale/laterale SX fra veicoli in marcia;Incrocio;Una carreggiata a senso unico di marcia;Bagnato (umidità in atto);Asfaltata;Verticale ed orizzontale;Nuvoloso;Normale;Buona;Ore Diurne;0;0;0;4;12.4638;41.8338;-1;2;Autovettura privata;In marcia / fermata / arresto;Conducente;M;Illeso;0;;Non accertato;Inesploso
4124553;12;06/12/2018 17:15:00;Strada Urbana;VIALE PASTEUR;all'intersezione con;VIA DELL'ELETTRONICA;VIA DELL'ELETTRONICA;;;Scontro frontale/laterale SX fra veicoli in marcia;Incrocio;Una carreggiata a senso unico di marcia;Bagnato (umidità in atto);Asfaltata;Verticale ed orizzontale;Nuvoloso;Normale;Buona;Ore Diurne;0;0;0;4;12.4638;41.8338;-1;2;Autovettura privata;In marcia / fermata / arresto;Passeggero;M;Illeso;0;;Non accertato;Inesploso
4124553;12;06/12/2018 17:15:00;Strada Urbana;VIALE PASTEUR;all'intersezione con;VIA DELL'ELETTRONICA;VIA DELL'ELETTRONICA;;;Scontro frontale/laterale SX fra veicoli in marcia;Incrocio;Una carreggiata a senso unico di marcia;Bagnato (umidità in atto);Asfaltata;Verticale ed orizzontale;Nuvoloso;Normale;Buona;Ore Diurne;0;0;0;4;12.4638;41.8338;-1;3;Motociclo a solo;Sosta;;;;;;;
4124553;12;06/12/2018 17:15:00;Strada Urbana;VIALE PASTEUR;all'intersezione con;VIA DELL'ELETTRONICA;VIA DELL'ELETTRONICA;;;Scontro frontale/laterale SX fra veicoli in marcia;Incrocio;Una carreggiata a senso unico di marcia;Bagnato (umidità in atto);Asfaltata;Verticale ed orizzontale;Nuvoloso;Normale;Buona;Ore Diurne;0;0;0;4;12.4638;41.8338;-1;4;Autovettura privata;Sosta;;;;;;;