Protocollo;Gruppo;DataOraIncidente;Localizzazione1;STRADA1;Localizzazione2;STRADA2;Strada02;Chilometrica;DaSpecificare;NaturaIncidente;particolaritastrade;TipoStrada;FondoStradale;Pavimentazione;Segnaletica;CondizioneAtmosferica;Traffico;Visibilita;Illuminazione;NUM_FERITI;NUM_RISERVATA;NUM_MORTI;NUM_ILLESI;Longitudine;Latitudine;Confermato;Progressivo;TipoVeicolo;StatoVeicolo;TipoPersona;Sesso;Tipolesione;Deceduto;DecedutoDopo;CinturaCascoUtilizzato;Airbag;
4127563;20;07/12/2018 09:00:00;Strada Urbana;VIA DI GROTTAROSSA;da specificare;;;;internoSant'Andreapros.ingressocarrabileviaGrottar;Investimento di pedone;Rettilineo;Una carreggiata a doppio senso;Asciutto;Asfaltata;Verticale ed orizzontale;Sereno;Normale;Buona;Ore Diurne;1;0;0;2;12.4629;41.9744;-1;1;Autovettura privata;In marcia / fermata / arresto;Conducente;M;Illeso;0;;Non accertato;
4127563;20;07/12/2018 09:00:00;Strada Urbana;VIA DI GROTTAROSSA;da specificare;;;;internoSant'Andreapros.ingressocarrabileviaGrottar;Investimento di pedone;Rettilineo;Una carreggiata a doppio senso;Asciutto;Asfaltata;Verticale ed orizzontale;Sereno;Normale;Buona;Ore Diurne;1;0;0;2;12.4629;41.9744;-1;1;Autovettura privata;In marcia / fermata / arresto;Passeggero;F;Illeso;0;;Non accertato;
4127572;10;08/12/2018 20:30:00;Strada Urbana;CIRCONVALLAZIONE APPIA;in prossimità;;del civico n.;150;;Investimento di pedone;Rettilineo;Una carreggiata a doppio senso;Asciutto;Asfaltata;Verticale ed orizzontale;Sereno;Normale;Buona;Sufficiente;1;0;0;1;12.5128;41.8753;-1;;;;Pedone;M;Illeso;0;;;
4127572;10;08/12/2018 20:30:00;Strada Urbana;CIRCONVALLAZIONE APPIA;in prossimità;;del civico n.;150;;Investimento di pedone;Rettilineo;Una carreggiata a doppio senso;Asciutto;Asfaltata;Verticale ed orizzontale;Sereno;Normale;Buona;Sufficiente;1;0;0;1;12.5128;41.8753;-1;1;Motociclo a solo;In marcia / fermata / arresto;Conducente;M;Rimandato;0;NON DECEDUTO;Non accertato;
4127572;10;08/12/2018 20:30:00;Strada Urbana;CIRCONVALLAZIONE APPIA;in prossimità;;del civico n.;150;;Investimento di pedone;Rettilineo;Una carreggiata a doppio senso;Asciutto;Asfaltata;Verticale ed orizzontale;Sereno;Normale;Buona;Sufficiente;1;0;0;1;12.5128;41.8753;-1;2;Autovettura privata;Sosta;;;;;;;
4127573;13;07/12/2018 15:15:00;Strada Urbana;VIA CESARE MACCARI;all'intersezione con;VIA DI PRATO CORNELIO;VIA DI PRATO CORNELIO;;;Scontro frontale/laterale SX fra veicoli in marcia;Incrocio;Una carreggiata a doppio senso;Asciutto;Asfaltata;Verticale;Sereno;Normale;Buona;Ore Diurne;3;0;0;1;12.3577;41.7742;-1;1;Autovettura privata;In marcia / fermata / arresto;Conducente;F;Illeso;0;;Non accertato;
4127573;13;07/12/2018 15:15:00;Strada Urbana;VIA CESARE MACCARI;all'intersezione con;VIA DI PRATO CORNELIO;VIA DI PRATO CORNELIO;;;Scontro frontale/laterale SX fra veicoli in marcia;Incrocio;Una carreggiata a doppio senso;Asciutto;Asfaltata;Verticale;Sereno;Normale;Buona;Ore Diurne;3;0;0;1;12.3577;41.7742;-1;2;Autovettura privata;In marcia / fermata / arresto;Conducente;M;Rimandato;0;NON DECEDUTO;Non accertato;Inesploso
4127573;13;07/12/2018 15:15:00;Strada Urbana;VIA CESARE MACCARI;all'intersezione con;VIA DI PRATO CORNELIO;VIA DI PRATO CORNELIO;;;Scontro frontale/laterale SX fra veicoli in marcia;Incrocio;Una carreggiata a doppio senso;Asciutto;Asfaltata;Verticale;Sereno;Normale;Buona;Ore Diurne;3;0;0;1;12.3577;41.7742;-1;2;Autovettura privata;In marcia / fermata / arresto;Passeggero;F;Rimandato;0;NON DECEDUTO;Non accertato;Inesploso
4127573;13;07/12/2018 15:15:00;Strada Urbana;VIA CESARE MACCARI;all'intersezione con;VIA DI PRATO CORNELIO;VIA DI PRATO CORNELIO;;;Scontro frontale/laterale SX fra veicoli in marcia;Incrocio;Una carreggiata a doppio senso;Asciutto;Asfaltata;Verticale;Sereno;Normale;Buona;Ore Diurne;3;0;0;1;12.3577;41.7742;-1;2;Autovettura privata;In marcia / fermata / arresto;Passeggero;M;Rimandato;0;NON DECEDUTO;Non accertato;Inesploso
4127575;8;08/12/2018 15:15:00;Strada Urbana;VIALE OXFORD;da specificare;;;;rotatoria intersezione con via D. Cambellotti;Scontro laterale fra veicoli in marcia;Rotatoria;Una carreggiata a senso unico di marcia;Asciutto;Asfaltata;Verticale ed orizzontale;Sereno;Scarso;Buona;Ore Diurne;0;0;0;3;12.627;41.8634;-1;1;Autovettura privata;In marcia / fermata / arresto;Conducente;M;Illeso;0;;;
4127575;8;08/12/2018 15:15:00;Strada Urbana;VIALE OXFORD;da specificare;;;;rotatoria intersezione con via D. Cambellotti;Scontro laterale fra veicoli in marcia;Rotatoria;Una carreggiata a senso unico di marcia;Asciutto;Asfaltata;Verticale ed orizzontale;Sereno;Scarso;Buona;Ore Diurne;0;0;0;3;12.627;41.8634;-1;2;Autovettura privata;In marcia / fermata / arresto;Conducente;M;Illeso;0;;;
4127575;8;08/12/2018 15:15:00;Strada Urbana;VIALE OXFORD;da specificare;;;;rotatoria intersezione con via D. Cambellotti;Scontro laterale fra veicoli in marcia;Rotatoria;Una carreggiata a senso unico di marcia;Asciutto;Asfaltata;Verticale ed orizzontale;Sereno;Scarso;Buona;Ore Diurne;0;0;0;3;12.627;41.8634;-1;2;Autovettura privata;In marcia / fermata / arresto;Passeggero;F;Illeso;0;;;
4127585;10;09/12/2018 01:50:00;Strada Urbana;VIA TUSCOLANA;all'intersezione semaforizzata con;VIA SCRIBONIO CURIONE;VIA SCRIBONIO CURIONE;;;Veicolo in marcia contro veicolo in sosta;Intersezione semaforizzata;Due carreggiate;Asciutto;Asfaltata;Verticale ed orizzontale;Sereno;Scarso;Buona;Sufficiente;0;0;0;2;12.553;41.8621;-1;1;Autovettura privata;In marcia / fermata / arresto;Conducente;M;Illeso;0;;Non accertato;Inesploso
4127585;10;09/12/2018 01:50:00;Strada Urbana;VIA TUSCOLANA;all'intersezione semaforizzata con;VIA SCRIBONIO CURIONE;VIA SCRIBONIO CURIONE;;;Veicolo in marcia contro veicolo in sosta;Intersezione semaforizzata;Due carreggiate;Asciutto;Asfaltata;Verticale ed orizzontale;Sereno;Scarso;Buona;Sufficiente;0;0;0;2;12.553;41.8621;-1;1;Autovettura privata;In marcia / fermata / arresto;Passeggero;M;Illeso;0;;Non accertato;Inesploso
4127585;10;09/12/2018 01:50:00;Strada Urbana;VIA TUSCOLANA;all'intersezione semaforizzata con;VIA SCRIBONIO CURIONE;VIA SCRIBONIO CURIONE;;;Veicolo in marcia contro veicolo in sosta;Intersezione semaforizzata;Due carreggiate;Asciutto;Asfaltata;Verticale ed orizzontale;Sereno;Scarso;Buona;Sufficiente;0;0;0;2;12.553;41.8621;-1;2;Autovettura privata;Sosta;;;;;;;
4127588;8;08/12/2018 15:40:00;Strada Urbana;VIA DI TOR BELLA MONACA;da specificare;;;;alt immiss. delle 2 rampe prov GRA direz Casilina;Scontro laterale fra veicoli in marcia;Rettilineo;Due carreggiate;Asciutto;Asfaltata;Verticale ed orizzontale;Sereno;Normale;Buona;Ore Diurne;0;0;0;1;12.6282;41.8763;-1;1;Autovettura privata;In marcia / fermata / arresto;Conducente;M;Illeso;0;;;
4127588;8;08/12/2018 15:40:00;Strada Urbana;VIA DI TOR BELLA MONACA;da specificare;;;;alt immiss. delle 2 rampe prov GRA direz Casilina;Scontro laterale fra veicoli in marcia;Rettilineo;Due carreggiate;Asciutto;Asfaltata;Verticale ed orizzontale;Sereno;Normale;Buona;Ore Diurne;0;0;0;1;12.6282;41.8763;-1;2;Autovettura privata;Allontanatosi;;;;;;;
4127598;8;08/12/2018 13:30:00;Statale entro l'abitato;VIA CASILINA;in corrispondenza;;del civico n.;1910;;Veicolo in marcia contro ostacolo accidentale;Rettilineo;Una carreggiata a doppio senso;Asciutto;Strada pavimentata dissestata;Assente;Sereno;Normale;Buona;Ore Diurne;0;0;0;1;12.6945;41.8639;-1;1;Autovettura privata;In marcia / fermata / arresto;Conducente;M;Illeso;0;;Non accertato;Inesploso
4127599;13;07/12/2018 15:15:00;Strada Urbana;VIA DI MACCHIA PALOCCO;in corrispondenza;;del civico n.;42;;Veicolo in marcia contro ostacolo accidentale;Rettilineo;Una carreggiata a doppio senso;Asciutto;Con buche;Assente;Sereno;Normale;Buona;Ore Diurne;0;0;0;2;12.3523;41.7696;-1;1;Autovettura privata;In marcia / fermata / arresto;Conducente;F;Illeso;0;;Non accertato;Inesploso
4127599;13;07/12/2018 15:15:00;Strada Urbana;VIA DI MACCHIA PALOCCO;in corrispondenza;;del civico n.;42;;Veicolo in marcia contro ostacolo accidentale;Rettilineo;Una carreggiata a doppio senso;Asciutto;Con buche;Assente;Sereno;Normale;Buona;Ore Diurne;0;0;0;2;12.3523;41.7696;-1;2;Autovettura privata;In marcia / fermata / arresto;Conducente;M;Illeso;0;;Non accertato;Inesploso
4127611;20;08/12/2018 20:40:00;Regionale;VIA FLAMINIA;da specificare;;;;prossimità Km. 21,300;Veicolo in marcia contro ostacolo accidentale;Rettilineo;Una carreggiata a doppio senso;Asciutto;Asfaltata;Orizzontale;Sereno;Scarso;Insufficiente;Insufficiente;0;0;0;1;12.4718;41.9419;-1;1;Autovettura privata;In marcia / fermata / arresto;Conducente;F;Illeso;0;;;
4127612;8;09/12/2018 01:10:00;Strada Urbana;VIA COLLATINA;in corrispondenza;;del palo luce n.;559;;Ribaltamento senza urto contro ostacolo fisso;Rettilineo;Una carreggiata a doppio senso;Asciutto;Asfaltata;Verticale ed orizzontale;Sereno;Scarso;Sufficiente;Sufficiente;0;0;0;2;12.6108;41.9059;-1;1;Autovettura privata;In marcia / fermata / arresto;Conducente;M;Illeso;0;;Non accertato;Esploso
4127612;8;09/12/2018 01:10:00;Strada Urbana;VIA COLLATINA;in corrispondenza;;del palo luce n.;559;;Ribaltamento senza urto contro ostacolo fisso;Rettilineo;Una carreggiata a doppio senso;Asciutto;Asfaltata;Verticale ed orizzontale;Sereno;Scarso;Sufficiente;Sufficiente;0;0;0;2;12.6108;41.9059;-1;1;Autovettura privata;In marcia / fermata / arresto;Passeggero;M;Illeso;0;;Non accertato;Esploso
4127613;13;07/12/2018 18:10:00;Strada Urbana;VIA CARLO BOSIO;in prossimità;;del civico n.;108;;Veicolo in marcia contro veicolo in sosta;Rettilineo;Più di due carreggiate;Asciutto;Asfaltata;Verticale ed orizzontale;Sereno;Scarso;Sufficiente;Sufficiente;0;0;0;1;12.2724;41.7397;-1;1;Autovettura privata;In marcia / fermata / arresto;Conducente;M;Illeso;0;;Non accertato;Inesploso
4127613;13;07/12/2018 18:10:00;Strada Urbana;VIA CARLO BOSIO;in prossimità;;del civico n.;108;;Veicolo in marcia contro veicolo in sosta;Rettilineo;Più di due carreggiate;Asciutto;Asfaltata;Verticale ed orizzontale;Sereno;Scarso;Sufficiente;Sufficiente;0;0;0;1;12.2724;41.7397;-1;2;Autovettura privata;Sosta;;;;;;;
4127615;2;08/12/2018 16:00:00;Strada Urbana;VIA TRIPOLITANIA;in corrispondenza;;del civico n.;107;;Veicolo in marcia contro veicoli in sosta;Rettilineo;Una carreggiata a senso unico di marcia;Asciutto;Asfaltata;Verticale ed orizzontale;Sereno;Normale;Buona;Ore Diurne;0;0;0;0;12.5197;41.9306;-1;1;Autovettura privata;Sosta;;;;;;;
4127615;2;08/12/2018 16:00:00;Strada Urbana;VIA TRIPOLITANIA;in corrispondenza;;del civico n.;107;;Veicolo in marcia contro veicoli in sosta;Rettilineo;Una carreggiata a senso unico di marcia;Asciutto;Asfaltata;Verticale ed orizzontale;Sereno;Normale;Buona;Ore Diurne;0;0;0;0;12.5197;41.9306;-1;2;Autovettura privata;Sosta;;;;;;;
4127625;13;01/12/2018 17:00:00;Strada Urbana;VIA CRISTOFORO COLOMBO;da specificare;;;;altezza via Lido di Castel Porziano;Tamponamento;Rettilineo;Una carreggiata a senso unico di marcia;Asciutto;Asfaltata;Assente;Sereno;Intenso;Buona;Ore Diurne;0;0;0;3;12.4121;41.786;-1;1;Quadriciclo leggero;In marcia / fermata / arresto;Conducente;F;Illeso;0;;Non accertato;
4127625;13;01/12/2018 17:00:00;Strada Urbana;VIA CRISTOFORO COLOMBO;da specificare;;;;altezza via Lido di Castel Porziano;Tamponamento;Rettilineo;Una carreggiata a senso unico di marcia;Asciutto;Asfaltata;Assente;Sereno;Intenso;Buona;Ore Diurne;0;0;0;3;12.4121;41.786;-1;1;Quadriciclo leggero;In marcia / fermata / arresto;Passeggero;M;Illeso;0;;Non accertato;
4127625;13;01/12/2018 17:00:00;Strada Urbana;VIA CRISTOFORO COLOMBO;da specificare;;;;altezza via Lido di Castel Porziano;Tamponamento;Rettilineo;Una carreggiata a senso unico di marcia;Asciutto;Asfaltata;Assente;Sereno;Intenso;Buona;Ore Diurne;0;0;0;3;12.4121;41.786;-1;2;Autovettura privata;In marcia / fermata / arresto;Conducente;M;Illeso;0;;;
4127631;20;07/12/2018 20:30:00;Regionale entro l'abitato;VIA FLAMINIA NUOVA;in corrispondenza;;del civico n.;299;;Tamponamento Multiplo;Rettilineo;Una carreggiata a doppio senso;Bagnato (pioggia);Asfaltata;Verticale ed orizzontale;Pioggia in atto;Normale;Sufficiente;Sufficiente;0;0;0;3;12.4758;41.9545;-1;1;Autovettura privata;In marcia / fermata / arresto;Conducente;M;Illeso;0;;Utilizzato;Inesploso
4127631;20;07/12/2018 20:30:00;Regionale entro l'abitato;VIA FLAMINIA NUOVA;in corrispondenza;;del civico n.;299;;Tamponamento Multiplo;Rettilineo;Una carreggiata a doppio senso;Bagnato (pioggia);Asfaltata;Verticale ed orizzontale;Pioggia in atto;Normale;Sufficiente;Sufficiente;0;0;0;3;12.4758;41.9545;-1;2;Autovettura privata;In marcia / fermata / arresto;Conducente;M;Illeso;0;;Utilizzato;Inesploso
4127631;20;07/12/2018 20:30:00;Regionale entro l'abitato;VIA FLAMINIA NUOVA;in corrispondenza;;del civico n.;299;;Tamponamento Multiplo;Rettilineo;Una carreggiata a doppio senso;Bagnato (pioggia);Asfaltata;Verticale ed orizzontale;Pioggia in atto;Normale;Sufficiente;Sufficiente;0;0;0;3;12.4758;41.9545;-1;3;Autovettura privata;In marcia / fermata / arresto;Conducente;F;Illeso;0;;Non utilizzato;Esploso
4127681;13;08/12/2018 08:30:00;Strada Urbana;VIA DEL MARE;da specificare;;;;prima della curva dopo Cineland dir.Roma ;Veicolo in marcia contro ostacolo accidentale;Rettilineo;Una carreggiata a senso unico di marcia;Asciutto;Asfaltata;Verticale ed orizzontale;Sereno;Normale;Buona;Ore Diurne;0;0;0;1;12.3017;41.7571;-1;1;Autovettura privata;In marcia / fermata / arresto;Conducente;M;Illeso;0;;Non accertato;
4127702;13;08/12/2018 15:00:00;Strada Urbana;VIA OSTIENSE;da specificare;;;;prossimità via di Ponte Ladrone;Scontro frontale/laterale DX fra veicoli in marcia;Rettilineo;Una carreggiata a doppio senso;Asciutto;Asfaltata;Verticale ed orizzontale;Sereno;Normale;Buona;Ore Diurne;0;0;0;3;12.4229;41.8109;-1;1;Autovettura privata;In marcia / fermata / arresto;Conducente;F;Illeso;0;;Non accertato;Inesploso
4127702;13;08/12/2018 15:00:00;Strada Urbana;VIA OSTIENSE;da specificare;;;;prossimità via di Ponte Ladrone;Scontro frontale/laterale DX fra veicoli in marcia;Rettilineo;Una carreggiata a doppio senso;Asciutto;Asfaltata;Verticale ed orizzontale;Sereno;Normale;Buona;Ore Diurne;0;0;0;3;12.4229;41.8109;-1;2;Autovettura privata;In marcia / fermata / arresto;Conducente;M;Illeso;0;;Non accertato;Inesploso
4127702;13;08/12/2018 15:00:00;Strada Urbana;VIA OSTIENSE;da specificare;;;;prossimità via di Ponte Ladrone;Scontro frontale/laterale DX fra veicoli in marcia;Rettilineo;Una carreggiata a doppio senso;Asciutto;Asfaltata;Verticale ed orizzontale;Sereno;Normale;Buona;Ore Diurne;0;0;0;3;12.4229;41.8109;-1;2;Autovettura privata;In marcia / fermata / arresto;Passeggero;F;Illeso;0;;Non accertato;Inesploso
4127713;2;07/12/2018 09:30:00;Strada Urbana;VIA TOMMASO SALVINI;all'intersezione con;VIA DI VILLA S. FILIPPO;VIA DI VILLA S. FILIPPO;;;Scontro laterale fra veicoli in marcia;Intersezione non regolata/non segnalata;Una carreggiata a senso unico di marcia;Asciutto;Asfaltata;Verticale ed orizzontale;Sereno;Scarso;Buona;Ore Diurne;0;0;0;2;12.4933;41.927;-1;1;Autovettura privata;In marcia / fermata / arresto;Conducente;F;Illeso;0;;;
4127713;2;07/12/2018 09:30:00;Strada Urbana;VIA TOMMASO SALVINI;all'intersezione con;VIA DI VILLA S. FILIPPO;VIA DI VILLA S. FILIPPO;;;Scontro laterale fra veicoli in marcia;Intersezione non regolata/non segnalata;Una carreggiata a senso unico di marcia;Asciutto;Asfaltata;Verticale ed orizzontale;Sereno;Scarso;Buona;Ore Diurne;0;0;0;2;12.4933;41.927;-1;2;Autobus di linea;In marcia / fermata / arresto;Conducente;M;Illeso;0;;;
4127716;2;07/12/2018 19:30:00;Strada Urbana;PIAZZALE FLAMINIO;all'intersezione con;VIA LUISA DI SAVOIA;VIA LUISA DI SAVOIA;;;Tamponamento;Incrocio;Due carreggiate;Bagnato (pioggia);Asfaltata;Verticale ed orizzontale;Pioggia in atto;Intenso;Buona;Sufficiente;0;0;0;2;12.4751;41.9116;-1;1;Autovettura privata;In marcia / fermata / arresto;Conducente;M;Illeso;0;;;
4127716;2;07/12/2018 19:30:00;Strada Urbana;PIAZZALE FLAMINIO;all'intersezione con;VIA LUISA DI SAVOIA;VIA LUISA DI SAVOIA;;;Tamponamento;Incrocio;Due carreggiate;Bagnato (pioggia);Asfaltata;Verticale ed orizzontale;Pioggia in atto;Intenso;Buona;Sufficiente;0;0;0;2;12.4751;41.9116;-1;2;Autovettura privata;In marcia / fermata / arresto;Conducente;F;Illeso;0;;;
4127725;13;08/12/2018 13:50:00;Strada Urbana;VIA DELLE BALEARI;in corrispondenza;;del civico n.;228;;Veicolo in marcia contro veicolo in sosta;Rettilineo;Una carreggiata a senso unico di marcia;Asciutto;Asfaltata;Assente;Sereno;Normale;Buona;Ore Diurne;0;0;0;1;12.2797;41.7364;-1;1;Autocarro inferiore 35 q.;In marcia / fermata / arresto;Conducente;M;Illeso;0;;Non accertato;Inesploso
4127725;13;08/12/2018 13:50:00;Strada Urbana;VIA DELLE BALEARI;in corrispondenza;;del civico n.;228;;Veicolo in marcia contro veicolo in sosta;Rettilineo;Una carreggiata a senso unico di marcia;Asciutto;Asfaltata;Assente;Sereno;Normale;Buona;Ore Diurne;0;0;0;1;12.2797;41.7364;-1;2;Autovettura privata;Sosta;;;;;;;
4127726;2;07/12/2018 10:50:00;Strada Urbana;VIALE DELLA MOSCHEA;in prossimità;;del civico n.;7;;Veicolo in marcia contro veicolo in sosta;Rettilineo;Una carreggiata a doppio senso;Asciutto;Asfaltata;Verticale;Sereno;Scarso;Buona;Ore Diurne;0;0;0;1;12.4846;41.9301;-1;1;Autovettura privata;Sosta;;;;;;;
4127726;2;07/12/2018 10:50:00;Strada Urbana;VIALE DELLA MOSCHEA;in prossimità;;del civico n.;7;;Veicolo in marcia contro veicolo in sosta;Rettilineo;Una carreggiata a doppio senso;Asciutto;Asfaltata;Verticale;Sereno;Scarso;Buona;Ore Diurne;0;0;0;1;12.4846;41.9301;-1;2;Autocarro inferiore 35 q.;In marcia / fermata / arresto;Conducente;M;Illeso;0;;;
4127736;18;09/12/2018 10:00:00;Strada Urbana;VIA DI BOCCEA;in prossimità;;del civico n.;435;;Scontro laterale fra veicoli in marcia;Rettilineo;Una carreggiata a doppio senso;Asciutto;Asfaltata;Verticale ed orizzontale;Sereno;Normale;Buona;Ore Diurne;1;0;0;1;12.4083;41.9064;-1;1;Motociclo a solo;In marcia / fermata / arresto;Conducente;M;Rimandato;0;NON DECEDUTO;Non accertato;
4127736;18;09/12/2018 10:00:00;Strada Urbana;VIA DI BOCCEA;in prossimità;;del civico n.;435;;Scontro laterale fra veicoli in marcia;Rettilineo;Una carreggiata a doppio senso;Asciutto;Asfaltata;Verticale ed orizzontale;Sereno;Normale;Buona;Ore Diurne;1;0;0;1;12.4083;41.9064;-1;2;Autovettura privata;In marcia / fermata / arresto;Conducente;M;Illeso;0;;Non accertato;Inesploso
4127747;2;08/12/2018 19:50:00;Strada Urbana;VIA MALTA;all'intersezione con;VIA SEBENICO;VIA SEBENICO;;;Veicolo in marcia contro ostacolo accidentale;Incrocio;Una carreggiata a senso unico di marcia;Asciutto;Con buche;Verticale ed orizzontale;Sereno;Scarso;Sufficiente;Sufficiente;0;0;0;1;12.5068;41.9179;-1;1;Autovettura privata;In marcia / fermata / arresto;Conducente;F;Illeso;0;;;
4127753;2;07/12/2018 17:15:00;Strada Urbana;VIALE DELLA MOSCHEA;in prossimità;;del civico n.;90;;Scontro frontale/laterale SX fra veicoli in marcia;Rettilineo;Una carreggiata a doppio senso;Asciutto;Asfaltata;Verticale ed orizzontale;Sereno;Intenso;Buona;Ore Diurne;1;0;0;1;12.4963;41.9358;-1;1;Autovettura pubblica;In marcia / fermata / arresto;Conducente;M;Illeso;0;;Non accertato;Inesploso
4127753;2;07/12/2018 17:15:00;Strada Urbana;VIALE DELLA MOSCHEA;in prossimità;;del civico n.;90;;Scontro frontale/laterale SX fra veicoli in marcia;Rettilineo;Una carreggiata a doppio senso;Asciutto;Asfaltata;Verticale ed orizzontale;Sereno;Intenso;Buona;Ore Diurne;1;0;0;1;12.4963;41.9358;-1;2;Motociclo a solo;In marcia / fermata / arresto;Conducente;F;Rimandato;0;NON DECEDUTO;Non accertato;
4127757;13;08/12/2018 15:45:00;Strada Urbana;VIA DEI VELIERI;all'intersezione con;VIA DEI TRAGHETTI;VIA DEI TRAGHETTI;;;Scontro frontale/laterale DX fra veicoli in marcia;Incrocio;Due carreggiate;Asciutto;Asfaltata;Assente;Sereno;Normale;Buona;Ore Diurne;0;0;0;4;12.276;41.7369;-1;1;Autovettura privata;In marcia / fermata / arresto;Conducente;M;Illeso;0;;Non accertato;Inesploso
4127757;13;08/12/2018 15:45:00;Strada Urbana;VIA DEI VELIERI;all'intersezione con;VIA DEI TRAGHETTI;VIA DEI TRAGHETTI;;;Scontro frontale/laterale DX fra veicoli in marcia;Incrocio;Due carreggiate;Asciutto;Asfaltata;Assente;Sereno;Normale;Buona;Ore Diurne;0;0;0;4;12.276;41.7369;-1;2;Autovettura privata;In marcia / fermata / arresto;Conducente;M;Illeso;0;;Non accertato;Inesploso
4127757;13;08/12/2018 15:45:00;Strada Urbana;VIA DEI VELIERI;all'intersezione con;VIA DEI TRAGHETTI;VIA DEI TRAGHETTI;;;Scontro frontale/laterale DX fra veicoli in marcia;Incrocio;Due carreggiate;Asciutto;Asfaltata;Assente;Sereno;Normale;Buona;Ore Diurne;0;0;0;4;12.276;41.7369;-1;2;Autovettura privata;In marcia / fermata / arresto;Passeggero;M;Illeso;0;;Non accertato;Inesploso
4127757;13;08/12/2018 15:45:00;Strada Urbana;VIA DEI VELIERI;all'intersezione con;VIA DEI TRAGHETTI;VIA DEI TRAGHETTI;;;Scontro frontale/laterale DX fra veicoli in marcia;Incrocio;Due carreggiate;Asciutto;Asfaltata;Assente;Sereno;Normale;Buona;Ore Diurne;0;0;0;4;12.276;41.7369;-1;2;Autovettura privata;In marcia / fermata / arresto;Passeggero;F;Illeso;0;;Non accertato;Inesistente
4127760;2;07/12/2018 15:00:00;Strada Urbana;VIALE DEL MURO TORTO;da specificare;;;;ALTEZZA IMMISSIONE DA PIAZZALE BRASLE;Tamponamento Multiplo;Rettilineo;Due carreggiate;Asciutto;Asfaltata;Verticale ed orizzontale;Sereno;Normale;Buona;Ore Diurne;1;0;0;3;12.4817;41.9107;-1;1;Autovettura privata;In marcia / fermata / arresto;Conducente;M;Illeso;0;;Non accertato;Inesploso
4127760;2;07/12/2018 15:00:00;Strada Urbana;VIALE DEL MURO TORTO;da specificare;;;;ALTEZZA IMMISSIONE DA PIAZZALE BRASLE;Tamponamento Multiplo;Rettilineo;Due carreggiate;Asciutto;Asfaltata;Verticale ed orizzontale;Sereno;Normale;Buona;Ore Diurne;1;0;0;3;12.4817;41.9107;-1;2;Autovettura privata;In marcia / fermata / arresto;Conducente;M;Rimandato;0;NON DECEDUTO;;
4127760;2;07/12/2018 15:00:00;Strada Urbana;VIALE DEL MURO TORTO;da specificare;;;;ALTEZZA IMMISSIONE DA PIAZZALE BRASLE;Tamponamento Multiplo;Rettilineo;Due carreggiate;Asciutto;Asfaltata;Verticale ed orizzontale;Sereno;Normale;Buona;Ore Diurne;1;0;0;3;12.4817;41.9107;-1;3;Autovettura privata;In marcia / fermata / arresto;Conducente;M;Illeso;0;;Non accertato;Inesploso
4127760;2;07/12/2018 15:00:00;Strada Urbana;VIALE DEL MURO TORTO;da specificare;;;;ALTEZZA IMMISSIONE DA PIAZZALE BRASLE;Tamponamento Multiplo;Rettilineo;Due carreggiate;Asciutto;Asfaltata;Verticale ed orizzontale;Sereno;Normale;Buona;Ore Diurne;1;0;0;3;12.4817;41.9107;-1;4;Autovettura privata;In marcia / fermata / arresto;Conducente;F;Illeso;0;;;
4127768;2;07/12/2018 11:30:00;Strada Urbana;VIA DEL FORO ITALICO;all'intersezione con;VIALE DELLA MOSCHEA;VIALE DELLA MOSCHEA;;;Scontro laterale fra veicoli in marcia;Incrocio;Due carreggiate;Asciutto;Asfaltata;Verticale ed orizzontale;Sereno;Normale;Buona;Ore Diurne;1;0;0;2;12.4973;41.9403;-1;1;Autovettura privata;In marcia / fermata / arresto;Conducente;M;Illeso;0;;;
4127768;2;07/12/2018 11:30:00;Strada Urbana;VIA DEL FORO ITALICO;all'intersezione con;VIALE DELLA MOSCHEA;VIALE DELLA MOSCHEA;;;Scontro laterale fra veicoli in marcia;Incrocio;Due carreggiate;Asciutto;Asfaltata;Verticale ed orizzontale;Sereno;Normale;Buona;Ore Diurne;1;0;0;2;12.4973;41.9403;-1;1;Autovettura privata;In marcia / fermata / arresto;Passeggero;M;Illeso;0;;;
4127768;2;07/12/2018 11:30:00;Strada Urbana;VIA DEL FORO ITALICO;all'intersezione con;VIALE DELLA MOSCHEA;VIALE DELLA MOSCHEA;;;Scontro laterale fra veicoli in marcia;Incrocio;Due carreggiate;Asciutto;Asfaltata;Verticale ed orizzontale;Sereno;Normale;Buona;Ore Diurne;1;0;0;2;12.4973;41.9403;-1;2;Motociclo a solo;In marcia / fermata / arresto;Conducente;M;Ricoverato;0;NON DECEDUTO;;
4127772;13;08/12/2018 16:45:00;Strada Urbana;VIA DEI VELIERI;all'intersezione con;VIA DELLE GONDOLE;VIA DELLE GONDOLE;;;Scontro frontale/laterale SX fra veicoli in marcia;Incrocio;Due carreggiate;Asciutto;Asfaltata;Orizzontale;Sereno;Normale;Buona;Ore Diurne;0;0;0;3;12.2757;41.7365;-1;1;Autovettura privata;In marcia / fermata / arresto;Conducente;M;Illeso;0;;Non accertato;Inesploso
4127772;13;08/12/2018 16:45:00;Strada Urbana;VIA DEI VELIERI;all'intersezione con;VIA DELLE GONDOLE;VIA DELLE GONDOLE;;;Scontro frontale/laterale SX fra veicoli in marcia;Incrocio;Due carreggiate;Asciutto;Asfaltata;Orizzontale;Sereno;Normale;Buona;Ore Diurne;0;0;0;3;12.2757;41.7365;-1;1;Autovettura privata;In marcia / fermata / arresto;Passeggero;F;Illeso;0;;Non accertato;Inesploso