Protocollo;Gruppo;DataOraIncidente;Localizzazione1;STRADA1;Localizzazione2;STRADA2;Strada02;Chilometrica;DaSpecificare;NaturaIncidente;particolaritastrade;TipoStrada;FondoStradale;Pavimentazione;Segnaletica;CondizioneAtmosferica;Traffico;Visibilita;Illuminazione;NUM_FERITI;NUM_RISERVATA;NUM_MORTI;NUM_ILLESI;Longitudine;Latitudine;Confermato;Progressivo;TipoVeicolo;StatoVeicolo;TipoPersona;Sesso;Tipolesione;Deceduto;DecedutoDopo;CinturaCascoUtilizzato;Airbag;
4127964;6;08/12/2018 23:35:00;Strada Urbana;VIA PRENESTINA;all'intersezione semaforizzata con;VIA ETTORE FIERAMOSCA;VIA ETTORE FIERAMOSCA;;;Scontro laterale fra veicoli in marcia;Intersezione semaforizzata;Più di due carreggiate;Asciutto;Asfaltata;Verticale ed orizzontale;Sereno;Normale;Buona;Sufficiente;0;0;0;4;12.5281;41.8915;-1;1;Autovettura privata;In marcia / fermata / arresto;Conducente;F;Illeso;0;;Non accertato;Inesploso
4127964;6;08/12/2018 23:35:00;Strada Urbana;VIA PRENESTINA;all'intersezione semaforizzata con;VIA ETTORE FIERAMOSCA;VIA ETTORE FIERAMOSCA;;;Scontro laterale fra veicoli in marcia;Intersezione semaforizzata;Più di due carreggiate;Asciutto;Asfaltata;Verticale ed orizzontale;Sereno;Normale;Buona;Sufficiente;0;0;0;4;12.5281;41.8915;-1;1;Autovettura privata;In marcia / fermata / arresto;Passeggero;M;Illeso;0;;Non accertato;Inesploso
4127964;6;08/12/2018 23:35:00;Strada Urbana;VIA PRENESTINA;all'intersezione semaforizzata con;VIA ETTORE FIERAMOSCA;VIA ETTORE FIERAMOSCA;;;Scontro laterale fra veicoli in marcia;Intersezione semaforizzata;Più di due carreggiate;Asciutto;Asfaltata;Verticale ed orizzontale;Sereno;Normale;Buona;Sufficiente;0;0;0;4;12.5281;41.8915;-1;1;Autovettura privata;In marcia / fermata / arresto;Passeggero;M;Illeso;0;;Non accertato;Inesploso
4127964;6;08/12/2018 23:35:00;Strada Urbana;VIA PRENESTINA;all'intersezione semaforizzata con;VIA ETTORE FIERAMOSCA;VIA ETTORE FIERAMOSCA;;;Scontro laterale fra veicoli in marcia;Intersezione semaforizzata;Più di due carreggiate;Asciutto;Asfaltata;Verticale ed orizzontale;Sereno;Normale;Buona;Sufficiente;0;0;0;4;12.5281;41.8915;-1;2;Autovettura privata;In marcia / fermata / arresto;Conducente;M;Illeso;0;;Non accertato;Inesploso
4127974;6;08/12/2018 20:10:00;Strada Urbana;VIA DI ACQUA BULLICANTE;in corrispondenza;;del civico n.;171;;Veicolo in marcia contro veicolo in sosta;Rettilineo;Una carreggiata a doppio senso;Asciutto;Asfaltata;Verticale ed orizzontale;Sereno;Scarso;Sufficiente;Sufficiente;0;0;0;1;12.5435;41.8845;-1;1;Autovettura privata;Sosta;;;;;;;
4127974;6;08/12/2018 20:10:00;Strada Urbana;VIA DI ACQUA BULLICANTE;in corrispondenza;;del civico n.;171;;Veicolo in marcia contro veicolo in sosta;Rettilineo;Una carreggiata a doppio senso;Asciutto;Asfaltata;Verticale ed orizzontale;Sereno;Scarso;Sufficiente;Sufficiente;0;0;0;1;12.5435;41.8845;-1;2;Autovettura privata;In marcia / fermata / arresto;Conducente;F;Illeso;0;;;
4127985;20;08/12/2018 10:25:00;Regionale entro l'abitato;VIA CASSIA;all'intersezione con;VIA DELLA GIUSTINIANA;VIA DELLA GIUSTINIANA;;;Scontro frontale/laterale SX fra veicoli in marcia;Incrocio;Una carreggiata a doppio senso;Asciutto;Asfaltata;Verticale ed orizzontale;Sereno;Normale;Buona;Ore Diurne;2;0;0;2;12.4148;41.9824;-1;1;Autovettura privata;In marcia / fermata / arresto;Conducente;M;Illeso;0;;Non accertato;Inesploso
4127985;20;08/12/2018 10:25:00;Regionale entro l'abitato;VIA CASSIA;all'intersezione con;VIA DELLA GIUSTINIANA;VIA DELLA GIUSTINIANA;;;Scontro frontale/laterale SX fra veicoli in marcia;Incrocio;Una carreggiata a doppio senso;Asciutto;Asfaltata;Verticale ed orizzontale;Sereno;Normale;Buona;Ore Diurne;2;0;0;2;12.4148;41.9824;-1;1;Autovettura privata;In marcia / fermata / arresto;Passeggero;F;Illeso;0;;;
4127985;20;08/12/2018 10:25:00;Regionale entro l'abitato;VIA CASSIA;all'intersezione con;VIA DELLA GIUSTINIANA;VIA DELLA GIUSTINIANA;;;Scontro frontale/laterale SX fra veicoli in marcia;Incrocio;Una carreggiata a doppio senso;Asciutto;Asfaltata;Verticale ed orizzontale;Sereno;Normale;Buona;Ore Diurne;2;0;0;2;12.4148;41.9824;-1;2;Motociclo a solo;In marcia / fermata / arresto;Conducente;M;Rifiuta cure immediate;0;NON DECEDUTO;;
4127985;20;08/12/2018 10:25:00;Regionale entro l'abitato;VIA CASSIA;all'intersezione con;VIA DELLA GIUSTINIANA;VIA DELLA GIUSTINIANA;;;Scontro frontale/laterale SX fra veicoli in marcia;Incrocio;Una carreggiata a doppio senso;Asciutto;Asfaltata;Verticale ed orizzontale;Sereno;Normale;Buona;Ore Diurne;2;0;0;2;12.4148;41.9824;-1;2;Motociclo a solo;In marcia / fermata / arresto;Passeggero;F;Rimandato;0;NON DECEDUTO;;
4128013;1;07/12/2018 14:20:00;Strada Urbana;VIA QUATTRO NOVEMBRE;in prossimità;;del civico n.;153;;Investimento di pedone;Curva a visuale libera;Una carreggiata a doppio senso;Asciutto;In cubetti di porfido;Verticale ed orizzontale;Nuvoloso;Intenso;Buona;Ore Diurne;1;0;0;0;12.4856;41.8962;-1;;;;Pedone;F;Rimandato;0;NON DECEDUTO;;
4128033;20;08/12/2018 11:20:00;Strada Urbana;VIALE DI TOR DI QUINTO;in corrispondenza;;del palo luce n.;FRONTE PALO LUCE 65;;Scontro frontale/laterale SX fra veicoli in marcia;Rettilineo;Due carreggiate;Asciutto;Asfaltata;Orizzontale;Sereno;Scarso;Buona;Ore Diurne;1;0;0;5;12.4827;41.9419;-1;1;Autovettura privata;In marcia / fermata / arresto;Conducente;M;Illeso;0;;Non accertato;
4128033;20;08/12/2018 11:20:00;Strada Urbana;VIALE DI TOR DI QUINTO;in corrispondenza;;del palo luce n.;FRONTE PALO LUCE 65;;Scontro frontale/laterale SX fra veicoli in marcia;Rettilineo;Due carreggiate;Asciutto;Asfaltata;Orizzontale;Sereno;Scarso;Buona;Ore Diurne;1;0;0;5;12.4827;41.9419;-1;1;Autovettura privata;In marcia / fermata / arresto;Passeggero;F;Illeso;0;;Non accertato;
4128033;20;08/12/2018 11:20:00;Strada Urbana;VIALE DI TOR DI QUINTO;in corrispondenza;;del palo luce n.;FRONTE PALO LUCE 65;;Scontro frontale/laterale SX fra veicoli in marcia;Rettilineo;Due carreggiate;Asciutto;Asfaltata;Orizzontale;Sereno;Scarso;Buona;Ore Diurne;1;0;0;5;12.4827;41.9419;-1;1;Autovettura privata;In marcia / fermata / arresto;Passeggero;F;Illeso;0;;Non accertato;
4128033;20;08/12/2018 11:20:00;Strada Urbana;VIALE DI TOR DI QUINTO;in corrispondenza;;del palo luce n.;FRONTE PALO LUCE 65;;Scontro frontale/laterale SX fra veicoli in marcia;Rettilineo;Due carreggiate;Asciutto;Asfaltata;Orizzontale;Sereno;Scarso;Buona;Ore Diurne;1;0;0;5;12.4827;41.9419;-1;1;Autovettura privata;In marcia / fermata / arresto;Passeggero;F;Illeso;0;;Non accertato;
4128033;20;08/12/2018 11:20:00;Strada Urbana;VIALE DI TOR DI QUINTO;in corrispondenza;;del palo luce n.;FRONTE PALO LUCE 65;;Scontro frontale/laterale SX fra veicoli in marcia;Rettilineo;Due carreggiate;Asciutto;Asfaltata;Orizzontale;Sereno;Scarso;Buona;Ore Diurne;1;0;0;5;12.4827;41.9419;-1;2;Autovettura privata;In marcia / fermata / arresto;Conducente;M;Illeso;0;;Non accertato;
4128033;20;08/12/2018 11:20:00;Strada Urbana;VIALE DI TOR DI QUINTO;in corrispondenza;;del palo luce n.;FRONTE PALO LUCE 65;;Scontro frontale/laterale SX fra veicoli in marcia;Rettilineo;Due carreggiate;Asciutto;Asfaltata;Orizzontale;Sereno;Scarso;Buona;Ore Diurne;1;0;0;5;12.4827;41.9419;-1;2;Autovettura privata;In marcia / fermata / arresto;Passeggero;F;Ricoverato;0;NON DECEDUTO;Non accertato;
4128037;1;07/12/2018 18:30:00;Strada Urbana;VIA PRINCIPE EUGENIO;all'intersezione con;VIALE MANZONI;VIALE MANZONI;;;Scontro laterale fra veicoli in marcia;Incrocio;Una carreggiata a senso unico di marcia;Asciutto;Asfaltata;Verticale ed orizzontale;Sereno;Intenso;Buona;Sufficiente;0;0;0;4;12.5098;41.8933;-1;1;Autovettura privata;In marcia / fermata / arresto;Conducente;M;Illeso;0;;Non accertato;Inesploso
4128037;1;07/12/2018 18:30:00;Strada Urbana;VIA PRINCIPE EUGENIO;all'intersezione con;VIALE MANZONI;VIALE MANZONI;;;Scontro laterale fra veicoli in marcia;Incrocio;Una carreggiata a senso unico di marcia;Asciutto;Asfaltata;Verticale ed orizzontale;Sereno;Intenso;Buona;Sufficiente;0;0;0;4;12.5098;41.8933;-1;1;Autovettura privata;In marcia / fermata / arresto;Passeggero;M;Illeso;0;;Non accertato;Inesploso
4128037;1;07/12/2018 18:30:00;Strada Urbana;VIA PRINCIPE EUGENIO;all'intersezione con;VIALE MANZONI;VIALE MANZONI;;;Scontro laterale fra veicoli in marcia;Incrocio;Una carreggiata a senso unico di marcia;Asciutto;Asfaltata;Verticale ed orizzontale;Sereno;Intenso;Buona;Sufficiente;0;0;0;4;12.5098;41.8933;-1;1;Autovettura privata;In marcia / fermata / arresto;Passeggero;F;Illeso;0;;Non accertato;Inesploso
4128037;1;07/12/2018 18:30:00;Strada Urbana;VIA PRINCIPE EUGENIO;all'intersezione con;VIALE MANZONI;VIALE MANZONI;;;Scontro laterale fra veicoli in marcia;Incrocio;Una carreggiata a senso unico di marcia;Asciutto;Asfaltata;Verticale ed orizzontale;Sereno;Intenso;Buona;Sufficiente;0;0;0;4;12.5098;41.8933;-1;2;Autovettura privata;In marcia / fermata / arresto;Conducente;M;Illeso;0;;Non accertato;Inesploso
4128045;13;08/12/2018 19:00:00;Provinciale entro l'abitato;VIA DEL MARE;da specificare;;;;prossimità Via delle Azzorre;Veicolo in marcia contro ostacolo accidentale;Rettilineo;Una carreggiata a doppio senso;Asciutto;Strada pavimentata dissestata;Verticale ed orizzontale;Sereno;Normale;Buona;Sufficiente;1;0;0;0;12.4632;41.8403;-1;1;Motociclo a solo;In marcia / fermata / arresto;Conducente;M;Ricoverato;0;NON DECEDUTO;Non accertato;
4128075;1;07/12/2018 15:15:00;Strada Urbana;VIA VITTORIO EMANUELE ORLANDO;all'intersezione con;PIAZZA DELLA REPUBBLICA;PIAZZA DELLA REPUBBLICA;;;Scontro laterale fra veicoli in marcia;Rotatoria;Una carreggiata a senso unico di marcia;Asciutto;Asfaltata;Verticale ed orizzontale;Sereno;Normale;Buona;Ore Diurne;0;0;0;2;12.4952;41.9036;-1;1;Autovettura pubblica;In marcia / fermata / arresto;Conducente;M;Illeso;0;;;
4128075;1;07/12/2018 15:15:00;Strada Urbana;VIA VITTORIO EMANUELE ORLANDO;all'intersezione con;PIAZZA DELLA REPUBBLICA;PIAZZA DELLA REPUBBLICA;;;Scontro laterale fra veicoli in marcia;Rotatoria;Una carreggiata a senso unico di marcia;Asciutto;Asfaltata;Verticale ed orizzontale;Sereno;Normale;Buona;Ore Diurne;0;0;0;2;12.4952;41.9036;-1;2;Autovettura privata;In marcia / fermata / arresto;Conducente;F;Illeso;0;;;
4128102;20;08/12/2018 00:30:00;Strada Urbana;VIA ANGUILLARESE;in prossimità;;del civico n.;480;;Fuoriuscita dalla sede stradale;Rettilineo;Una carreggiata a doppio senso;Asciutto;Asfaltata;Verticale ed orizzontale;Sereno;Scarso;Buona;Ore Diurne;0;0;0;1;12.2959;42.0506;-1;1;Autovettura privata;In marcia / fermata / arresto;Conducente;F;Illeso;0;;;
4128127;1;07/12/2018 22:30:00;Strada Urbana;PIAZZA DELL'ESQUILINO;all'intersezione semaforizzata con;VIA CAVOUR;VIA CAVOUR;;;Scontro frontale/laterale DX fra veicoli in marcia;Incrocio;Una carreggiata a doppio senso;Bagnato (pioggia);Asfaltata;Verticale ed orizzontale;Nuvoloso;Normale;Sufficiente;Sufficiente;0;0;0;2;12.4975;41.8987;-1;1;Autovettura privata;In marcia / fermata / arresto;Conducente;M;Illeso;0;;;
4128127;1;07/12/2018 22:30:00;Strada Urbana;PIAZZA DELL'ESQUILINO;all'intersezione semaforizzata con;VIA CAVOUR;VIA CAVOUR;;;Scontro frontale/laterale DX fra veicoli in marcia;Incrocio;Una carreggiata a doppio senso;Bagnato (pioggia);Asfaltata;Verticale ed orizzontale;Nuvoloso;Normale;Sufficiente;Sufficiente;0;0;0;2;12.4975;41.8987;-1;2;Autovettura privata;In marcia / fermata / arresto;Conducente;M;Illeso;0;;;
4128135;20;07/12/2018 16:40:00;Strada Urbana;VIALE DI TOR DI QUINTO;in corrispondenza;;del civico n.;120;;Veicolo in marcia contro veicolo in sosta;Curva a visuale libera;Due carreggiate;Asciutto;Asfaltata;Orizzontale;Sereno;Intenso;Buona;Ore Diurne;0;1;0;0;12.4865;41.9468;-1;1;Motociclo a solo;In marcia / fermata / arresto;Conducente;M;Prognosi riservata;0;NON DECEDUTO;Non accertato;
4128135;20;07/12/2018 16:40:00;Strada Urbana;VIALE DI TOR DI QUINTO;in corrispondenza;;del civico n.;120;;Veicolo in marcia contro veicolo in sosta;Curva a visuale libera;Due carreggiate;Asciutto;Asfaltata;Orizzontale;Sereno;Intenso;Buona;Ore Diurne;0;1;0;0;12.4865;41.9468;-1;2;Autovettura privata;Sosta;;;;;;;
4128216;15;09/12/2018 17:40:00;Strada Urbana;VIALE GUGLIELMO MARCONI;in prossimità;;del civico n.;263;;Tamponamento;Rettilineo;Due carreggiate;Asciutto;Asfaltata;Orizzontale;Nuvoloso;Normale;Buona;Sufficiente;1;0;0;1;12.4697;41.8631;-1;1;Motociclo a solo;In marcia / fermata / arresto;Conducente;M;Ricoverato;0;NON DECEDUTO;Non accertato;
4128216;15;09/12/2018 17:40:00;Strada Urbana;VIALE GUGLIELMO MARCONI;in prossimità;;del civico n.;263;;Tamponamento;Rettilineo;Due carreggiate;Asciutto;Asfaltata;Orizzontale;Nuvoloso;Normale;Buona;Sufficiente;1;0;0;1;12.4697;41.8631;-1;2;Autovettura privata;In marcia / fermata / arresto;Conducente;M;Illeso;0;;Non accertato;Inesploso
4128353;15;09/12/2018 22:35:00;Strada Urbana;LUNGOTEVERE DEGLI INVENTORI;in prossimità;;del civico n.;132;;Scontro frontale/laterale SX fra veicoli in marcia;Rettilineo;Una carreggiata a doppio senso;Asciutto;Asfaltata;Orizzontale;Sereno;Scarso;Buona;Sufficiente;1;0;0;1;12.4646;41.8611;-1;1;Autovettura privata;In marcia / fermata / arresto;Conducente;M;Illeso;0;;Non accertato;Inesploso
4128353;15;09/12/2018 22:35:00;Strada Urbana;LUNGOTEVERE DEGLI INVENTORI;in prossimità;;del civico n.;132;;Scontro frontale/laterale SX fra veicoli in marcia;Rettilineo;Una carreggiata a doppio senso;Asciutto;Asfaltata;Orizzontale;Sereno;Scarso;Buona;Sufficiente;1;0;0;1;12.4646;41.8611;-1;2;Motociclo a solo;In marcia / fermata / arresto;Conducente;M;Rimandato;0;NON DECEDUTO;Utilizzato;
4128609;9;07/12/2018 17:00:00;Strada Urbana;VIA DELLA STAZIONE TUSCOLANA;da specificare;;;;fronte civico 84;Scontro laterale fra veicoli in marcia;Rettilineo;Una carreggiata a doppio senso;Asciutto;Asfaltata;Verticale ed orizzontale;Sereno;Scarso;Sufficiente;Sufficiente;0;0;0;2;12.5257;41.8843;-1;1;Autovettura privata;In marcia / fermata / arresto;Conducente;M;Illeso;0;;Non accertato;Inesploso
4128609;9;07/12/2018 17:00:00;Strada Urbana;VIA DELLA STAZIONE TUSCOLANA;da specificare;;;;fronte civico 84;Scontro laterale fra veicoli in marcia;Rettilineo;Una carreggiata a doppio senso;Asciutto;Asfaltata;Verticale ed orizzontale;Sereno;Scarso;Sufficiente;Sufficiente;0;0;0;2;12.5257;41.8843;-1;2;Autovettura privata;In marcia / fermata / arresto;Conducente;M;Illeso;0;;Non accertato;Inesploso
4128611;9;08/12/2018 17:10:00;Strada Urbana;VIA APPIA NUOVA;in prossimità;;del civico n.;803;;Scontro frontale/laterale DX fra veicoli in marcia;Rettilineo;Una carreggiata a doppio senso;Asciutto;Asfaltata;Assente;Sereno;Scarso;Buona;Sufficiente;1;0;0;2;12.5438;41.8545;-1;1;Autovettura privata;In marcia / fermata / arresto;Conducente;F;Illeso;0;;Non accertato;Inesploso
4128611;9;08/12/2018 17:10:00;Strada Urbana;VIA APPIA NUOVA;in prossimità;;del civico n.;803;;Scontro frontale/laterale DX fra veicoli in marcia;Rettilineo;Una carreggiata a doppio senso;Asciutto;Asfaltata;Assente;Sereno;Scarso;Buona;Sufficiente;1;0;0;2;12.5438;41.8545;-1;1;Autovettura privata;In marcia / fermata / arresto;Passeggero;M;Illeso;0;;Non accertato;Inesploso
4128611;9;08/12/2018 17:10:00;Strada Urbana;VIA APPIA NUOVA;in prossimità;;del civico n.;803;;Scontro frontale/laterale DX fra veicoli in marcia;Rettilineo;Una carreggiata a doppio senso;Asciutto;Asfaltata;Assente;Sereno;Scarso;Buona;Sufficiente;1;0;0;2;12.5438;41.8545;-1;2;Autovettura privata;In marcia / fermata / arresto;Conducente;M;Rimandato;0;NON DECEDUTO;Non accertato;Inesploso
4128616;9;09/12/2018 12:05:00;Strada Urbana;VIA AMITERNO;all'intersezione con;VIA MAGNAGRECIA;VIA MAGNAGRECIA;;;Scontro laterale fra veicoli in marcia;Incrocio;Una carreggiata a doppio senso;Asciutto;Asfaltata;Verticale ed orizzontale;Sereno;Normale;Buona;Ore Diurne;0;0;0;6;12.5084;41.8822;-1;1;Autovettura privata;In marcia / fermata / arresto;Conducente;M;Illeso;0;;Non accertato;Inesploso
4128616;9;09/12/2018 12:05:00;Strada Urbana;VIA AMITERNO;all'intersezione con;VIA MAGNAGRECIA;VIA MAGNAGRECIA;;;Scontro laterale fra veicoli in marcia;Incrocio;Una carreggiata a doppio senso;Asciutto;Asfaltata;Verticale ed orizzontale;Sereno;Normale;Buona;Ore Diurne;0;0;0;6;12.5084;41.8822;-1;1;Autovettura privata;In marcia / fermata / arresto;Passeggero;M;Illeso;0;;Non accertato;Inesploso
4128616;9;09/12/2018 12:05:00;Strada Urbana;VIA AMITERNO;all'intersezione con;VIA MAGNAGRECIA;VIA MAGNAGRECIA;;;Scontro laterale fra veicoli in marcia;Incrocio;Una carreggiata a doppio senso;Asciutto;Asfaltata;Verticale ed orizzontale;Sereno;Normale;Buona;Ore Diurne;0;0;0;6;12.5084;41.8822;-1;2;Autovettura privata;In marcia / fermata / arresto;Conducente;M;Illeso;0;;Non accertato;Inesploso
4128616;9;09/12/2018 12:05:00;Strada Urbana;VIA AMITERNO;all'intersezione con;VIA MAGNAGRECIA;VIA MAGNAGRECIA;;;Scontro laterale fra veicoli in marcia;Incrocio;Una carreggiata a doppio senso;Asciutto;Asfaltata;Verticale ed orizzontale;Sereno;Normale;Buona;Ore Diurne;0;0;0;6;12.5084;41.8822;-1;2;Autovettura privata;In marcia / fermata / arresto;Passeggero;F;Illeso;0;;Non accertato;Inesploso
4128616;9;09/12/2018 12:05:00;Strada Urbana;VIA AMITERNO;all'intersezione con;VIA MAGNAGRECIA;VIA MAGNAGRECIA;;;Scontro laterale fra veicoli in marcia;Incrocio;Una carreggiata a doppio senso;Asciutto;Asfaltata;Verticale ed orizzontale;Sereno;Normale;Buona;Ore Diurne;0;0;0;6;12.5084;41.8822;-1;2;Autovettura privata;In marcia / fermata / arresto;Passeggero;M;Illeso;0;;Non accertato;Inesploso
4128616;9;09/12/2018 12:05:00;Strada Urbana;VIA AMITERNO;all'intersezione con;VIA MAGNAGRECIA;VIA MAGNAGRECIA;;;Scontro laterale fra veicoli in marcia;Incrocio;Una carreggiata a doppio senso;Asciutto;Asfaltata;Verticale ed orizzontale;Sereno;Normale;Buona;Ore Diurne;0;0;0;6;12.5084;41.8822;-1;2;Autovettura privata;In marcia / fermata / arresto;Passeggero;F;Illeso;0;;Non accertato;Inesploso
4128629;10;09/12/2018 18:30:00;Strada Urbana;VIA APPIA NUOVA;da specificare;;;;KM 15,900;Tamponamento Multiplo;Rettilineo;Due carreggiate;Asciutto;Asfaltata;Verticale ed orizzontale;Nuvoloso;Intenso;Buona;Sufficiente;0;0;0;5;12.5888;41.7959;-1;1;Autovettura privata;In marcia / fermata / arresto;Conducente;M;Illeso;0;;Non accertato;Inesploso
4128629;10;09/12/2018 18:30:00;Strada Urbana;VIA APPIA NUOVA;da specificare;;;;KM 15,900;Tamponamento Multiplo;Rettilineo;Due carreggiate;Asciutto;Asfaltata;Verticale ed orizzontale;Nuvoloso;Intenso;Buona;Sufficiente;0;0;0;5;12.5888;41.7959;-1;1;Autovettura privata;In marcia / fermata / arresto;Passeggero;F;Illeso;0;;Non accertato;Inesploso
4128629;10;09/12/2018 18:30:00;Strada Urbana;VIA APPIA NUOVA;da specificare;;;;KM 15,900;Tamponamento Multiplo;Rettilineo;Due carreggiate;Asciutto;Asfaltata;Verticale ed orizzontale;Nuvoloso;Intenso;Buona;Sufficiente;0;0;0;5;12.5888;41.7959;-1;2;Autovettura privata;In marcia / fermata / arresto;Conducente;M;Illeso;0;;Non accertato;Inesploso
4128629;10;09/12/2018 18:30:00;Strada Urbana;VIA APPIA NUOVA;da specificare;;;;KM 15,900;Tamponamento Multiplo;Rettilineo;Due carreggiate;Asciutto;Asfaltata;Verticale ed orizzontale;Nuvoloso;Intenso;Buona;Sufficiente;0;0;0;5;12.5888;41.7959;-1;3;Autovettura privata;In marcia / fermata / arresto;Conducente;M;Illeso;0;;Non accertato;Inesploso
4128629;10;09/12/2018 18:30:00;Strada Urbana;VIA APPIA NUOVA;da specificare;;;;KM 15,900;Tamponamento Multiplo;Rettilineo;Due carreggiate;Asciutto;Asfaltata;Verticale ed orizzontale;Nuvoloso;Intenso;Buona;Sufficiente;0;0;0;5;12.5888;41.7959;-1;3;Autovettura privata;In marcia / fermata / arresto;Passeggero;F;Illeso;0;;Non accertato;Inesploso
4128631;10;09/12/2018 19:00:00;Strada Urbana;VIA APPIA NUOVA;da specificare;;;;inizio sottopasso direz. Roma centro alt. via dei ;Tamponamento;Rettilineo;Due carreggiate;Asciutto;Asfaltata;Verticale ed orizzontale;Sereno;Normale;Buona;Sufficiente;0;0;0;2;12.5889;41.7958;-1;1;Autovettura privata;In marcia / fermata / arresto;Conducente;M;Illeso;0;;Non accertato;Inesploso
4128631;10;09/12/2018 19:00:00;Strada Urbana;VIA APPIA NUOVA;da specificare;;;;inizio sottopasso direz. Roma centro alt. via dei ;Tamponamento;Rettilineo;Due carreggiate;Asciutto;Asfaltata;Verticale ed orizzontale;Sereno;Normale;Buona;Sufficiente;0;0;0;2;12.5889;41.7958;-1;2;Autovettura privata;In marcia / fermata / arresto;Conducente;F;Illeso;0;;Non accertato;Inesploso
4128636;15;08/12/2018 02:35:00;Strada Urbana;VIALE GUGLIELMO MARCONI;in corrispondenza;;del civico n.;642;;Tamponamento;Rettilineo;Due carreggiate;Bagnato (pioggia);Asfaltata;Orizzontale;Nuvoloso;Scarso;Sufficiente;Sufficiente;0;0;0;3;12.4732;41.8517;-1;1;Autovettura privata;In marcia / fermata / arresto;Conducente;M;Illeso;0;;;
4128636;15;08/12/2018 02:35:00;Strada Urbana;VIALE GUGLIELMO MARCONI;in corrispondenza;;del civico n.;642;;Tamponamento;Rettilineo;Due carreggiate;Bagnato (pioggia);Asfaltata;Orizzontale;Nuvoloso;Scarso;Sufficiente;Sufficiente;0;0;0;3;12.4732;41.8517;-1;1;Autovettura privata;In marcia / fermata / arresto;Passeggero;F;Illeso;0;;;Inesploso
4128636;15;08/12/2018 02:35:00;Strada Urbana;VIALE GUGLIELMO MARCONI;in corrispondenza;;del civico n.;642;;Tamponamento;Rettilineo;Due carreggiate;Bagnato (pioggia);Asfaltata;Orizzontale;Nuvoloso;Scarso;Sufficiente;Sufficiente;0;0;0;3;12.4732;41.8517;-1;2;Autovettura privata;In marcia / fermata / arresto;Conducente;M;Illeso;0;;;
4128639;1;08/12/2018 10:40:00;Strada Urbana;VIA DELLE TERME DI DIOCLEZIANO;all'intersezione con;VIA DEL VIMINALE;VIA DEL VIMINALE;;;Scontro laterale fra veicoli in marcia;Incrocio;Una carreggiata a senso unico di marcia;Asciutto;Asfaltata;Verticale ed orizzontale;Sereno;Normale;Buona;Ore Diurne;0;0;0;4;12.4976;41.9014;-1;1;Autovettura privata;In marcia / fermata / arresto;Conducente;F;Illeso;0;;Non accertato;Inesploso
4128639;1;08/12/2018 10:40:00;Strada Urbana;VIA DELLE TERME DI DIOCLEZIANO;all'intersezione con;VIA DEL VIMINALE;VIA DEL VIMINALE;;;Scontro laterale fra veicoli in marcia;Incrocio;Una carreggiata a senso unico di marcia;Asciutto;Asfaltata;Verticale ed orizzontale;Sereno;Normale;Buona;Ore Diurne;0;0;0;4;12.4976;41.9014;-1;1;Autovettura privata;In marcia / fermata / arresto;Passeggero;M;Illeso;0;;Non accertato;Inesploso
4128639;1;08/12/2018 10:40:00;Strada Urbana;VIA DELLE TERME DI DIOCLEZIANO;all'intersezione con;VIA DEL VIMINALE;VIA DEL VIMINALE;;;Scontro laterale fra veicoli in marcia;Incrocio;Una carreggiata a senso unico di marcia;Asciutto;Asfaltata;Verticale ed orizzontale;Sereno;Normale;Buona;Ore Diurne;0;0;0;4;12.4976;41.9014;-1;2;Autovettura di polizia;In marcia / fermata / arresto;Conducente;M;Illeso;0;;Esente;Inesploso
4128639;1;08/12/2018 10:40:00;Strada Urbana;VIA DELLE TERME DI DIOCLEZIANO;all'intersezione con;VIA DEL VIMINALE;VIA DEL VIMINALE;;;Scontro laterale fra veicoli in marcia;Incrocio;Una carreggiata a senso unico di marcia;Asciutto;Asfaltata;Verticale ed orizzontale;Sereno;Normale;Buona;Ore Diurne;0;0;0;4;12.4976;41.9014;-1;2;Autovettura di polizia;In marcia / fermata / arresto;Passeggero;M;Illeso;0;;Esente;Inesploso
4128640;15;07/12/2018 08:45:00;Strada Urbana;VIA DELLA MAGLIANA;all'intersezione con;VIA DELLE IDROVORE DELLA MAGLIANA;VIA DELLE IDROVORE DELLA MAGLIANA;;;Scontro laterale fra veicoli in marcia;Incrocio;Una carreggiata a doppio senso;Asciutto;Asfaltata;Verticale ed orizzontale;Sereno;Normale;Buona;Ore Diurne;1;0;0;2;12.4196;41.8317;-1;1;Autocarro inferiore 35 q.;In marcia / fermata / arresto;Conducente;M;Illeso;0;;Utilizzato;
4128640;15;07/12/2018 08:45:00;Strada Urbana;VIA DELLA MAGLIANA;all'intersezione con;VIA DELLE IDROVORE DELLA MAGLIANA;VIA DELLE IDROVORE DELLA MAGLIANA;;;Scontro laterale fra veicoli in marcia;Incrocio;Una carreggiata a doppio senso;Asciutto;Asfaltata;Verticale ed orizzontale;Sereno;Normale;Buona;Ore Diurne;1;0;0;2;12.4196;41.8317;-1;1;Autocarro inferiore 35 q.;In marcia / fermata / arresto;Passeggero;M;Rimandato;0;NON DECEDUTO;Utilizzato;
4128640;15;07/12/2018 08:45:00;Strada Urbana;VIA DELLA MAGLIANA;all'intersezione con;VIA DELLE IDROVORE DELLA MAGLIANA;VIA DELLE IDROVORE DELLA MAGLIANA;;;Scontro laterale fra veicoli in marcia;Incrocio;Una carreggiata a doppio senso;Asciutto;Asfaltata;Verticale ed orizzontale;Sereno;Normale;Buona;Ore Diurne;1;0;0;2;12.4196;41.8317;-1;2;Autovettura privata;In marcia / fermata / arresto;Conducente;M;Illeso;0;;Utilizzato;