Protocollo;Gruppo;DataOraIncidente;Localizzazione1;STRADA1;Localizzazione2;STRADA2;Strada02;Chilometrica;DaSpecificare;NaturaIncidente;particolaritastrade;TipoStrada;FondoStradale;Pavimentazione;Segnaletica;CondizioneAtmosferica;Traffico;Visibilita;Illuminazione;NUM_FERITI;NUM_RISERVATA;NUM_MORTI;NUM_ILLESI;Longitudine;Latitudine;Confermato;Progressivo;TipoVeicolo;StatoVeicolo;TipoPersona;Sesso;Tipolesione;Deceduto;DecedutoDopo;CinturaCascoUtilizzato;Airbag;
4133804;15;12/12/2018 09:50:00;Strada Urbana;VIA PORTUENSE;all'intersezione con;VIA DI POZZO PANTALEO;VIA DI POZZO PANTALEO;;;Scontro laterale fra veicoli in marcia;Intersezione stradale segnalata;Due carreggiate;Asciutto;Asfaltata;Verticale ed orizzontale;Sereno;Intenso;Buona;Ore Diurne;0;0;0;3;12.414;41.8469;-1;2;Autovettura privata;In marcia / fermata / arresto;Conducente;F;Illeso;0;;;Inesploso
4133804;15;12/12/2018 09:50:00;Strada Urbana;VIA PORTUENSE;all'intersezione con;VIA DI POZZO PANTALEO;VIA DI POZZO PANTALEO;;;Scontro laterale fra veicoli in marcia;Intersezione stradale segnalata;Due carreggiate;Asciutto;Asfaltata;Verticale ed orizzontale;Sereno;Intenso;Buona;Ore Diurne;0;0;0;3;12.414;41.8469;-1;2;Autovettura privata;In marcia / fermata / arresto;Passeggero;F;Illeso;0;;;
4133813;15;12/12/2018 14:15:00;Strada Urbana;LARGO GAETANO LA LOGGIA;all'intersezione semaforizzata con;VIALE DEI COLLI PORTUENSI;VIALE DEI COLLI PORTUENSI;;;Scontro laterale fra veicoli in marcia;Incrocio;Una carreggiata a doppio senso;Asciutto;Asfaltata;Verticale ed orizzontale;Sereno;Normale;Buona;Ore Diurne;0;0;0;2;12.446;41.8561;-1;1;Autovettura privata;In marcia / fermata / arresto;Conducente;F;Illeso;0;;Non accertato;Inesploso
4133813;15;12/12/2018 14:15:00;Strada Urbana;LARGO GAETANO LA LOGGIA;all'intersezione semaforizzata con;VIALE DEI COLLI PORTUENSI;VIALE DEI COLLI PORTUENSI;;;Scontro laterale fra veicoli in marcia;Incrocio;Una carreggiata a doppio senso;Asciutto;Asfaltata;Verticale ed orizzontale;Sereno;Normale;Buona;Ore Diurne;0;0;0;2;12.446;41.8561;-1;2;Autovettura privata;In marcia / fermata / arresto;Conducente;M;Illeso;0;;Non accertato;Inesploso
4133817;15;12/12/2018 19:30:00;Strada Urbana;VIA DI PONTE GALERIA;da specificare;;;;civico 276 area parcheggio Eni;Veicolo in marcia contro veicolo in sosta;Rettilineo;Una carreggiata a doppio senso;Asciutto;Asfaltata;Assente;Sereno;Scarso;Insufficiente;Insufficiente;0;0;0;1;12.3412;41.8303;-1;1;Autoarticolato;In marcia / fermata / arresto;Conducente;M;Illeso;0;;Utilizzato;
4133817;15;12/12/2018 19:30:00;Strada Urbana;VIA DI PONTE GALERIA;da specificare;;;;civico 276 area parcheggio Eni;Veicolo in marcia contro veicolo in sosta;Rettilineo;Una carreggiata a doppio senso;Asciutto;Asfaltata;Assente;Sereno;Scarso;Insufficiente;Insufficiente;0;0;0;1;12.3412;41.8303;-1;2;Autotreno;Sosta;;;;;;;
4133818;1;12/12/2018 14:10:00;Strada Urbana;VIA CELIO VIBENNA;da specificare;;;;ALT FERMATA BUS 70816;Tamponamento Multiplo;Rettilineo;Due carreggiate;Asciutto;Asfaltata;Assente;Nuvoloso;Normale;Buona;Ore Diurne;0;0;0;3;12.492;41.8892;-1;1;Autovettura privata;In marcia / fermata / arresto;Conducente;M;Illeso;0;;;
4133818;1;12/12/2018 14:10:00;Strada Urbana;VIA CELIO VIBENNA;da specificare;;;;ALT FERMATA BUS 70816;Tamponamento Multiplo;Rettilineo;Due carreggiate;Asciutto;Asfaltata;Assente;Nuvoloso;Normale;Buona;Ore Diurne;0;0;0;3;12.492;41.8892;-1;2;Autovettura privata;In marcia / fermata / arresto;Conducente;M;Illeso;0;;;
4133818;1;12/12/2018 14:10:00;Strada Urbana;VIA CELIO VIBENNA;da specificare;;;;ALT FERMATA BUS 70816;Tamponamento Multiplo;Rettilineo;Due carreggiate;Asciutto;Asfaltata;Assente;Nuvoloso;Normale;Buona;Ore Diurne;0;0;0;3;12.492;41.8892;-1;3;Autovettura privata;In marcia / fermata / arresto;Conducente;F;Illeso;0;;;
4133823;20;12/12/2018 18:15:00;Strada Urbana;VIA OFFANENGO;in corrispondenza;;del palo luce n.;14;;Scontro laterale fra veicoli in marcia;Rettilineo;Una carreggiata a doppio senso;Asciutto;Asfaltata;Assente;Sereno;Scarso;Buona;Sufficiente;0;0;0;2;12.4856;41.9976;-1;1;Autovettura privata;In marcia / fermata / arresto;Conducente;M;Illeso;0;;Non accertato;Inesploso
4133823;20;12/12/2018 18:15:00;Strada Urbana;VIA OFFANENGO;in corrispondenza;;del palo luce n.;14;;Scontro laterale fra veicoli in marcia;Rettilineo;Una carreggiata a doppio senso;Asciutto;Asfaltata;Assente;Sereno;Scarso;Buona;Sufficiente;0;0;0;2;12.4856;41.9976;-1;2;Autovettura privata;In marcia / fermata / arresto;Conducente;M;Illeso;0;;Non accertato;Inesploso
4133824;10;13/12/2018 01:00:00;Strada Urbana;VIA APPIA NUOVA;all'intersezione con;VIA ALLUMIERE;VIA ALLUMIERE;;;Scontro laterale fra veicoli in marcia;Incrocio;Due carreggiate;Asciutto;Asfaltata;Verticale ed orizzontale;Sereno;Scarso;Sufficiente;Sufficiente;1;0;0;1;12.5317;41.8646;-1;1;Motociclo a solo;In marcia / fermata / arresto;Conducente;M;Rimandato;0;NON DECEDUTO;Non accertato;
4133824;10;13/12/2018 01:00:00;Strada Urbana;VIA APPIA NUOVA;all'intersezione con;VIA ALLUMIERE;VIA ALLUMIERE;;;Scontro laterale fra veicoli in marcia;Incrocio;Due carreggiate;Asciutto;Asfaltata;Verticale ed orizzontale;Sereno;Scarso;Sufficiente;Sufficiente;1;0;0;1;12.5317;41.8646;-1;2;Autovettura privata;In marcia / fermata / arresto;Conducente;F;Illeso;0;;Non accertato;Inesploso
4133832;15;12/12/2018 19:15:00;Strada Urbana;VIA PORTUENSE;all'intersezione semaforizzata con;LARGO VOLONTARI DEL SANGUE;LARGO VOLONTARI DEL SANGUE;;;Tamponamento;Intersezione semaforizzata;Una carreggiata a doppio senso;Asciutto;Asfaltata;Verticale ed orizzontale;Sereno;Normale;Buona;Sufficiente;0;0;0;2;12.414;41.8469;-1;1;Autovettura privata;In marcia / fermata / arresto;Conducente;F;Illeso;0;;Non accertato;Inesploso
4133832;15;12/12/2018 19:15:00;Strada Urbana;VIA PORTUENSE;all'intersezione semaforizzata con;LARGO VOLONTARI DEL SANGUE;LARGO VOLONTARI DEL SANGUE;;;Tamponamento;Intersezione semaforizzata;Una carreggiata a doppio senso;Asciutto;Asfaltata;Verticale ed orizzontale;Sereno;Normale;Buona;Sufficiente;0;0;0;2;12.414;41.8469;-1;2;Autovettura privata;In marcia / fermata / arresto;Conducente;M;Illeso;0;;;
4133836;10;12/12/2018 17:04:00;Strada Urbana;VIA ANAGNINA;in prossimità;;del civico n.;169;;Tamponamento Multiplo;Rettilineo;Due carreggiate;Asciutto;Asfaltata;Verticale ed orizzontale;Sereno;Normale;Sufficiente;Ore Diurne;2;0;0;3;12.5993;41.8287;-1;1;Autovettura privata;In marcia / fermata / arresto;Conducente;M;Illeso;0;;Non accertato;Inesploso
4133836;10;12/12/2018 17:04:00;Strada Urbana;VIA ANAGNINA;in prossimità;;del civico n.;169;;Tamponamento Multiplo;Rettilineo;Due carreggiate;Asciutto;Asfaltata;Verticale ed orizzontale;Sereno;Normale;Sufficiente;Ore Diurne;2;0;0;3;12.5993;41.8287;-1;2;Autovettura privata;In marcia / fermata / arresto;Conducente;F;Rifiuta cure immediate;0;NON DECEDUTO;Non accertato;Inesploso
4133836;10;12/12/2018 17:04:00;Strada Urbana;VIA ANAGNINA;in prossimità;;del civico n.;169;;Tamponamento Multiplo;Rettilineo;Due carreggiate;Asciutto;Asfaltata;Verticale ed orizzontale;Sereno;Normale;Sufficiente;Ore Diurne;2;0;0;3;12.5993;41.8287;-1;2;Autovettura privata;In marcia / fermata / arresto;Passeggero;M;Rifiuta cure immediate;0;NON DECEDUTO;Non accertato;Inesploso
4133836;10;12/12/2018 17:04:00;Strada Urbana;VIA ANAGNINA;in prossimità;;del civico n.;169;;Tamponamento Multiplo;Rettilineo;Due carreggiate;Asciutto;Asfaltata;Verticale ed orizzontale;Sereno;Normale;Sufficiente;Ore Diurne;2;0;0;3;12.5993;41.8287;-1;3;Autovettura privata;In marcia / fermata / arresto;Conducente;M;Illeso;0;;Non accertato;Inesploso
4133836;10;12/12/2018 17:04:00;Strada Urbana;VIA ANAGNINA;in prossimità;;del civico n.;169;;Tamponamento Multiplo;Rettilineo;Due carreggiate;Asciutto;Asfaltata;Verticale ed orizzontale;Sereno;Normale;Sufficiente;Ore Diurne;2;0;0;3;12.5993;41.8287;-1;3;Autovettura privata;In marcia / fermata / arresto;Passeggero;F;Illeso;0;;Non accertato;Inesploso
4133839;8;12/12/2018 17:05:00;Statale entro l'abitato;VIA CASILINA;in prossimità;;del civico n.;1374;;Scontro laterale fra veicoli in marcia;Rettilineo;Una carreggiata a doppio senso;Asciutto;Asfaltata;Orizzontale;Sereno;Intenso;Sufficiente;Sufficiente;0;0;0;2;12.6146;41.8625;-1;1;Motociclo a solo;In marcia / fermata / arresto;Conducente;M;Illeso;0;;Non accertato;
4133839;8;12/12/2018 17:05:00;Statale entro l'abitato;VIA CASILINA;in prossimità;;del civico n.;1374;;Scontro laterale fra veicoli in marcia;Rettilineo;Una carreggiata a doppio senso;Asciutto;Asfaltata;Orizzontale;Sereno;Intenso;Sufficiente;Sufficiente;0;0;0;2;12.6146;41.8625;-1;2;Autovettura privata;In marcia / fermata / arresto;Conducente;F;Illeso;0;;Non accertato;Inesploso
4133843;15;12/12/2018 18:40:00;Strada Urbana;VIA DEL TRULLO;all'intersezione semaforizzata con;VIA PORTUENSE;VIA PORTUENSE;;;Veicolo in marcia contro veicolo arresto;Intersezione semaforizzata;Due carreggiate;Asciutto;Asfaltata;Verticale ed orizzontale;Nuvoloso;Normale;Sufficiente;Sufficiente;0;0;0;4;12.4368;41.843;-1;1;Autovettura privata;In marcia / fermata / arresto;Conducente;M;Illeso;0;;;
4133843;15;12/12/2018 18:40:00;Strada Urbana;VIA DEL TRULLO;all'intersezione semaforizzata con;VIA PORTUENSE;VIA PORTUENSE;;;Veicolo in marcia contro veicolo arresto;Intersezione semaforizzata;Due carreggiate;Asciutto;Asfaltata;Verticale ed orizzontale;Nuvoloso;Normale;Sufficiente;Sufficiente;0;0;0;4;12.4368;41.843;-1;1;Autovettura privata;In marcia / fermata / arresto;Passeggero;F;Illeso;0;;;
4133843;15;12/12/2018 18:40:00;Strada Urbana;VIA DEL TRULLO;all'intersezione semaforizzata con;VIA PORTUENSE;VIA PORTUENSE;;;Veicolo in marcia contro veicolo arresto;Intersezione semaforizzata;Due carreggiate;Asciutto;Asfaltata;Verticale ed orizzontale;Nuvoloso;Normale;Sufficiente;Sufficiente;0;0;0;4;12.4368;41.843;-1;2;Motociclo con passeggero;In marcia / fermata / arresto;Conducente;M;Illeso;0;;;
4133843;15;12/12/2018 18:40:00;Strada Urbana;VIA DEL TRULLO;all'intersezione semaforizzata con;VIA PORTUENSE;VIA PORTUENSE;;;Veicolo in marcia contro veicolo arresto;Intersezione semaforizzata;Due carreggiate;Asciutto;Asfaltata;Verticale ed orizzontale;Nuvoloso;Normale;Sufficiente;Sufficiente;0;0;0;4;12.4368;41.843;-1;2;Motociclo con passeggero;In marcia / fermata / arresto;Passeggero;M;Illeso;0;;Utilizzato;
4133845;8;13/12/2018;Strada Urbana;VIA TAVULLIA;in prossimità;;del civico n.;32;;Veicolo in marcia contro ostacolo fisso;Rettilineo;Una carreggiata a doppio senso;Asciutto;Sterrata;Assente;Sereno;Scarso;Insufficiente;Inesistente;0;0;0;1;12.7019;41.8928;-1;1;Autovettura privata;In marcia / fermata / arresto;Conducente;F;Illeso;0;;;
4133846;12;10/12/2018 18:30:00;Provinciale;VIA DI PRATICA;da specificare;;;;dir. Pomezia 150 mt. dopo svincolo Pontina;Veicolo in marcia contro ostacolo accidentale;Curva a visuale libera;Una carreggiata a senso unico di marcia;Asciutto;Asfaltata;Verticale ed orizzontale;Sereno;Normale;Insufficiente;Inesistente;0;0;0;2;12.4313;41.7325;-1;1;Autovettura privata;In marcia / fermata / arresto;Conducente;M;Illeso;0;;Utilizzato;Inesploso
4133846;12;10/12/2018 18:30:00;Provinciale;VIA DI PRATICA;da specificare;;;;dir. Pomezia 150 mt. dopo svincolo Pontina;Veicolo in marcia contro ostacolo accidentale;Curva a visuale libera;Una carreggiata a senso unico di marcia;Asciutto;Asfaltata;Verticale ed orizzontale;Sereno;Normale;Insufficiente;Inesistente;0;0;0;2;12.4313;41.7325;-1;1;Autovettura privata;In marcia / fermata / arresto;Passeggero;F;Illeso;0;;Utilizzato;Inesploso
4133861;10;13/12/2018 06:20:00;Strada Urbana;VIA APPIA NUOVA;da specificare;;;;ingresso accesso VVF  civ. 1145;Scontro frontale/laterale SX fra veicoli in marcia;Rettilineo;Due carreggiate;Asciutto;Asfaltata;Orizzontale;Nuvoloso;Normale;Sufficiente;Sufficiente;4;0;0;1;12.5599;41.8264;-1;1;Autovettura privata;In marcia / fermata / arresto;Conducente;M;Rifiuta cure immediate;0;NON DECEDUTO;Non accertato;Esploso
4133861;10;13/12/2018 06:20:00;Strada Urbana;VIA APPIA NUOVA;da specificare;;;;ingresso accesso VVF  civ. 1145;Scontro frontale/laterale SX fra veicoli in marcia;Rettilineo;Due carreggiate;Asciutto;Asfaltata;Orizzontale;Nuvoloso;Normale;Sufficiente;Sufficiente;4;0;0;1;12.5599;41.8264;-1;1;Autovettura privata;In marcia / fermata / arresto;Passeggero;M;Rifiuta cure immediate;0;NON DECEDUTO;Non accertato;Inesploso
4133861;10;13/12/2018 06:20:00;Strada Urbana;VIA APPIA NUOVA;da specificare;;;;ingresso accesso VVF  civ. 1145;Scontro frontale/laterale SX fra veicoli in marcia;Rettilineo;Due carreggiate;Asciutto;Asfaltata;Orizzontale;Nuvoloso;Normale;Sufficiente;Sufficiente;4;0;0;1;12.5599;41.8264;-1;1;Autovettura privata;In marcia / fermata / arresto;Passeggero;M;Rimandato;0;NON DECEDUTO;Non accertato;Inesistente
4133861;10;13/12/2018 06:20:00;Strada Urbana;VIA APPIA NUOVA;da specificare;;;;ingresso accesso VVF  civ. 1145;Scontro frontale/laterale SX fra veicoli in marcia;Rettilineo;Due carreggiate;Asciutto;Asfaltata;Orizzontale;Nuvoloso;Normale;Sufficiente;Sufficiente;4;0;0;1;12.5599;41.8264;-1;1;Autovettura privata;In marcia / fermata / arresto;Passeggero;M;Rimandato;0;NON DECEDUTO;Non accertato;Inesistente
4133861;10;13/12/2018 06:20:00;Strada Urbana;VIA APPIA NUOVA;da specificare;;;;ingresso accesso VVF  civ. 1145;Scontro frontale/laterale SX fra veicoli in marcia;Rettilineo;Due carreggiate;Asciutto;Asfaltata;Orizzontale;Nuvoloso;Normale;Sufficiente;Sufficiente;4;0;0;1;12.5599;41.8264;-1;2;Autovettura privata;In marcia / fermata / arresto;Conducente;M;Illeso;0;;Non accertato;Esploso
4133864;12;11/12/2018 12:00:00;Strada Urbana;VIALE DELLA GRANDE MURAGLIA;in prossimità;;del civico n.;320;;Scontro laterale fra veicoli in marcia;Rettilineo;Due carreggiate;Asciutto;Asfaltata;Verticale ed orizzontale;Sereno;Normale;Buona;Ore Diurne;0;0;0;4;12.4448;41.8151;-1;1;Autovettura privata;In marcia / fermata / arresto;Conducente;F;Illeso;0;;;
4133864;12;11/12/2018 12:00:00;Strada Urbana;VIALE DELLA GRANDE MURAGLIA;in prossimità;;del civico n.;320;;Scontro laterale fra veicoli in marcia;Rettilineo;Due carreggiate;Asciutto;Asfaltata;Verticale ed orizzontale;Sereno;Normale;Buona;Ore Diurne;0;0;0;4;12.4448;41.8151;-1;2;Autovettura privata;In marcia / fermata / arresto;Conducente;M;Illeso;0;;;
4133864;12;11/12/2018 12:00:00;Strada Urbana;VIALE DELLA GRANDE MURAGLIA;in prossimità;;del civico n.;320;;Scontro laterale fra veicoli in marcia;Rettilineo;Due carreggiate;Asciutto;Asfaltata;Verticale ed orizzontale;Sereno;Normale;Buona;Ore Diurne;0;0;0;4;12.4448;41.8151;-1;2;Autovettura privata;In marcia / fermata / arresto;Passeggero;F;Illeso;0;;;
4133864;12;11/12/2018 12:00:00;Strada Urbana;VIALE DELLA GRANDE MURAGLIA;in prossimità;;del civico n.;320;;Scontro laterale fra veicoli in marcia;Rettilineo;Due carreggiate;Asciutto;Asfaltata;Verticale ed orizzontale;Sereno;Normale;Buona;Ore Diurne;0;0;0;4;12.4448;41.8151;-1;2;Autovettura privata;In marcia / fermata / arresto;Passeggero;M;Illeso;0;;;
4133872;6;13/12/2018 01:50:00;Strada Urbana;VIA BEATA MARIA DE MATTIAS;all'intersezione con;VIA AQUITANIA;VIA AQUITANIA;;;Scontro frontale/laterale SX fra veicoli in marcia;Intersezione stradale segnalata;Una carreggiata a senso unico di marcia;Asciutto;Asfaltata;Verticale ed orizzontale;Sereno;Scarso;Sufficiente;Sufficiente;1;0;0;2;12.503;41.879;-1;1;Autovettura privata;In marcia / fermata / arresto;Conducente;M;Illeso;0;;Non accertato;
4133872;6;13/12/2018 01:50:00;Strada Urbana;VIA BEATA MARIA DE MATTIAS;all'intersezione con;VIA AQUITANIA;VIA AQUITANIA;;;Scontro frontale/laterale SX fra veicoli in marcia;Intersezione stradale segnalata;Una carreggiata a senso unico di marcia;Asciutto;Asfaltata;Verticale ed orizzontale;Sereno;Scarso;Sufficiente;Sufficiente;1;0;0;2;12.503;41.879;-1;2;Autovettura privata;In marcia / fermata / arresto;Conducente;M;Illeso;0;;;
4133872;6;13/12/2018 01:50:00;Strada Urbana;VIA BEATA MARIA DE MATTIAS;all'intersezione con;VIA AQUITANIA;VIA AQUITANIA;;;Scontro frontale/laterale SX fra veicoli in marcia;Intersezione stradale segnalata;Una carreggiata a senso unico di marcia;Asciutto;Asfaltata;Verticale ed orizzontale;Sereno;Scarso;Sufficiente;Sufficiente;1;0;0;2;12.503;41.879;-1;2;Autovettura privata;In marcia / fermata / arresto;Passeggero;F;Rimandato;0;NON DECEDUTO;Non accertato;
4133880;5;12/12/2018 19:15:00;Strada Urbana;VIA ALBERTO POLLIO;in corrispondenza;;del civico n.;32;;Investimento di pedone;Rettilineo;Una carreggiata a doppio senso;Asciutto;Asfaltata;Verticale ed orizzontale;Nuvoloso;Normale;Sufficiente;Sufficiente;1;0;0;1;12.5336;41.8998;-1;;;;Pedone;F;Rimandato;0;NON DECEDUTO;;
4133880;5;12/12/2018 19:15:00;Strada Urbana;VIA ALBERTO POLLIO;in corrispondenza;;del civico n.;32;;Investimento di pedone;Rettilineo;Una carreggiata a doppio senso;Asciutto;Asfaltata;Verticale ed orizzontale;Nuvoloso;Normale;Sufficiente;Sufficiente;1;0;0;1;12.5336;41.8998;-1;1;Autovettura privata;In marcia / fermata / arresto;Conducente;F;Illeso;0;;Non accertato;Inesploso
4133890;20;13/12/2018 01:20:00;Strada Urbana;VIA SEBASTIANO VINCI;all'intersezione con;VIA CESARE CASTIGLIONI;VIA CESARE CASTIGLIONI;;;Infortunio per sola frenata improvvisa;Intersezione stradale segnalata;Una carreggiata a doppio senso;Asciutto;Asfaltata;Verticale ed orizzontale;Nuvoloso;Scarso;Sufficiente;Sufficiente;1;0;0;1;12.4204;41.9391;-1;1;Motociclo con passeggero;In marcia / fermata / arresto;Conducente;M;Illeso;0;;Non accertato;
4133890;20;13/12/2018 01:20:00;Strada Urbana;VIA SEBASTIANO VINCI;all'intersezione con;VIA CESARE CASTIGLIONI;VIA CESARE CASTIGLIONI;;;Infortunio per sola frenata improvvisa;Intersezione stradale segnalata;Una carreggiata a doppio senso;Asciutto;Asfaltata;Verticale ed orizzontale;Nuvoloso;Scarso;Sufficiente;Sufficiente;1;0;0;1;12.4204;41.9391;-1;1;Motociclo con passeggero;In marcia / fermata / arresto;Passeggero;M;Rimandato;0;NON DECEDUTO;Non accertato;
4133898;10;12/12/2018 21:15:00;Strada Urbana;VIA DEI SETTE METRI;all'intersezione con;VIA DEL FONTANILE ANAGNINO;VIA DEL FONTANILE ANAGNINO;;;Scontro frontale/laterale SX fra veicoli in marcia;Intersezione stradale segnalata;Una carreggiata a doppio senso;Asciutto;Asfaltata;Verticale ed orizzontale;Sereno;Scarso;Sufficiente;Sufficiente;0;0;0;2;12.6058;41.8143;-1;1;Autovettura privata;In marcia / fermata / arresto;Conducente;M;Illeso;0;;Non accertato;Inesploso
4133898;10;12/12/2018 21:15:00;Strada Urbana;VIA DEI SETTE METRI;all'intersezione con;VIA DEL FONTANILE ANAGNINO;VIA DEL FONTANILE ANAGNINO;;;Scontro frontale/laterale SX fra veicoli in marcia;Intersezione stradale segnalata;Una carreggiata a doppio senso;Asciutto;Asfaltata;Verticale ed orizzontale;Sereno;Scarso;Sufficiente;Sufficiente;0;0;0;2;12.6058;41.8143;-1;2;Motociclo a solo;In marcia / fermata / arresto;Conducente;F;Illeso;0;;Non accertato;
4133903;19;12/12/2018 16:40:00;Strada Urbana;VIA CAMPO LIGURE;all'intersezione con;VIA DI TORREVECCHIA;VIA DI TORREVECCHIA;;;Scontro laterale fra veicoli in marcia;Intersezione non regolata/non segnalata;Una carreggiata a senso unico di marcia;Asciutto;Asfaltata;Verticale ed orizzontale;Sereno;Intenso;Buona;Ore Diurne;0;0;0;2;12.4209;41.9333;-1;1;Autovettura privata;In marcia / fermata / arresto;Conducente;M;Illeso;0;;;
4133903;19;12/12/2018 16:40:00;Strada Urbana;VIA CAMPO LIGURE;all'intersezione con;VIA DI TORREVECCHIA;VIA DI TORREVECCHIA;;;Scontro laterale fra veicoli in marcia;Intersezione non regolata/non segnalata;Una carreggiata a senso unico di marcia;Asciutto;Asfaltata;Verticale ed orizzontale;Sereno;Intenso;Buona;Ore Diurne;0;0;0;2;12.4209;41.9333;-1;1;Autovettura privata;In marcia / fermata / arresto;Passeggero;F;Illeso;0;;;
4133903;19;12/12/2018 16:40:00;Strada Urbana;VIA CAMPO LIGURE;all'intersezione con;VIA DI TORREVECCHIA;VIA DI TORREVECCHIA;;;Scontro laterale fra veicoli in marcia;Intersezione non regolata/non segnalata;Una carreggiata a senso unico di marcia;Asciutto;Asfaltata;Verticale ed orizzontale;Sereno;Intenso;Buona;Ore Diurne;0;0;0;2;12.4209;41.9333;-1;2;Autovettura privata;Allontanatosi;;;;;;;
4133916;7;12/12/2018 19:05:00;Strada Urbana;PIAZZALE ALESSANDRINO;all'intersezione con;VIA DEI MELI;VIA DEI MELI;;;Veicolo in marcia contro ostacolo fisso;Incrocio;Una carreggiata a doppio senso;Asciutto;Asfaltata;Verticale ed orizzontale;Sereno;Normale;Sufficiente;Sufficiente;1;0;0;0;12.577;41.8811;-1;1;Motociclo a solo;In marcia / fermata / arresto;Conducente;M;Rimandato;0;NON DECEDUTO;;
4133918;4;12/12/2018 08:20:00;Strada Urbana;PIAZZA CONCA D'ORO;da specificare;;;;fronte civico 22;Scontro laterale fra veicoli in marcia;Curva a visuale libera;Più di due carreggiate;Asciutto;Asfaltata;Verticale ed orizzontale;Sereno;Intenso;Sufficiente;Ore Diurne;1;0;0;1;12.5276;41.939;-1;1;Autovettura privata;In marcia / fermata / arresto;Conducente;M;Illeso;0;;Non accertato;
4133918;4;12/12/2018 08:20:00;Strada Urbana;PIAZZA CONCA D'ORO;da specificare;;;;fronte civico 22;Scontro laterale fra veicoli in marcia;Curva a visuale libera;Più di due carreggiate;Asciutto;Asfaltata;Verticale ed orizzontale;Sereno;Intenso;Sufficiente;Ore Diurne;1;0;0;1;12.5276;41.939;-1;2;Motociclo a solo;In marcia / fermata / arresto;Conducente;M;Rimandato;0;NON DECEDUTO;Non accertato;
4133925;5;13/12/2018 07:05:00;Strada Urbana;VIA DEI MONTI TIBURTINI;in prossimità;;del civico n.;633;;Veicolo in marcia contro veicolo in sosta;Rettilineo;Due carreggiate;Bagnato (pioggia);Asfaltata;Orizzontale;Nuvoloso;Normale;Buona;Ore Diurne;1;0;0;2;12.5492;41.9151;-1;1;Autovettura privata;In marcia / fermata / arresto;Conducente;M;Illeso;0;;Non accertato;
4133925;5;13/12/2018 07:05:00;Strada Urbana;VIA DEI MONTI TIBURTINI;in prossimità;;del civico n.;633;;Veicolo in marcia contro veicolo in sosta;Rettilineo;Due carreggiate;Bagnato (pioggia);Asfaltata;Orizzontale;Nuvoloso;Normale;Buona;Ore Diurne;1;0;0;2;12.5492;41.9151;-1;2;Motociclo a solo;In marcia / fermata / arresto;Conducente;M;Rimandato;0;NON DECEDUTO;Non accertato;
4133925;5;13/12/2018 07:05:00;Strada Urbana;VIA DEI MONTI TIBURTINI;in prossimità;;del civico n.;633;;Veicolo in marcia contro veicolo in sosta;Rettilineo;Due carreggiate;Bagnato (pioggia);Asfaltata;Orizzontale;Nuvoloso;Normale;Buona;Ore Diurne;1;0;0;2;12.5492;41.9151;-1;3;Autocarro inferiore 35 q.;Sosta;Passeggero;M;Illeso;0;;Non accertato;
4133941;17;12/12/2018 16:00:00;Strada Urbana;VIA IGEA;in prossimità;;del civico n.;49;;Scontro laterale fra veicoli in marcia;Rettilineo;Una carreggiata a doppio senso;Asciutto;Asfaltata;Verticale ed orizzontale;Sereno;Normale;Buona;Ore Diurne;0;0;0;4;12.4426;41.935;-1;1;Autovettura privata;In marcia / fermata / arresto;Conducente;M;Illeso;0;;;
4133941;17;12/12/2018 16:00:00;Strada Urbana;VIA IGEA;in prossimità;;del civico n.;49;;Scontro laterale fra veicoli in marcia;Rettilineo;Una carreggiata a doppio senso;Asciutto;Asfaltata;Verticale ed orizzontale;Sereno;Normale;Buona;Ore Diurne;0;0;0;4;12.4426;41.935;-1;1;Autovettura privata;In marcia / fermata / arresto;Passeggero;M;Illeso;0;;;
4133941;17;12/12/2018 16:00:00;Strada Urbana;VIA IGEA;in prossimità;;del civico n.;49;;Scontro laterale fra veicoli in marcia;Rettilineo;Una carreggiata a doppio senso;Asciutto;Asfaltata;Verticale ed orizzontale;Sereno;Normale;Buona;Ore Diurne;0;0;0;4;12.4426;41.935;-1;2;Autovettura privata;In marcia / fermata / arresto;Conducente;F;Illeso;0;;;
4133941;17;12/12/2018 16:00:00;Strada Urbana;VIA IGEA;in prossimità;;del civico n.;49;;Scontro laterale fra veicoli in marcia;Rettilineo;Una carreggiata a doppio senso;Asciutto;Asfaltata;Verticale ed orizzontale;Sereno;Normale;Buona;Ore Diurne;0;0;0;4;12.4426;41.935;-1;2;Autovettura privata;In marcia / fermata / arresto;Passeggero;M;Illeso;0;;;
4133943;17;12/12/2018 02:40:00;Strada Urbana;VIA TRIONFALE;all'intersezione con;VIA S. TOMMASO D'AQUINO;VIA S. TOMMASO D'AQUINO;;;Scontro frontale/laterale SX fra veicoli in marcia;Incrocio;Una carreggiata a doppio senso;Asciutto;Asfaltata;Verticale ed orizzontale;Sereno;Scarso;Sufficiente;Sufficiente;1;0;0;1;12.4229;41.9409;-1;1;Autovettura privata;In marcia / fermata / arresto;Conducente;M;Illeso;0;;;
4133943;17;12/12/2018 02:40:00;Strada Urbana;VIA TRIONFALE;all'intersezione con;VIA S. TOMMASO D'AQUINO;VIA S. TOMMASO D'AQUINO;;;Scontro frontale/laterale SX fra veicoli in marcia;Incrocio;Una carreggiata a doppio senso;Asciutto;Asfaltata;Verticale ed orizzontale;Sereno;Scarso;Sufficiente;Sufficiente;1;0;0;1;12.4229;41.9409;-1;2;Motociclo a solo;In marcia / fermata / arresto;Conducente;M;Rimandato;0;NON DECEDUTO;;