Protocollo;Gruppo;DataOraIncidente;Localizzazione1;STRADA1;Localizzazione2;STRADA2;Strada02;Chilometrica;DaSpecificare;NaturaIncidente;particolaritastrade;TipoStrada;FondoStradale;Pavimentazione;Segnaletica;CondizioneAtmosferica;Traffico;Visibilita;Illuminazione;NUM_FERITI;NUM_RISERVATA;NUM_MORTI;NUM_ILLESI;Longitudine;Latitudine;Confermato;Progressivo;TipoVeicolo;StatoVeicolo;TipoPersona;Sesso;Tipolesione;Deceduto;DecedutoDopo;CinturaCascoUtilizzato;Airbag;
4134123;3;11/12/2018 18:25:00;Strada Urbana;VIALE REGINA ELENA;in prossimità;;del civico n.;32;;Investimento di pedone;Rettilineo;Una carreggiata a doppio senso;Asciutto;Asfaltata;Verticale ed orizzontale;Sereno;Intenso;Buona;Sufficiente;1;0;0;1;12.5156;41.9056;-1;;;;Pedone;F;Rimandato;0;NON DECEDUTO;;
4134123;3;11/12/2018 18:25:00;Strada Urbana;VIALE REGINA ELENA;in prossimità;;del civico n.;32;;Investimento di pedone;Rettilineo;Una carreggiata a doppio senso;Asciutto;Asfaltata;Verticale ed orizzontale;Sereno;Intenso;Buona;Sufficiente;1;0;0;1;12.5156;41.9056;-1;1;Motociclo a solo;In marcia / fermata / arresto;Conducente;F;Illeso;0;;Non accertato;
4134139;9;13/12/2018 08:15:00;Strada Urbana;VIA DELLA STAZIONE TUSCOLANA;in prossimità;;del civico n.;104;;Scontro frontale/laterale SX fra veicoli in marcia;Rettilineo;Una carreggiata a doppio senso;Bagnato (pioggia);Asfaltata;Verticale ed orizzontale;Pioggia in atto;Normale;Buona;Ore Diurne;1;0;0;1;12.5261;41.8845;-1;1;Autocarro inferiore 35 q.;In marcia / fermata / arresto;Conducente;M;Illeso;0;;Utilizzato;Inesploso
4134139;9;13/12/2018 08:15:00;Strada Urbana;VIA DELLA STAZIONE TUSCOLANA;in prossimità;;del civico n.;104;;Scontro frontale/laterale SX fra veicoli in marcia;Rettilineo;Una carreggiata a doppio senso;Bagnato (pioggia);Asfaltata;Verticale ed orizzontale;Pioggia in atto;Normale;Buona;Ore Diurne;1;0;0;1;12.5261;41.8845;-1;2;Motociclo a solo;In marcia / fermata / arresto;Conducente;M;Rimandato;0;NON DECEDUTO;Utilizzato;
4134167;7;12/12/2018 20:30:00;Strada Urbana;VIA PRENESTINA;in prossimità;;del civico n.;521;;Scontro laterale fra veicoli in marcia;Rettilineo;Una carreggiata a doppio senso;Asciutto;Asfaltata;Verticale ed orizzontale;Sereno;Intenso;Buona;Sufficiente;1;0;0;2;12.578;41.8943;-1;1;Motociclo a solo;In marcia / fermata / arresto;Conducente;M;Rimandato;0;NON DECEDUTO;Non accertato;
4134167;7;12/12/2018 20:30:00;Strada Urbana;VIA PRENESTINA;in prossimità;;del civico n.;521;;Scontro laterale fra veicoli in marcia;Rettilineo;Una carreggiata a doppio senso;Asciutto;Asfaltata;Verticale ed orizzontale;Sereno;Intenso;Buona;Sufficiente;1;0;0;2;12.578;41.8943;-1;2;Autovettura privata;In marcia / fermata / arresto;Conducente;M;Illeso;0;;;
4134167;7;12/12/2018 20:30:00;Strada Urbana;VIA PRENESTINA;in prossimità;;del civico n.;521;;Scontro laterale fra veicoli in marcia;Rettilineo;Una carreggiata a doppio senso;Asciutto;Asfaltata;Verticale ed orizzontale;Sereno;Intenso;Buona;Sufficiente;1;0;0;2;12.578;41.8943;-1;2;Autovettura privata;In marcia / fermata / arresto;Passeggero;F;Illeso;0;;Non accertato;Inesploso
4134209;12;12/12/2018 18:10:00;Strada Urbana;VIA DI CASTEL DI LEVA;in prossimità;;del civico n.;261;;Investimento di pedone;Rettilineo;Una carreggiata a doppio senso;Asciutto;Asfaltata;Verticale ed orizzontale;Nuvoloso;Intenso;Insufficiente;Insufficiente;1;0;0;1;12.5182;41.7872;-1;;;;Pedone;M;Ricoverato;0;NON DECEDUTO;;
4134209;12;12/12/2018 18:10:00;Strada Urbana;VIA DI CASTEL DI LEVA;in prossimità;;del civico n.;261;;Investimento di pedone;Rettilineo;Una carreggiata a doppio senso;Asciutto;Asfaltata;Verticale ed orizzontale;Nuvoloso;Intenso;Insufficiente;Insufficiente;1;0;0;1;12.5182;41.7872;-1;1;Autovettura privata;In marcia / fermata / arresto;Conducente;F;Illeso;0;;Non accertato;Inesploso
4134221;19;13/12/2018 08:30:00;Strada Urbana;VIA LUIGI MAGLIONE;in prossimità;;del civico n.;13;;Scontro frontale/laterale DX fra veicoli in marcia;Rettilineo;Una carreggiata a senso unico di marcia;Bagnato (pioggia);Asfaltata;Verticale ed orizzontale;Pioggia in atto;Normale;Buona;Ore Diurne;0;0;0;2;12.4156;41.9232;-1;1;Autovettura privata;In marcia / fermata / arresto;Conducente;M;Illeso;0;;;
4134221;19;13/12/2018 08:30:00;Strada Urbana;VIA LUIGI MAGLIONE;in prossimità;;del civico n.;13;;Scontro frontale/laterale DX fra veicoli in marcia;Rettilineo;Una carreggiata a senso unico di marcia;Bagnato (pioggia);Asfaltata;Verticale ed orizzontale;Pioggia in atto;Normale;Buona;Ore Diurne;0;0;0;2;12.4156;41.9232;-1;2;Autovettura privata;In marcia / fermata / arresto;Conducente;M;Illeso;0;;;
4134225;12;12/12/2018 15:10:00;Provinciale entro l'abitato;VIA PONTINA;in prossimità;;della chilometrica;10.7;;Scontro frontale/laterale SX fra veicoli in marcia;Rettilineo;Più di due carreggiate;Asciutto;Asfaltata;Verticale ed orizzontale;Nuvoloso;Intenso;Buona;Ore Diurne;0;0;0;3;12.7972;41.5094;-1;1;Autocarro inferiore 35 q.;In marcia / fermata / arresto;Conducente;M;Illeso;0;;Utilizzato;Inesploso
4134225;12;12/12/2018 15:10:00;Provinciale entro l'abitato;VIA PONTINA;in prossimità;;della chilometrica;10.7;;Scontro frontale/laterale SX fra veicoli in marcia;Rettilineo;Più di due carreggiate;Asciutto;Asfaltata;Verticale ed orizzontale;Nuvoloso;Intenso;Buona;Ore Diurne;0;0;0;3;12.7972;41.5094;-1;2;Autovettura privata;In marcia / fermata / arresto;Conducente;M;Illeso;0;;Utilizzato;Esploso
4134225;12;12/12/2018 15:10:00;Provinciale entro l'abitato;VIA PONTINA;in prossimità;;della chilometrica;10.7;;Scontro frontale/laterale SX fra veicoli in marcia;Rettilineo;Più di due carreggiate;Asciutto;Asfaltata;Verticale ed orizzontale;Nuvoloso;Intenso;Buona;Ore Diurne;0;0;0;3;12.7972;41.5094;-1;2;Autovettura privata;In marcia / fermata / arresto;Passeggero;F;Illeso;0;;Utilizzato;Inesploso
4134234;3;10/12/2018 09:15:00;Strada Urbana;VIA GIOVANNI BATTISTA MORGAGNI;all'intersezione semaforizzata con;VIALE REGINA MARGHERITA;VIALE REGINA MARGHERITA;;;Scontro frontale/laterale SX fra veicoli in marcia;Intersezione semaforizzata;Una carreggiata a senso unico di marcia;Asciutto;Asfaltata;Verticale ed orizzontale;Sereno;Normale;Buona;Ore Diurne;0;0;0;2;12.5105;41.9099;-1;1;Autovettura privata;In marcia / fermata / arresto;Conducente;M;Illeso;0;;Non accertato;Inesploso
4134234;3;10/12/2018 09:15:00;Strada Urbana;VIA GIOVANNI BATTISTA MORGAGNI;all'intersezione semaforizzata con;VIALE REGINA MARGHERITA;VIALE REGINA MARGHERITA;;;Scontro frontale/laterale SX fra veicoli in marcia;Intersezione semaforizzata;Una carreggiata a senso unico di marcia;Asciutto;Asfaltata;Verticale ed orizzontale;Sereno;Normale;Buona;Ore Diurne;0;0;0;2;12.5105;41.9099;-1;2;Autocarro inferiore 35 q.;In marcia / fermata / arresto;Conducente;M;Illeso;0;;Non accertato;Inesploso
4134244;1;12/12/2018 18:30:00;Strada Urbana;VIA DEL CASTRO PRETORIO;in corrispondenza;;del civico n.;3;;Scontro frontale/laterale SX fra veicoli in marcia;Rettilineo;Una carreggiata a doppio senso;Asciutto;Asfaltata;Verticale ed orizzontale;Sereno;Normale;Buona;Sufficiente;0;0;0;5;12.5052;41.9012;-1;1;Autovettura privata;In marcia / fermata / arresto;Conducente;F;Illeso;0;;;
4134244;1;12/12/2018 18:30:00;Strada Urbana;VIA DEL CASTRO PRETORIO;in corrispondenza;;del civico n.;3;;Scontro frontale/laterale SX fra veicoli in marcia;Rettilineo;Una carreggiata a doppio senso;Asciutto;Asfaltata;Verticale ed orizzontale;Sereno;Normale;Buona;Sufficiente;0;0;0;5;12.5052;41.9012;-1;1;Autovettura privata;In marcia / fermata / arresto;Passeggero;M;Illeso;0;;;
4134244;1;12/12/2018 18:30:00;Strada Urbana;VIA DEL CASTRO PRETORIO;in corrispondenza;;del civico n.;3;;Scontro frontale/laterale SX fra veicoli in marcia;Rettilineo;Una carreggiata a doppio senso;Asciutto;Asfaltata;Verticale ed orizzontale;Sereno;Normale;Buona;Sufficiente;0;0;0;5;12.5052;41.9012;-1;1;Autovettura privata;In marcia / fermata / arresto;Passeggero;F;Illeso;0;;;
4134244;1;12/12/2018 18:30:00;Strada Urbana;VIA DEL CASTRO PRETORIO;in corrispondenza;;del civico n.;3;;Scontro frontale/laterale SX fra veicoli in marcia;Rettilineo;Una carreggiata a doppio senso;Asciutto;Asfaltata;Verticale ed orizzontale;Sereno;Normale;Buona;Sufficiente;0;0;0;5;12.5052;41.9012;-1;1;Autovettura privata;In marcia / fermata / arresto;Passeggero;M;Illeso;0;;;
4134244;1;12/12/2018 18:30:00;Strada Urbana;VIA DEL CASTRO PRETORIO;in corrispondenza;;del civico n.;3;;Scontro frontale/laterale SX fra veicoli in marcia;Rettilineo;Una carreggiata a doppio senso;Asciutto;Asfaltata;Verticale ed orizzontale;Sereno;Normale;Buona;Sufficiente;0;0;0;5;12.5052;41.9012;-1;2;Motociclo a solo;In marcia / fermata / arresto;Conducente;M;Illeso;0;;;
4134268;5;13/12/2018 08:30:00;Strada Urbana;VIA DELLE CAVE DI PIETRALATA;all'intersezione con;VIA OLINDO MALAGODI;VIA OLINDO MALAGODI;;;Tamponamento;Incrocio;Una carreggiata a doppio senso;Bagnato (pioggia);Asfaltata;Verticale ed orizzontale;Pioggia in atto;Normale;Sufficiente;Ore Diurne;2;0;0;1;12.5369;41.9088;-1;1;Autovettura privata;In marcia / fermata / arresto;Conducente;M;Illeso;0;;Non accertato;
4134268;5;13/12/2018 08:30:00;Strada Urbana;VIA DELLE CAVE DI PIETRALATA;all'intersezione con;VIA OLINDO MALAGODI;VIA OLINDO MALAGODI;;;Tamponamento;Incrocio;Una carreggiata a doppio senso;Bagnato (pioggia);Asfaltata;Verticale ed orizzontale;Pioggia in atto;Normale;Sufficiente;Ore Diurne;2;0;0;1;12.5369;41.9088;-1;2;Autovettura privata;In marcia / fermata / arresto;Conducente;M;Rimandato;0;NON DECEDUTO;Non accertato;
4134268;5;13/12/2018 08:30:00;Strada Urbana;VIA DELLE CAVE DI PIETRALATA;all'intersezione con;VIA OLINDO MALAGODI;VIA OLINDO MALAGODI;;;Tamponamento;Incrocio;Una carreggiata a doppio senso;Bagnato (pioggia);Asfaltata;Verticale ed orizzontale;Pioggia in atto;Normale;Sufficiente;Ore Diurne;2;0;0;1;12.5369;41.9088;-1;2;Autovettura privata;In marcia / fermata / arresto;Passeggero;F;Rimandato;0;NON DECEDUTO;Non accertato;
4134290;23;12/12/2018 10:15:00;Strada Urbana;VIA CRISTOFORO COLOMBO;in prossimità;;della chilometrica;22.25;;Veicolo in marcia contro ostacolo fisso;Rettilineo;Più di due carreggiate;Asciutto;Asfaltata;Verticale ed orizzontale;Nuvoloso;Normale;Buona;Ore Diurne;0;0;0;1;12.374;41.7582;-1;1;Autovettura privata;In marcia / fermata / arresto;Conducente;F;Illeso;0;;Utilizzato;Inesploso
4134301;16;12/12/2018 02:00:00;Strada Urbana;VIA FRANCESCO MASSI;in corrispondenza;;del civico n.;70;;Veicolo in marcia contro veicoli in sosta;Rettilineo;Una carreggiata a doppio senso;Asciutto;Asfaltata;Orizzontale;Sereno;Normale;Sufficiente;Sufficiente;0;0;0;1;12.4594;41.8738;-1;1;Autovettura privata;Sosta;;;;;;;
4134301;16;12/12/2018 02:00:00;Strada Urbana;VIA FRANCESCO MASSI;in corrispondenza;;del civico n.;70;;Veicolo in marcia contro veicoli in sosta;Rettilineo;Una carreggiata a doppio senso;Asciutto;Asfaltata;Orizzontale;Sereno;Normale;Sufficiente;Sufficiente;0;0;0;1;12.4594;41.8738;-1;2;Autovettura privata;Sosta;;;;;;;
4134301;16;12/12/2018 02:00:00;Strada Urbana;VIA FRANCESCO MASSI;in corrispondenza;;del civico n.;70;;Veicolo in marcia contro veicoli in sosta;Rettilineo;Una carreggiata a doppio senso;Asciutto;Asfaltata;Orizzontale;Sereno;Normale;Sufficiente;Sufficiente;0;0;0;1;12.4594;41.8738;-1;3;Autovettura privata;In marcia / fermata / arresto;Conducente;M;Illeso;0;;Non accertato;Inesploso
4134335;3;10/12/2018 18:00:00;Strada Urbana;CIRCONVALLAZIONE TIBURTINA;da specificare;;;;tratto sopraelevato dir Salaria pross Passamonti;Veicolo in marcia contro ostacolo accidentale;Rettilineo;Più di due carreggiate;Asciutto;Con buche;Orizzontale;Sereno;Intenso;Sufficiente;Sufficiente;0;0;0;1;12.5231;41.8973;-1;1;Motociclo a solo;In marcia / fermata / arresto;Conducente;M;Illeso;0;;;
4134343;3;11/12/2018 10:55:00;Strada Urbana;VIALE DELL'UNIVERSITA';in prossimità;;del civico n.;34 a;;Tamponamento;Rettilineo;Una carreggiata a doppio senso;Asciutto;Asfaltata;Verticale ed orizzontale;Sereno;Normale;Buona;Ore Diurne;1;0;0;1;12.5139;41.9048;-1;1;Autovettura privata;In marcia / fermata / arresto;Conducente;M;Illeso;0;;;
4134343;3;11/12/2018 10:55:00;Strada Urbana;VIALE DELL'UNIVERSITA';in prossimità;;del civico n.;34 a;;Tamponamento;Rettilineo;Una carreggiata a doppio senso;Asciutto;Asfaltata;Verticale ed orizzontale;Sereno;Normale;Buona;Ore Diurne;1;0;0;1;12.5139;41.9048;-1;2;Motociclo a solo;In marcia / fermata / arresto;Conducente;F;Rimandato;0;NON DECEDUTO;;
4134347;4;12/12/2018 22:00:00;Strada Urbana;VIALE JONIO;da specificare;;;;prossimità via MONTECASSINO;Scontro laterale fra veicoli in marcia;Rettilineo;Due carreggiate;Asciutto;Asfaltata;Verticale ed orizzontale;Nuvoloso;Normale;Sufficiente;Sufficiente;1;0;0;1;12.536;41.9442;-1;1;Motociclo a solo;In marcia / fermata / arresto;Conducente;M;Rimandato;0;NON DECEDUTO;;
4134347;4;12/12/2018 22:00:00;Strada Urbana;VIALE JONIO;da specificare;;;;prossimità via MONTECASSINO;Scontro laterale fra veicoli in marcia;Rettilineo;Due carreggiate;Asciutto;Asfaltata;Verticale ed orizzontale;Nuvoloso;Normale;Sufficiente;Sufficiente;1;0;0;1;12.536;41.9442;-1;2;Autovettura privata;In marcia / fermata / arresto;Conducente;M;Illeso;0;;;
4134352;12;13/12/2018 10:20:00;Strada Urbana;VIALE DEGLI EROI DI CEFALONIA;in prossimità;;del civico n.;109;;Tamponamento;Rettilineo;Una carreggiata a senso unico di marcia;Bagnato (umidità in atto);Asfaltata;Verticale ed orizzontale;Nuvoloso;Scarso;Buona;Ore Diurne;0;0;0;3;12.4367;41.7832;-1;1;Autovettura privata;In marcia / fermata / arresto;Conducente;M;Illeso;0;;Non accertato;Inesploso
4134352;12;13/12/2018 10:20:00;Strada Urbana;VIALE DEGLI EROI DI CEFALONIA;in prossimità;;del civico n.;109;;Tamponamento;Rettilineo;Una carreggiata a senso unico di marcia;Bagnato (umidità in atto);Asfaltata;Verticale ed orizzontale;Nuvoloso;Scarso;Buona;Ore Diurne;0;0;0;3;12.4367;41.7832;-1;1;Autovettura privata;In marcia / fermata / arresto;Passeggero;F;Illeso;0;;Non accertato;Inesploso
4134352;12;13/12/2018 10:20:00;Strada Urbana;VIALE DEGLI EROI DI CEFALONIA;in prossimità;;del civico n.;109;;Tamponamento;Rettilineo;Una carreggiata a senso unico di marcia;Bagnato (umidità in atto);Asfaltata;Verticale ed orizzontale;Nuvoloso;Scarso;Buona;Ore Diurne;0;0;0;3;12.4367;41.7832;-1;2;Autovettura privata;In marcia / fermata / arresto;Conducente;M;Illeso;0;;Non accertato;Inesploso
4134357;16;12/12/2018 09:00:00;Strada Urbana;CIRCONVALLAZIONE GIANICOLENSE;all'intersezione semaforizzata con;VIA BERNARDINO RAMAZZINI;VIA BERNARDINO RAMAZZINI;;;Infortunio per sola frenata improvvisa;Incrocio;Una carreggiata a doppio senso;Bagnato (umidità in atto);Asfaltata;Verticale ed orizzontale;Nuvoloso;Normale;Buona;Ore Diurne;1;0;0;0;12.4496;41.8725;-1;1;Motociclo a solo;In marcia / fermata / arresto;Conducente;F;Rimandato;0;NON DECEDUTO;Non accertato;
4134371;16;12/12/2018 10:00:00;;PIAZZALE EUGENIO MORELLI;in prossimità;;del civico n.;31;;Scontro frontale/laterale SX fra veicoli in marcia;;;;;;;;;;0;0;0;2;;;0;1;Autovettura privata;In marcia / fermata / arresto;Conducente;M;Illeso;0;;;
4134371;16;12/12/2018 10:00:00;;PIAZZALE EUGENIO MORELLI;in prossimità;;del civico n.;31;;Scontro frontale/laterale SX fra veicoli in marcia;;;;;;;;;;0;0;0;2;;;0;2;Autovettura privata;In marcia / fermata / arresto;Conducente;M;Illeso;0;;;
4134393;16;12/12/2018 12:15:00;Strada Urbana;PIAZZALE EUGENIO MORELLI;in prossimità;;del civico n.;1;;Scontro frontale/laterale SX fra veicoli in marcia;Rettilineo;Una carreggiata a senso unico di marcia;Asciutto;Asfaltata;Verticale ed orizzontale;Sereno;Normale;Buona;Ore Diurne;0;0;0;2;12.4436;41.8612;-1;1;Autovettura privata;In marcia / fermata / arresto;Conducente;M;Illeso;0;;Non accertato;Inesploso
4134393;16;12/12/2018 12:15:00;Strada Urbana;PIAZZALE EUGENIO MORELLI;in prossimità;;del civico n.;1;;Scontro frontale/laterale SX fra veicoli in marcia;Rettilineo;Una carreggiata a senso unico di marcia;Asciutto;Asfaltata;Verticale ed orizzontale;Sereno;Normale;Buona;Ore Diurne;0;0;0;2;12.4436;41.8612;-1;2;Autovettura privata;In marcia / fermata / arresto;Conducente;F;Illeso;0;;Non accertato;Inesploso
4134397;4;12/12/2018 22:40:00;Provinciale entro l'abitato;VIA NOMENTANA;all'intersezione semaforizzata con;VIA DI CASAL BOCCONE;VIA DI CASAL BOCCONE;;;Scontro laterale fra veicoli in marcia;Intersezione semaforizzata;Una carreggiata a doppio senso;Asciutto;Asfaltata;Verticale ed orizzontale;Sereno;Normale;Sufficiente;Sufficiente;2;0;0;2;12.5728;41.9579;-1;1;Autovettura privata;In marcia / fermata / arresto;Conducente;M;Illeso;0;;;
4134397;4;12/12/2018 22:40:00;Provinciale entro l'abitato;VIA NOMENTANA;all'intersezione semaforizzata con;VIA DI CASAL BOCCONE;VIA DI CASAL BOCCONE;;;Scontro laterale fra veicoli in marcia;Intersezione semaforizzata;Una carreggiata a doppio senso;Asciutto;Asfaltata;Verticale ed orizzontale;Sereno;Normale;Sufficiente;Sufficiente;2;0;0;2;12.5728;41.9579;-1;1;Autovettura privata;In marcia / fermata / arresto;Passeggero;F;Illeso;0;;;
4134397;4;12/12/2018 22:40:00;Provinciale entro l'abitato;VIA NOMENTANA;all'intersezione semaforizzata con;VIA DI CASAL BOCCONE;VIA DI CASAL BOCCONE;;;Scontro laterale fra veicoli in marcia;Intersezione semaforizzata;Una carreggiata a doppio senso;Asciutto;Asfaltata;Verticale ed orizzontale;Sereno;Normale;Sufficiente;Sufficiente;2;0;0;2;12.5728;41.9579;-1;2;Motociclo con passeggero;In marcia / fermata / arresto;Conducente;M;Rimandato;0;NON DECEDUTO;;
4134397;4;12/12/2018 22:40:00;Provinciale entro l'abitato;VIA NOMENTANA;all'intersezione semaforizzata con;VIA DI CASAL BOCCONE;VIA DI CASAL BOCCONE;;;Scontro laterale fra veicoli in marcia;Intersezione semaforizzata;Una carreggiata a doppio senso;Asciutto;Asfaltata;Verticale ed orizzontale;Sereno;Normale;Sufficiente;Sufficiente;2;0;0;2;12.5728;41.9579;-1;2;Motociclo con passeggero;In marcia / fermata / arresto;Passeggero;M;Rimandato;0;NON DECEDUTO;;
4134408;2;12/12/2018 06:30:00;Strada Urbana;VIA RUBICONE;in prossimità;;del civico n.;40;;Veicolo in marcia contro veicoli in sosta;Rettilineo;Una carreggiata a senso unico di marcia;Asciutto;Asfaltata;Verticale ed orizzontale;Sereno;Scarso;Buona;Ore Diurne;0;0;0;0;12.5006;41.9203;-1;1;Autovettura privata;Sosta;;;;;;;
4134408;2;12/12/2018 06:30:00;Strada Urbana;VIA RUBICONE;in prossimità;;del civico n.;40;;Veicolo in marcia contro veicoli in sosta;Rettilineo;Una carreggiata a senso unico di marcia;Asciutto;Asfaltata;Verticale ed orizzontale;Sereno;Scarso;Buona;Ore Diurne;0;0;0;0;12.5006;41.9203;-1;2;Autovettura privata;Sosta;;;;;;;
4134408;2;12/12/2018 06:30:00;Strada Urbana;VIA RUBICONE;in prossimità;;del civico n.;40;;Veicolo in marcia contro veicoli in sosta;Rettilineo;Una carreggiata a senso unico di marcia;Asciutto;Asfaltata;Verticale ed orizzontale;Sereno;Scarso;Buona;Ore Diurne;0;0;0;0;12.5006;41.9203;-1;3;Veicolo ignoto perchè FUGA;Allontanatosi;;;;;;;
4134414;2;12/12/2018 09:30:00;Strada Urbana;VIA PASQUALE STANISLAO MANCINI;in prossimità;;del civico n.;fr. 14;;Veicolo in marcia contro veicolo in sosta;Rettilineo;Una carreggiata a senso unico di marcia;Sdrucciolevole (pietrisco);Con buche;Verticale ed orizzontale;Sereno;Normale;Buona;Ore Diurne;0;0;0;1;12.473;41.9141;-1;1;Motociclo a solo;In marcia / fermata / arresto;Conducente;M;Illeso;0;;Non accertato;
4134414;2;12/12/2018 09:30:00;Strada Urbana;VIA PASQUALE STANISLAO MANCINI;in prossimità;;del civico n.;fr. 14;;Veicolo in marcia contro veicolo in sosta;Rettilineo;Una carreggiata a senso unico di marcia;Sdrucciolevole (pietrisco);Con buche;Verticale ed orizzontale;Sereno;Normale;Buona;Ore Diurne;0;0;0;1;12.473;41.9141;-1;2;Autovettura privata;Sosta;;;;;;;
4134417;2;12/12/2018 08:18:00;Strada Urbana;VIA ANTONIO BERTOLONI;in prossimità;;del civico n.;23;;Veicolo in marcia contro veicolo fermo;Rettilineo;Una carreggiata a doppio senso;Asciutto;Asfaltata;Verticale ed orizzontale;Sereno;Normale;Buona;Ore Diurne;0;0;0;2;12.4878;41.9234;-1;1;Autocarro inferiore 35 q.;In marcia / fermata / arresto;Conducente;M;Illeso;0;;;
4134417;2;12/12/2018 08:18:00;Strada Urbana;VIA ANTONIO BERTOLONI;in prossimità;;del civico n.;23;;Veicolo in marcia contro veicolo fermo;Rettilineo;Una carreggiata a doppio senso;Asciutto;Asfaltata;Verticale ed orizzontale;Sereno;Normale;Buona;Ore Diurne;0;0;0;2;12.4878;41.9234;-1;2;Velocipede;In marcia / fermata / arresto;Conducente;M;Illeso;0;;Esente;
4134420;2;12/12/2018 08:20:00;Strada Urbana;VIA ANTONIO BERTOLONI;in prossimità;;del civico n.;23;;Investimento di pedone;Rettilineo;Una carreggiata a doppio senso;Asciutto;Asfaltata;Verticale ed orizzontale;Sereno;Normale;Buona;Ore Diurne;1;0;0;1;12.4878;41.9234;-1;;;;Pedone;M;Rimandato;0;NON DECEDUTO;;
4134420;2;12/12/2018 08:20:00;Strada Urbana;VIA ANTONIO BERTOLONI;in prossimità;;del civico n.;23;;Investimento di pedone;Rettilineo;Una carreggiata a doppio senso;Asciutto;Asfaltata;Verticale ed orizzontale;Sereno;Normale;Buona;Ore Diurne;1;0;0;1;12.4878;41.9234;-1;1;Quadriciclo leggero;In marcia / fermata / arresto;Conducente;F;Illeso;0;;Non accertato;Inesploso
4134427;2;12/12/2018 12:15:00;Strada Urbana;VIALE PARIOLI;all'intersezione semaforizzata con;VIA ANTONIO STOPPANI;VIA ANTONIO STOPPANI;;;Tamponamento;Incrocio;Una carreggiata a doppio senso;Asciutto;Asfaltata;Verticale ed orizzontale;Sereno;Normale;Buona;Ore Diurne;0;0;0;1;12.4918;41.9229;-1;1;Autovettura privata;In marcia / fermata / arresto;Conducente;F;Illeso;0;;Non accertato;Inesploso
4134427;2;12/12/2018 12:15:00;Strada Urbana;VIALE PARIOLI;all'intersezione semaforizzata con;VIA ANTONIO STOPPANI;VIA ANTONIO STOPPANI;;;Tamponamento;Incrocio;Una carreggiata a doppio senso;Asciutto;Asfaltata;Verticale ed orizzontale;Sereno;Normale;Buona;Ore Diurne;0;0;0;1;12.4918;41.9229;-1;2;Autovettura privata;In marcia / fermata / arresto;;;;;;;
4134432;2;12/12/2018 17:00:00;Strada Urbana;VIA PO;in prossimità;;del civico n.;29/C;;Tamponamento;Rettilineo;Una carreggiata a doppio senso;Asciutto;Asfaltata;Verticale ed orizzontale;Sereno;Normale;Buona;Sufficiente;0;0;0;2;12.4972;41.916;-1;1;Autovettura privata;In marcia / fermata / arresto;Conducente;M;Illeso;0;;;
4134432;2;12/12/2018 17:00:00;Strada Urbana;VIA PO;in prossimità;;del civico n.;29/C;;Tamponamento;Rettilineo;Una carreggiata a doppio senso;Asciutto;Asfaltata;Verticale ed orizzontale;Sereno;Normale;Buona;Sufficiente;0;0;0;2;12.4972;41.916;-1;2;Autovettura privata;In marcia / fermata / arresto;Conducente;M;Illeso;0;;;
4134434;2;12/12/2018 18:40:00;Strada Urbana;PONTE FLAMINIO;da specificare;;;;DIREZIONE GRA;Tamponamento Multiplo;Rettilineo;Due carreggiate;Asciutto;Asfaltata;Verticale ed orizzontale;Nuvoloso;Normale;Buona;Insufficiente;0;0;0;3;12.4717;41.9362;-1;1;Ciclomotore;In marcia / fermata / arresto;Conducente;M;Illeso;0;;Non accertato;
4134434;2;12/12/2018 18:40:00;Strada Urbana;PONTE FLAMINIO;da specificare;;;;DIREZIONE GRA;Tamponamento Multiplo;Rettilineo;Due carreggiate;Asciutto;Asfaltata;Verticale ed orizzontale;Nuvoloso;Normale;Buona;Insufficiente;0;0;0;3;12.4717;41.9362;-1;2;Autovettura privata;In marcia / fermata / arresto;Conducente;M;Illeso;0;;Non accertato;Inesploso
4134434;2;12/12/2018 18:40:00;Strada Urbana;PONTE FLAMINIO;da specificare;;;;DIREZIONE GRA;Tamponamento Multiplo;Rettilineo;Due carreggiate;Asciutto;Asfaltata;Verticale ed orizzontale;Nuvoloso;Normale;Buona;Insufficiente;0;0;0;3;12.4717;41.9362;-1;3;Quadriciclo leggero;In marcia / fermata / arresto;Conducente;M;Illeso;0;;Non accertato;Inesploso
4134436;2;13/12/2018 00:45:00;Strada Urbana;PIAZZA DI S. EMERENZIANA;all'intersezione semaforizzata con;VIALE LIBIA;VIALE LIBIA;;;Scontro frontale/laterale SX fra veicoli in marcia;Incrocio;Due carreggiate;Asciutto;Asfaltata;Verticale ed orizzontale;Sereno;Scarso;Sufficiente;Sufficiente;0;0;0;3;12.5161;41.9291;-1;1;Ciclomotore;In marcia / fermata / arresto;Conducente;F;Illeso;0;;Non accertato;
4134436;2;13/12/2018 00:45:00;Strada Urbana;PIAZZA DI S. EMERENZIANA;all'intersezione semaforizzata con;VIALE LIBIA;VIALE LIBIA;;;Scontro frontale/laterale SX fra veicoli in marcia;Incrocio;Due carreggiate;Asciutto;Asfaltata;Verticale ed orizzontale;Sereno;Scarso;Sufficiente;Sufficiente;0;0;0;3;12.5161;41.9291;-1;2;Autovettura privata;In marcia / fermata / arresto;Conducente;M;Illeso;0;;;
4134436;2;13/12/2018 00:45:00;Strada Urbana;PIAZZA DI S. EMERENZIANA;all'intersezione semaforizzata con;VIALE LIBIA;VIALE LIBIA;;;Scontro frontale/laterale SX fra veicoli in marcia;Incrocio;Due carreggiate;Asciutto;Asfaltata;Verticale ed orizzontale;Sereno;Scarso;Sufficiente;Sufficiente;0;0;0;3;12.5161;41.9291;-1;2;Autovettura privata;In marcia / fermata / arresto;Passeggero;F;Illeso;0;;;