Protocollo;Gruppo;DataOraIncidente;Localizzazione1;STRADA1;Localizzazione2;STRADA2;Strada02;Chilometrica;DaSpecificare;NaturaIncidente;particolaritastrade;TipoStrada;FondoStradale;Pavimentazione;Segnaletica;CondizioneAtmosferica;Traffico;Visibilita;Illuminazione;NUM_FERITI;NUM_RISERVATA;NUM_MORTI;NUM_ILLESI;Longitudine;Latitudine;Confermato;Progressivo;TipoVeicolo;StatoVeicolo;TipoPersona;Sesso;Tipolesione;Deceduto;DecedutoDopo;CinturaCascoUtilizzato;Airbag;
4135705;5;13/12/2018 19:00:00;Strada Urbana;VIA FABRIANO;da specificare;;;;IN PROSSIMITA' DI VIA OSIMO;Investimento di pedone;Rettilineo;Una carreggiata a doppio senso;Bagnato (pioggia);Strada pavimentata dissestata;Assente;Pioggia in atto;Scarso;Insufficiente;Insufficiente;1;0;0;1;12.5813;41.9378;-1;;;;Pedone;F;Rimandato;0;NON DECEDUTO;;
4135705;5;13/12/2018 19:00:00;Strada Urbana;VIA FABRIANO;da specificare;;;;IN PROSSIMITA' DI VIA OSIMO;Investimento di pedone;Rettilineo;Una carreggiata a doppio senso;Bagnato (pioggia);Strada pavimentata dissestata;Assente;Pioggia in atto;Scarso;Insufficiente;Insufficiente;1;0;0;1;12.5813;41.9378;-1;1;Motociclo a solo;In marcia / fermata / arresto;Conducente;M;Illeso;0;;Non accertato;
4135707;20;13/12/2018 19:10:00;Strada Urbana;LARGO MARESCIALLO DIAZ;all'intersezione con;PIAZZALE MARESCIALLO DIAZ;PIAZZALE MARESCIALLO DIAZ;;;Tamponamento;Intersezione stradale segnalata;Due carreggiate;Bagnato (pioggia);Asfaltata;Verticale ed orizzontale;Pioggia in atto;Intenso;Buona;Sufficiente;0;0;0;2;12.4653;41.9365;-1;1;Autovettura privata;In marcia / fermata / arresto;Conducente;M;Illeso;0;;Non accertato;Inesploso
4135707;20;13/12/2018 19:10:00;Strada Urbana;LARGO MARESCIALLO DIAZ;all'intersezione con;PIAZZALE MARESCIALLO DIAZ;PIAZZALE MARESCIALLO DIAZ;;;Tamponamento;Intersezione stradale segnalata;Due carreggiate;Bagnato (pioggia);Asfaltata;Verticale ed orizzontale;Pioggia in atto;Intenso;Buona;Sufficiente;0;0;0;2;12.4653;41.9365;-1;2;Motociclo a solo;In marcia / fermata / arresto;Conducente;M;Illeso;0;;Non accertato;
4135711;5;13/12/2018 13:55:00;Strada Urbana;VIA DEI MONTI TIBURTINI;in prossimità;;del civico n.;481;;Scontro frontale/laterale SX fra veicoli in marcia;Rettilineo;Due carreggiate;Asciutto;Asfaltata;Orizzontale;Sereno;Intenso;Buona;Ore Diurne;1;0;0;1;12.5441;41.9168;-1;1;Autovettura privata;In marcia / fermata / arresto;Conducente;F;Rimandato;0;NON DECEDUTO;Non accertato;
4135711;5;13/12/2018 13:55:00;Strada Urbana;VIA DEI MONTI TIBURTINI;in prossimità;;del civico n.;481;;Scontro frontale/laterale SX fra veicoli in marcia;Rettilineo;Due carreggiate;Asciutto;Asfaltata;Orizzontale;Sereno;Intenso;Buona;Ore Diurne;1;0;0;1;12.5441;41.9168;-1;2;Autovettura privata;In marcia / fermata / arresto;Conducente;M;Illeso;0;;Non accertato;
4135713;5;13/12/2018 19:40:00;Strada Urbana;VIA TIBURTINA;da specificare;;;;PROSSIMITA' PONTE PORTONACCIO DIREZIONE GRA;Tamponamento;Rettilineo;Più di due carreggiate;Bagnato (pioggia);Asfaltata;Verticale ed orizzontale;Pioggia in atto;Normale;Buona;Ore Diurne;0;0;0;2;12.5342;41.9081;-1;1;Autocarro inferiore 35 q.;In marcia / fermata / arresto;Conducente;M;Illeso;0;;Non accertato;Inesploso
4135713;5;13/12/2018 19:40:00;Strada Urbana;VIA TIBURTINA;da specificare;;;;PROSSIMITA' PONTE PORTONACCIO DIREZIONE GRA;Tamponamento;Rettilineo;Più di due carreggiate;Bagnato (pioggia);Asfaltata;Verticale ed orizzontale;Pioggia in atto;Normale;Buona;Ore Diurne;0;0;0;2;12.5342;41.9081;-1;2;Autovettura privata;In marcia / fermata / arresto;Conducente;F;Illeso;0;;Non accertato;Inesploso
4135715;13;13/12/2018 14:30:00;Strada Urbana;VIA PIETRO ROMANI;in prossimità;;del civico n.;170;;Scontro laterale fra veicoli in marcia;Rettilineo;Una carreggiata a doppio senso;Bagnato (pioggia);Asfaltata;Assente;Pioggia in atto;Normale;Sufficiente;Ore Diurne;0;0;0;3;12.3654;41.7512;-1;1;Autovettura pubblica;In marcia / fermata / arresto;Conducente;M;Illeso;0;;Non accertato;Inesploso
4135715;13;13/12/2018 14:30:00;Strada Urbana;VIA PIETRO ROMANI;in prossimità;;del civico n.;170;;Scontro laterale fra veicoli in marcia;Rettilineo;Una carreggiata a doppio senso;Bagnato (pioggia);Asfaltata;Assente;Pioggia in atto;Normale;Sufficiente;Ore Diurne;0;0;0;3;12.3654;41.7512;-1;2;Autovettura privata;In marcia / fermata / arresto;Conducente;F;Illeso;0;;Non accertato;Inesploso
4135715;13;13/12/2018 14:30:00;Strada Urbana;VIA PIETRO ROMANI;in prossimità;;del civico n.;170;;Scontro laterale fra veicoli in marcia;Rettilineo;Una carreggiata a doppio senso;Bagnato (pioggia);Asfaltata;Assente;Pioggia in atto;Normale;Sufficiente;Ore Diurne;0;0;0;3;12.3654;41.7512;-1;2;Autovettura privata;In marcia / fermata / arresto;Passeggero;F;Illeso;0;;Non accertato;Inesploso
4135720;5;14/12/2018 00:45:00;Strada Urbana;VIA TIBURTINA;da specificare;;;;DIREZIONE TIVOLI PROSSIMITA' VIA FAUSTINIANA;Veicolo in marcia contro ostacolo accidentale;Rettilineo;Due carreggiate;Bagnato (pioggia);Asfaltata;Temporanea di cantiere;Pioggia in atto;Scarso;Buona;Sufficiente;0;0;0;1;12.6144;41.9363;-1;1;Autovettura privata;In marcia / fermata / arresto;Conducente;F;Illeso;0;;Non accertato;
4135721;5;13/12/2018 16:00:00;Strada Urbana;VIA ALBERTO BERGAMINI;da specificare;;;;in prossimità di PIAZZA EDOARDO PERSICO;Tamponamento Multiplo;Rettilineo;Due carreggiate;Bagnato (pioggia);Asfaltata;Verticale ed orizzontale;Pioggia in atto;Intenso;Buona;Ore Diurne;1;0;0;2;12.5589;41.9063;-1;1;Autovettura privata;In marcia / fermata / arresto;Conducente;F;Illeso;0;;Non accertato;Inesistente
4135721;5;13/12/2018 16:00:00;Strada Urbana;VIA ALBERTO BERGAMINI;da specificare;;;;in prossimità di PIAZZA EDOARDO PERSICO;Tamponamento Multiplo;Rettilineo;Due carreggiate;Bagnato (pioggia);Asfaltata;Verticale ed orizzontale;Pioggia in atto;Intenso;Buona;Ore Diurne;1;0;0;2;12.5589;41.9063;-1;2;Autovettura privata;In marcia / fermata / arresto;Conducente;F;Rimandato;0;NON DECEDUTO;Non accertato;Inesistente
4135721;5;13/12/2018 16:00:00;Strada Urbana;VIA ALBERTO BERGAMINI;da specificare;;;;in prossimità di PIAZZA EDOARDO PERSICO;Tamponamento Multiplo;Rettilineo;Due carreggiate;Bagnato (pioggia);Asfaltata;Verticale ed orizzontale;Pioggia in atto;Intenso;Buona;Ore Diurne;1;0;0;2;12.5589;41.9063;-1;3;Autovettura privata;In marcia / fermata / arresto;Conducente;M;Illeso;0;;Non accertato;Esploso
4135729;13;13/12/2018 18:00:00;Strada Urbana;VIA ISOLE DEL CAPO VERDE;all'intersezione con;VIA TAGASTE;VIA TAGASTE;;;Scontro frontale/laterale DX fra veicoli in marcia;Incrocio;Due carreggiate;Bagnato (pioggia);Asfaltata;Verticale ed orizzontale;Pioggia in atto;Normale;Sufficiente;Sufficiente;0;0;0;2;12.271;41.7372;-1;1;Autovettura privata;In marcia / fermata / arresto;Conducente;M;Illeso;0;;Non accertato;Inesploso
4135729;13;13/12/2018 18:00:00;Strada Urbana;VIA ISOLE DEL CAPO VERDE;all'intersezione con;VIA TAGASTE;VIA TAGASTE;;;Scontro frontale/laterale DX fra veicoli in marcia;Incrocio;Due carreggiate;Bagnato (pioggia);Asfaltata;Verticale ed orizzontale;Pioggia in atto;Normale;Sufficiente;Sufficiente;0;0;0;2;12.271;41.7372;-1;2;Autovettura privata;In marcia / fermata / arresto;Conducente;M;Illeso;0;;Non accertato;Inesploso
4135733;13;13/12/2018 20:30:00;Strada Urbana;VIA DELLE QUINQUEREMI;all'intersezione con;PIAZZA DEI CANOTTI;PIAZZA DEI CANOTTI;;;Scontro frontale/laterale DX fra veicoli in marcia;Incrocio;Una carreggiata a doppio senso;Bagnato (pioggia);Asfaltata;Verticale ed orizzontale;Pioggia in atto;Scarso;Sufficiente;Sufficiente;0;0;0;2;12.2969;41.7231;-1;1;Autovettura privata;In marcia / fermata / arresto;Conducente;M;Illeso;0;;Non accertato;Inesploso
4135733;13;13/12/2018 20:30:00;Strada Urbana;VIA DELLE QUINQUEREMI;all'intersezione con;PIAZZA DEI CANOTTI;PIAZZA DEI CANOTTI;;;Scontro frontale/laterale DX fra veicoli in marcia;Incrocio;Una carreggiata a doppio senso;Bagnato (pioggia);Asfaltata;Verticale ed orizzontale;Pioggia in atto;Scarso;Sufficiente;Sufficiente;0;0;0;2;12.2969;41.7231;-1;2;Autovettura privata;In marcia / fermata / arresto;Conducente;M;Illeso;0;;Non accertato;
4135737;5;13/12/2018 17:30:00;Strada Urbana;VIA GIOVANNI PITTALUGA;all'intersezione con;VIA GIUSEPPE GALLIANO;VIA GIUSEPPE GALLIANO;;;Scontro frontale/laterale DX fra veicoli in marcia;Incrocio;Due carreggiate;Bagnato (pioggia);Asfaltata;Verticale;Pioggia in atto;Scarso;Insufficiente;Insufficiente;0;0;0;2;12.536;41.9003;-1;1;Autovettura privata;In marcia / fermata / arresto;Conducente;F;Illeso;0;;Non accertato;Inesploso
4135737;5;13/12/2018 17:30:00;Strada Urbana;VIA GIOVANNI PITTALUGA;all'intersezione con;VIA GIUSEPPE GALLIANO;VIA GIUSEPPE GALLIANO;;;Scontro frontale/laterale DX fra veicoli in marcia;Incrocio;Due carreggiate;Bagnato (pioggia);Asfaltata;Verticale;Pioggia in atto;Scarso;Insufficiente;Insufficiente;0;0;0;2;12.536;41.9003;-1;2;Autovettura privata;In marcia / fermata / arresto;Conducente;M;Illeso;0;;Non accertato;Inesploso
4135738;20;13/12/2018 15:10:00;Strada Urbana;VIA DI PRATO CORAZZA;da specificare;;;;Pross. Via L. Angelini;Scontro frontale/laterale DX fra veicoli in marcia;Curva senza visuale libera;Una carreggiata a doppio senso;Bagnato (pioggia);Asfaltata;Assente;Pioggia in atto;Scarso;Sufficiente;Ore Diurne;3;0;0;3;12.3268;42.0828;-1;1;Autovettura privata;In marcia / fermata / arresto;Conducente;F;Illeso;0;;;
4135738;20;13/12/2018 15:10:00;Strada Urbana;VIA DI PRATO CORAZZA;da specificare;;;;Pross. Via L. Angelini;Scontro frontale/laterale DX fra veicoli in marcia;Curva senza visuale libera;Una carreggiata a doppio senso;Bagnato (pioggia);Asfaltata;Assente;Pioggia in atto;Scarso;Sufficiente;Ore Diurne;3;0;0;3;12.3268;42.0828;-1;1;Autovettura privata;In marcia / fermata / arresto;Passeggero;F;Rimandato;0;NON DECEDUTO;;
4135738;20;13/12/2018 15:10:00;Strada Urbana;VIA DI PRATO CORAZZA;da specificare;;;;Pross. Via L. Angelini;Scontro frontale/laterale DX fra veicoli in marcia;Curva senza visuale libera;Una carreggiata a doppio senso;Bagnato (pioggia);Asfaltata;Assente;Pioggia in atto;Scarso;Sufficiente;Ore Diurne;3;0;0;3;12.3268;42.0828;-1;2;Autovettura privata;In marcia / fermata / arresto;Conducente;M;Illeso;0;;;
4135738;20;13/12/2018 15:10:00;Strada Urbana;VIA DI PRATO CORAZZA;da specificare;;;;Pross. Via L. Angelini;Scontro frontale/laterale DX fra veicoli in marcia;Curva senza visuale libera;Una carreggiata a doppio senso;Bagnato (pioggia);Asfaltata;Assente;Pioggia in atto;Scarso;Sufficiente;Ore Diurne;3;0;0;3;12.3268;42.0828;-1;2;Autovettura privata;In marcia / fermata / arresto;Passeggero;F;Rimandato;0;NON DECEDUTO;;
4135738;20;13/12/2018 15:10:00;Strada Urbana;VIA DI PRATO CORAZZA;da specificare;;;;Pross. Via L. Angelini;Scontro frontale/laterale DX fra veicoli in marcia;Curva senza visuale libera;Una carreggiata a doppio senso;Bagnato (pioggia);Asfaltata;Assente;Pioggia in atto;Scarso;Sufficiente;Ore Diurne;3;0;0;3;12.3268;42.0828;-1;2;Autovettura privata;In marcia / fermata / arresto;Passeggero;F;Rimandato;0;NON DECEDUTO;;
4135738;20;13/12/2018 15:10:00;Strada Urbana;VIA DI PRATO CORAZZA;da specificare;;;;Pross. Via L. Angelini;Scontro frontale/laterale DX fra veicoli in marcia;Curva senza visuale libera;Una carreggiata a doppio senso;Bagnato (pioggia);Asfaltata;Assente;Pioggia in atto;Scarso;Sufficiente;Ore Diurne;3;0;0;3;12.3268;42.0828;-1;3;Autovettura privata;In marcia / fermata / arresto;Conducente;M;Illeso;0;;;
4135756;18;14/12/2018 01:30:00;Statale;VIA AURELIA;in prossimità;;del civico n.;1050;;Veicolo in marcia contro ostacolo fisso;Curva senza visuale libera;Due carreggiate;Bagnato (pioggia);Asfaltata;Verticale ed orizzontale;Pioggia in atto;Scarso;Insufficiente;Insufficiente;0;0;0;1;12.3791;41.8834;-1;1;Autovettura privata;In marcia / fermata / arresto;Conducente;F;Illeso;0;;;
4135762;17;13/12/2018 17:50:00;Strada Urbana;VIA DELLA GIULIANA;in corrispondenza;;del civico n.;83;;Investimento di pedone;Rettilineo;Una carreggiata a doppio senso;Bagnato (pioggia);Asfaltata;Verticale ed orizzontale;Pioggia in atto;Normale;Buona;Insufficiente;1;0;0;1;12.454;41.9143;-1;;;;Pedone;F;Ricoverato;0;NON DECEDUTO;;
4135762;17;13/12/2018 17:50:00;Strada Urbana;VIA DELLA GIULIANA;in corrispondenza;;del civico n.;83;;Investimento di pedone;Rettilineo;Una carreggiata a doppio senso;Bagnato (pioggia);Asfaltata;Verticale ed orizzontale;Pioggia in atto;Normale;Buona;Insufficiente;1;0;0;1;12.454;41.9143;-1;1;Autovettura privata;In marcia / fermata / arresto;Conducente;M;Illeso;0;;;
4135765;18;14/12/2018 00:55:00;Statale;VIA AURELIA;in prossimità;;del civico n.;1050;;Veicolo in marcia contro ostacolo fisso;Curva senza visuale libera;Due carreggiate;Bagnato (pioggia);Asfaltata;Verticale ed orizzontale;Pioggia in atto;Scarso;Insufficiente;Insufficiente;0;0;0;1;12.3769;41.8847;-1;1;Autovettura privata;In marcia / fermata / arresto;Conducente;F;Illeso;0;;;Esploso
4135771;18;13/12/2018 23:15:00;Strada Urbana;VIA GIUSEPPE FERRARI;da specificare;;;;PROX VIA TITO SPERI;Tamponamento;Rettilineo;Una carreggiata a doppio senso;Bagnato (umidità in atto);Asfaltata;Verticale ed orizzontale;Pioggia in atto;Scarso;Sufficiente;Sufficiente;0;0;0;2;12.4645;41.9142;-1;1;Autovettura privata;In marcia / fermata / arresto;Conducente;M;Illeso;0;;Non accertato;Inesploso
4135771;18;13/12/2018 23:15:00;Strada Urbana;VIA GIUSEPPE FERRARI;da specificare;;;;PROX VIA TITO SPERI;Tamponamento;Rettilineo;Una carreggiata a doppio senso;Bagnato (umidità in atto);Asfaltata;Verticale ed orizzontale;Pioggia in atto;Scarso;Sufficiente;Sufficiente;0;0;0;2;12.4645;41.9142;-1;2;Autovettura privata;In marcia / fermata / arresto;Conducente;F;Illeso;0;;;
4135772;20;13/12/2018 14:20:00;Provinciale;VIA BRACCIANENSE;da specificare;;;;Pross. V. Edoardo Perino;Tamponamento Multiplo;Rettilineo;Una carreggiata a doppio senso;Bagnato (pioggia);Asfaltata;Verticale ed orizzontale;Nuvoloso;Normale;Buona;Ore Diurne;0;0;0;5;12.3653;42.0132;-1;1;Autovettura privata;In marcia / fermata / arresto;Conducente;F;Illeso;0;;;
4135772;20;13/12/2018 14:20:00;Provinciale;VIA BRACCIANENSE;da specificare;;;;Pross. V. Edoardo Perino;Tamponamento Multiplo;Rettilineo;Una carreggiata a doppio senso;Bagnato (pioggia);Asfaltata;Verticale ed orizzontale;Nuvoloso;Normale;Buona;Ore Diurne;0;0;0;5;12.3653;42.0132;-1;2;Autovettura privata;In marcia / fermata / arresto;Conducente;M;Illeso;0;;;
4135772;20;13/12/2018 14:20:00;Provinciale;VIA BRACCIANENSE;da specificare;;;;Pross. V. Edoardo Perino;Tamponamento Multiplo;Rettilineo;Una carreggiata a doppio senso;Bagnato (pioggia);Asfaltata;Verticale ed orizzontale;Nuvoloso;Normale;Buona;Ore Diurne;0;0;0;5;12.3653;42.0132;-1;3;Autovettura privata;In marcia / fermata / arresto;Conducente;M;Illeso;0;;;
4135772;20;13/12/2018 14:20:00;Provinciale;VIA BRACCIANENSE;da specificare;;;;Pross. V. Edoardo Perino;Tamponamento Multiplo;Rettilineo;Una carreggiata a doppio senso;Bagnato (pioggia);Asfaltata;Verticale ed orizzontale;Nuvoloso;Normale;Buona;Ore Diurne;0;0;0;5;12.3653;42.0132;-1;3;Autovettura privata;In marcia / fermata / arresto;Passeggero;M;Illeso;0;;;
4135772;20;13/12/2018 14:20:00;Provinciale;VIA BRACCIANENSE;da specificare;;;;Pross. V. Edoardo Perino;Tamponamento Multiplo;Rettilineo;Una carreggiata a doppio senso;Bagnato (pioggia);Asfaltata;Verticale ed orizzontale;Nuvoloso;Normale;Buona;Ore Diurne;0;0;0;5;12.3653;42.0132;-1;3;Autovettura privata;In marcia / fermata / arresto;Passeggero;M;Illeso;0;;;
4135786;18;13/12/2018 15:40:00;Strada Urbana;VIA GREGORIO VII;in prossimità;;del civico n.;125;;Scontro frontale/laterale SX fra veicoli in marcia;Rettilineo;Più di due carreggiate;Bagnato (pioggia);Asfaltata;Verticale ed orizzontale;Pioggia in atto;Normale;Buona;Ore Diurne;1;0;0;2;12.4495;41.8959;-1;1;Autovettura privata;In marcia / fermata / arresto;Conducente;F;Illeso;0;;Non accertato;Inesploso
4135786;18;13/12/2018 15:40:00;Strada Urbana;VIA GREGORIO VII;in prossimità;;del civico n.;125;;Scontro frontale/laterale SX fra veicoli in marcia;Rettilineo;Più di due carreggiate;Bagnato (pioggia);Asfaltata;Verticale ed orizzontale;Pioggia in atto;Normale;Buona;Ore Diurne;1;0;0;2;12.4495;41.8959;-1;1;Autovettura privata;In marcia / fermata / arresto;Passeggero;F;Illeso;0;;Non accertato;Inesploso
4135786;18;13/12/2018 15:40:00;Strada Urbana;VIA GREGORIO VII;in prossimità;;del civico n.;125;;Scontro frontale/laterale SX fra veicoli in marcia;Rettilineo;Più di due carreggiate;Bagnato (pioggia);Asfaltata;Verticale ed orizzontale;Pioggia in atto;Normale;Buona;Ore Diurne;1;0;0;2;12.4495;41.8959;-1;2;Motociclo a solo;In marcia / fermata / arresto;Conducente;F;Rimandato;0;NON DECEDUTO;Non accertato;
4135798;4;14/12/2018 01:25:00;Provinciale entro l'abitato;VIA NOMENTANA;in prossimità;;del civico n.;253;;Tamponamento Multiplo;Rettilineo;Più di due carreggiate;Bagnato (pioggia);Asfaltata;Verticale ed orizzontale;Pioggia in atto;Scarso;Buona;Sufficiente;0;0;0;5;12.5089;41.9147;-1;1;Autovettura privata;In marcia / fermata / arresto;Conducente;M;Illeso;0;;;
4135798;4;14/12/2018 01:25:00;Provinciale entro l'abitato;VIA NOMENTANA;in prossimità;;del civico n.;253;;Tamponamento Multiplo;Rettilineo;Più di due carreggiate;Bagnato (pioggia);Asfaltata;Verticale ed orizzontale;Pioggia in atto;Scarso;Buona;Sufficiente;0;0;0;5;12.5089;41.9147;-1;1;Autovettura privata;In marcia / fermata / arresto;Passeggero;F;Illeso;0;;;
4135798;4;14/12/2018 01:25:00;Provinciale entro l'abitato;VIA NOMENTANA;in prossimità;;del civico n.;253;;Tamponamento Multiplo;Rettilineo;Più di due carreggiate;Bagnato (pioggia);Asfaltata;Verticale ed orizzontale;Pioggia in atto;Scarso;Buona;Sufficiente;0;0;0;5;12.5089;41.9147;-1;2;Autovettura privata;In marcia / fermata / arresto;Conducente;M;Illeso;0;;;
4135798;4;14/12/2018 01:25:00;Provinciale entro l'abitato;VIA NOMENTANA;in prossimità;;del civico n.;253;;Tamponamento Multiplo;Rettilineo;Più di due carreggiate;Bagnato (pioggia);Asfaltata;Verticale ed orizzontale;Pioggia in atto;Scarso;Buona;Sufficiente;0;0;0;5;12.5089;41.9147;-1;2;Autovettura privata;In marcia / fermata / arresto;Passeggero;M;Illeso;0;;;
4135798;4;14/12/2018 01:25:00;Provinciale entro l'abitato;VIA NOMENTANA;in prossimità;;del civico n.;253;;Tamponamento Multiplo;Rettilineo;Più di due carreggiate;Bagnato (pioggia);Asfaltata;Verticale ed orizzontale;Pioggia in atto;Scarso;Buona;Sufficiente;0;0;0;5;12.5089;41.9147;-1;3;Autovettura privata;In marcia / fermata / arresto;Conducente;M;Illeso;0;;;
4135805;1;13/12/2018 19:00:00;Strada Urbana;VIA DEL VIMINALE;in prossimità;;del civico n.;31;;Investimento di pedone;Rettilineo;Una carreggiata a doppio senso;Bagnato (pioggia);In cubetti di porfido;Verticale ed orizzontale;Pioggia in atto;Normale;Buona;Sufficiente;2;0;0;0;12.4955;41.9001;-1;;;;Pedone;M;Rimandato;0;NON DECEDUTO;;
4135805;1;13/12/2018 19:00:00;Strada Urbana;VIA DEL VIMINALE;in prossimità;;del civico n.;31;;Investimento di pedone;Rettilineo;Una carreggiata a doppio senso;Bagnato (pioggia);In cubetti di porfido;Verticale ed orizzontale;Pioggia in atto;Normale;Buona;Sufficiente;2;0;0;0;12.4955;41.9001;-1;1;Motociclo a solo;In marcia / fermata / arresto;Conducente;M;Rimandato;0;NON DECEDUTO;Non accertato;
4135818;18;13/12/2018 15:15:00;Comunale extraurbana;VIA DI CASTEL DI GUIDO;da specificare;;;;SNC;Veicolo in marcia contro ostacolo accidentale;Rettilineo;Una carreggiata a doppio senso;Bagnato (pioggia);Asfaltata;Verticale ed orizzontale;Pioggia in atto;Normale;Sufficiente;Ore Diurne;0;0;0;0;12.3047;41.9019;-1;;;;;;;;;;
4135825;4;13/12/2018 17:00:00;Strada Urbana;VIA GIUSEPPE DE SANTIS;da specificare;;;;in prossimità di Via de Giorgi;Scontro frontale fra veicoli in marcia;Rettilineo;Una carreggiata a doppio senso;Bagnato (pioggia);Asfaltata;Verticale ed orizzontale;Pioggia in atto;Normale;Buona;Sufficiente;0;0;0;2;12.539;41.9655;-1;1;Autovettura privata;In marcia / fermata / arresto;Conducente;F;Illeso;0;;;
4135825;4;13/12/2018 17:00:00;Strada Urbana;VIA GIUSEPPE DE SANTIS;da specificare;;;;in prossimità di Via de Giorgi;Scontro frontale fra veicoli in marcia;Rettilineo;Una carreggiata a doppio senso;Bagnato (pioggia);Asfaltata;Verticale ed orizzontale;Pioggia in atto;Normale;Buona;Sufficiente;0;0;0;2;12.539;41.9655;-1;2;Autovettura privata;In marcia / fermata / arresto;Conducente;M;Illeso;0;;;
4135835;4;13/12/2018 20:20:00;Strada Urbana;VIA SEGGIANO;in prossimità;;del civico n.;53;;Investimento di pedone;Rettilineo;Una carreggiata a doppio senso;Bagnato (pioggia);Asfaltata;Verticale ed orizzontale;Pioggia in atto;Normale;Buona;Insufficiente;1;0;1;2;12.5146;41.9526;-1;;;;Pedone;F;Prognosi riservata;0;DECEDUTO ENTRO IL SESTO GIORNO;;
4135835;4;13/12/2018 20:20:00;Strada Urbana;VIA SEGGIANO;in prossimità;;del civico n.;53;;Investimento di pedone;Rettilineo;Una carreggiata a doppio senso;Bagnato (pioggia);Asfaltata;Verticale ed orizzontale;Pioggia in atto;Normale;Buona;Insufficiente;1;0;1;2;12.5146;41.9526;-1;;;;Pedone;F;Rimandato;0;NON DECEDUTO;;
4135835;4;13/12/2018 20:20:00;Strada Urbana;VIA SEGGIANO;in prossimità;;del civico n.;53;;Investimento di pedone;Rettilineo;Una carreggiata a doppio senso;Bagnato (pioggia);Asfaltata;Verticale ed orizzontale;Pioggia in atto;Normale;Buona;Insufficiente;1;0;1;2;12.5146;41.9526;-1;1;Autovettura privata;In marcia / fermata / arresto;Conducente;M;Illeso;0;;;
4135835;4;13/12/2018 20:20:00;Strada Urbana;VIA SEGGIANO;in prossimità;;del civico n.;53;;Investimento di pedone;Rettilineo;Una carreggiata a doppio senso;Bagnato (pioggia);Asfaltata;Verticale ed orizzontale;Pioggia in atto;Normale;Buona;Insufficiente;1;0;1;2;12.5146;41.9526;-1;1;Autovettura privata;In marcia / fermata / arresto;Passeggero;M;Illeso;0;;;
4135840;5;14/12/2018 08:35:00;Strada Urbana;VIA TIBURTINA;all'intersezione semaforizzata con;VIA PIETRO OTTOBONI;VIA PIETRO OTTOBONI;;;Scontro laterale fra veicoli in marcia;Intersezione semaforizzata;Due carreggiate;Bagnato (pioggia);Asfaltata;Verticale ed orizzontale;Pioggia in atto;Intenso;Buona;Ore Diurne;0;0;0;6;12.5398;41.9084;-1;1;Autocarro inferiore 35 q.;In marcia / fermata / arresto;Conducente;F;Illeso;0;;Non accertato;
4135840;5;14/12/2018 08:35:00;Strada Urbana;VIA TIBURTINA;all'intersezione semaforizzata con;VIA PIETRO OTTOBONI;VIA PIETRO OTTOBONI;;;Scontro laterale fra veicoli in marcia;Intersezione semaforizzata;Due carreggiate;Bagnato (pioggia);Asfaltata;Verticale ed orizzontale;Pioggia in atto;Intenso;Buona;Ore Diurne;0;0;0;6;12.5398;41.9084;-1;2;Autovettura privata;In marcia / fermata / arresto;Conducente;F;Illeso;0;;Non accertato;
4135840;5;14/12/2018 08:35:00;Strada Urbana;VIA TIBURTINA;all'intersezione semaforizzata con;VIA PIETRO OTTOBONI;VIA PIETRO OTTOBONI;;;Scontro laterale fra veicoli in marcia;Intersezione semaforizzata;Due carreggiate;Bagnato (pioggia);Asfaltata;Verticale ed orizzontale;Pioggia in atto;Intenso;Buona;Ore Diurne;0;0;0;6;12.5398;41.9084;-1;2;Autovettura privata;In marcia / fermata / arresto;Passeggero;F;Illeso;0;;Non accertato;
4135840;5;14/12/2018 08:35:00;Strada Urbana;VIA TIBURTINA;all'intersezione semaforizzata con;VIA PIETRO OTTOBONI;VIA PIETRO OTTOBONI;;;Scontro laterale fra veicoli in marcia;Intersezione semaforizzata;Due carreggiate;Bagnato (pioggia);Asfaltata;Verticale ed orizzontale;Pioggia in atto;Intenso;Buona;Ore Diurne;0;0;0;6;12.5398;41.9084;-1;2;Autovettura privata;In marcia / fermata / arresto;Passeggero;F;Illeso;0;;Non accertato;
4135840;5;14/12/2018 08:35:00;Strada Urbana;VIA TIBURTINA;all'intersezione semaforizzata con;VIA PIETRO OTTOBONI;VIA PIETRO OTTOBONI;;;Scontro laterale fra veicoli in marcia;Intersezione semaforizzata;Due carreggiate;Bagnato (pioggia);Asfaltata;Verticale ed orizzontale;Pioggia in atto;Intenso;Buona;Ore Diurne;0;0;0;6;12.5398;41.9084;-1;2;Autovettura privata;In marcia / fermata / arresto;Passeggero;F;Illeso;0;;Non accertato;
4135840;5;14/12/2018 08:35:00;Strada Urbana;VIA TIBURTINA;all'intersezione semaforizzata con;VIA PIETRO OTTOBONI;VIA PIETRO OTTOBONI;;;Scontro laterale fra veicoli in marcia;Intersezione semaforizzata;Due carreggiate;Bagnato (pioggia);Asfaltata;Verticale ed orizzontale;Pioggia in atto;Intenso;Buona;Ore Diurne;0;0;0;6;12.5398;41.9084;-1;2;Autovettura privata;In marcia / fermata / arresto;Passeggero;F;Illeso;0;;Non accertato;