Protocollo;Gruppo;DataOraIncidente;Localizzazione1;STRADA1;Localizzazione2;STRADA2;Strada02;Chilometrica;DaSpecificare;NaturaIncidente;particolaritastrade;TipoStrada;FondoStradale;Pavimentazione;Segnaletica;CondizioneAtmosferica;Traffico;Visibilita;Illuminazione;NUM_FERITI;NUM_RISERVATA;NUM_MORTI;NUM_ILLESI;Longitudine;Latitudine;Confermato;Progressivo;TipoVeicolo;StatoVeicolo;TipoPersona;Sesso;Tipolesione;Deceduto;DecedutoDopo;CinturaCascoUtilizzato;Airbag;
4137370;8;14/12/2018 06:30:00;;VIA CASILINA;da specificare;;;;CAVALCAVIA PROX. CIV. 1604 DIR. ROMA CENTRO;Veicolo in marcia contro ostacolo accidentale;;;;;;;;;;0;0;0;1;;;0;1;Autovettura privata;In marcia / fermata / arresto;Conducente;F;Illeso;0;;;
4137377;20;14/12/2018 20:15:00;Strada Urbana;CIRCONVALLAZIONE SALARIA;da specificare;;;;direzione Stadio altezza Ponte delle Valli;Tamponamento;Rettilineo;Due carreggiate;Bagnato (umidità in atto);Asfaltata;Verticale ed orizzontale;Nuvoloso;Normale;Sufficiente;Sufficiente;1;0;0;4;12.5207;41.9347;-1;1;Autovettura privata;In marcia / fermata / arresto;Conducente;M;Illeso;0;;Non accertato;Inesploso
4137377;20;14/12/2018 20:15:00;Strada Urbana;CIRCONVALLAZIONE SALARIA;da specificare;;;;direzione Stadio altezza Ponte delle Valli;Tamponamento;Rettilineo;Due carreggiate;Bagnato (umidità in atto);Asfaltata;Verticale ed orizzontale;Nuvoloso;Normale;Sufficiente;Sufficiente;1;0;0;4;12.5207;41.9347;-1;1;Autovettura privata;In marcia / fermata / arresto;Passeggero;F;Illeso;0;;Non accertato;Inesploso
4137377;20;14/12/2018 20:15:00;Strada Urbana;CIRCONVALLAZIONE SALARIA;da specificare;;;;direzione Stadio altezza Ponte delle Valli;Tamponamento;Rettilineo;Due carreggiate;Bagnato (umidità in atto);Asfaltata;Verticale ed orizzontale;Nuvoloso;Normale;Sufficiente;Sufficiente;1;0;0;4;12.5207;41.9347;-1;1;Autovettura privata;In marcia / fermata / arresto;Passeggero;F;Illeso;0;;Non accertato;Inesploso
4137377;20;14/12/2018 20:15:00;Strada Urbana;CIRCONVALLAZIONE SALARIA;da specificare;;;;direzione Stadio altezza Ponte delle Valli;Tamponamento;Rettilineo;Due carreggiate;Bagnato (umidità in atto);Asfaltata;Verticale ed orizzontale;Nuvoloso;Normale;Sufficiente;Sufficiente;1;0;0;4;12.5207;41.9347;-1;2;Autovettura privata;In marcia / fermata / arresto;Conducente;F;Rimandato;0;NON DECEDUTO;Non accertato;Esploso
4137387;11;14/12/2018 15:45:00;Strada Urbana;VIA APPIA ANTICA;in corrispondenza;;del civico n.;126;;Fuoriuscita dalla sede stradale;Rettilineo;Una carreggiata a senso unico di marcia;Bagnato (pioggia);In cubetti di porfido;Verticale;Pioggia in atto;Normale;Buona;Sufficiente;1;0;0;0;12.5135;41.8585;-1;1;Ciclomotore;In marcia / fermata / arresto;Conducente;M;Rimandato;0;NON DECEDUTO;Non accertato;
4137387;11;14/12/2018 15:45:00;Strada Urbana;VIA APPIA ANTICA;in corrispondenza;;del civico n.;126;;Fuoriuscita dalla sede stradale;Rettilineo;Una carreggiata a senso unico di marcia;Bagnato (pioggia);In cubetti di porfido;Verticale;Pioggia in atto;Normale;Buona;Sufficiente;1;0;0;0;12.5135;41.8585;-1;2;Autovettura privata;Allontanatosi;;;;;;;
4137392;8;14/12/2018 07:40:00;;VIALE DUILIO CAMBELLOTTI;da specificare;;;;10 MT PRIMA CAVALCAVIA METRO C DIREZ. PTV;Veicolo in marcia contro ostacolo fisso;;;;;;;;;;1;0;0;0;;;0;1;Autovettura privata;In marcia / fermata / arresto;Conducente;F;Rimandato;0;NON DECEDUTO;;
4137394;10;14/12/2018 19:00:00;Strada Urbana;VIA DI TOR VERGATA;da specificare;;;;1° palo acea dopo via Ragusa;Scontro laterale fra veicoli in marcia;Curva a visuale libera;Una carreggiata a senso unico di marcia;Bagnato (pioggia);Asfaltata;Verticale ed orizzontale;Pioggia in atto;Intenso;Sufficiente;Sufficiente;0;0;0;3;12.6216;41.8431;-1;1;Autovettura privata;In marcia / fermata / arresto;Conducente;M;Illeso;0;;Non accertato;Inesploso
4137394;10;14/12/2018 19:00:00;Strada Urbana;VIA DI TOR VERGATA;da specificare;;;;1° palo acea dopo via Ragusa;Scontro laterale fra veicoli in marcia;Curva a visuale libera;Una carreggiata a senso unico di marcia;Bagnato (pioggia);Asfaltata;Verticale ed orizzontale;Pioggia in atto;Intenso;Sufficiente;Sufficiente;0;0;0;3;12.6216;41.8431;-1;2;Motociclo a solo;In marcia / fermata / arresto;Conducente;M;Illeso;0;;Non accertato;
4137394;10;14/12/2018 19:00:00;Strada Urbana;VIA DI TOR VERGATA;da specificare;;;;1° palo acea dopo via Ragusa;Scontro laterale fra veicoli in marcia;Curva a visuale libera;Una carreggiata a senso unico di marcia;Bagnato (pioggia);Asfaltata;Verticale ed orizzontale;Pioggia in atto;Intenso;Sufficiente;Sufficiente;0;0;0;3;12.6216;41.8431;-1;3;Autovettura privata;In marcia / fermata / arresto;Conducente;M;Illeso;0;;Non accertato;Inesploso
4137405;11;14/12/2018 16:20:00;Strada Urbana;VIA CRISTOFORO COLOMBO;da specificare;;;;carreggiata centrale direzione Eur fronte civ. 72;Tamponamento Multiplo;Rettilineo;Più di due carreggiate;Bagnato (pioggia);Asfaltata;Verticale ed orizzontale;Pioggia in atto;Intenso;Buona;Ore Diurne;0;0;0;3;12.4961;41.8685;-1;1;Autovettura privata;In marcia / fermata / arresto;Conducente;F;Illeso;0;;;
4137405;11;14/12/2018 16:20:00;Strada Urbana;VIA CRISTOFORO COLOMBO;da specificare;;;;carreggiata centrale direzione Eur fronte civ. 72;Tamponamento Multiplo;Rettilineo;Più di due carreggiate;Bagnato (pioggia);Asfaltata;Verticale ed orizzontale;Pioggia in atto;Intenso;Buona;Ore Diurne;0;0;0;3;12.4961;41.8685;-1;2;Autocarro inferiore 35 q.;In marcia / fermata / arresto;Conducente;M;Illeso;0;;;
4137405;11;14/12/2018 16:20:00;Strada Urbana;VIA CRISTOFORO COLOMBO;da specificare;;;;carreggiata centrale direzione Eur fronte civ. 72;Tamponamento Multiplo;Rettilineo;Più di due carreggiate;Bagnato (pioggia);Asfaltata;Verticale ed orizzontale;Pioggia in atto;Intenso;Buona;Ore Diurne;0;0;0;3;12.4961;41.8685;-1;3;Autovettura privata;In marcia / fermata / arresto;Conducente;M;Illeso;0;;;
4137407;11;14/12/2018 09:25:00;Strada Urbana;VIALE LEONARDO DA VINCI;all'intersezione con;VIA GIOVANNIPOLI;VIA GIOVANNIPOLI;;;Scontro frontale/laterale SX fra veicoli in marcia;Rotatoria;Una carreggiata a doppio senso;Bagnato (pioggia);Asfaltata;Verticale ed orizzontale;Pioggia in atto;Normale;Buona;Ore Diurne;1;0;0;1;12.4807;41.8594;-1;1;Autovettura privata;In marcia / fermata / arresto;Conducente;M;Illeso;0;;;
4137407;11;14/12/2018 09:25:00;Strada Urbana;VIALE LEONARDO DA VINCI;all'intersezione con;VIA GIOVANNIPOLI;VIA GIOVANNIPOLI;;;Scontro frontale/laterale SX fra veicoli in marcia;Rotatoria;Una carreggiata a doppio senso;Bagnato (pioggia);Asfaltata;Verticale ed orizzontale;Pioggia in atto;Normale;Buona;Ore Diurne;1;0;0;1;12.4807;41.8594;-1;2;Motociclo a solo;In marcia / fermata / arresto;Conducente;F;Rimandato;0;NON DECEDUTO;;
4137409;1;15/12/2018 00:10:00;Strada Urbana;PIAZZA TESTACCIO;all'intersezione con;VIA GIOVANNI BATTISTA BODONI;VIA GIOVANNI BATTISTA BODONI;;;Scontro frontale/laterale DX fra veicoli in marcia;Intersezione stradale segnalata;Una carreggiata a senso unico di marcia;Bagnato (pioggia);Asfaltata;Verticale ed orizzontale;Nuvoloso;Scarso;Buona;Sufficiente;2;0;0;1;12.4772;41.88;-1;1;Autovettura privata;In marcia / fermata / arresto;Conducente;F;Rimandato;0;NON DECEDUTO;;Esploso
4137409;1;15/12/2018 00:10:00;Strada Urbana;PIAZZA TESTACCIO;all'intersezione con;VIA GIOVANNI BATTISTA BODONI;VIA GIOVANNI BATTISTA BODONI;;;Scontro frontale/laterale DX fra veicoli in marcia;Intersezione stradale segnalata;Una carreggiata a senso unico di marcia;Bagnato (pioggia);Asfaltata;Verticale ed orizzontale;Nuvoloso;Scarso;Buona;Sufficiente;2;0;0;1;12.4772;41.88;-1;1;Autovettura privata;In marcia / fermata / arresto;Passeggero;F;Rimandato;0;NON DECEDUTO;;Esploso
4137409;1;15/12/2018 00:10:00;Strada Urbana;PIAZZA TESTACCIO;all'intersezione con;VIA GIOVANNI BATTISTA BODONI;VIA GIOVANNI BATTISTA BODONI;;;Scontro frontale/laterale DX fra veicoli in marcia;Intersezione stradale segnalata;Una carreggiata a senso unico di marcia;Bagnato (pioggia);Asfaltata;Verticale ed orizzontale;Nuvoloso;Scarso;Buona;Sufficiente;2;0;0;1;12.4772;41.88;-1;2;Autovettura privata;In marcia / fermata / arresto;Conducente;M;Illeso;0;;;
4137411;8;14/12/2018 07:45:00;Strada Urbana;VIALE DUILIO CAMBELLOTTI;da specificare;;;;50 MT PRIMA CAVALCAVIA METRO C DIREZ. PTV;Tamponamento;Rettilineo;Due carreggiate;Bagnato (pioggia);Asfaltata;Orizzontale;Pioggia in atto;Normale;Sufficiente;Ore Diurne;0;0;0;3;12.6297;41.8674;-1;1;Autovettura privata;In marcia / fermata / arresto;Conducente;F;Illeso;0;;Non accertato;Inesploso
4137411;8;14/12/2018 07:45:00;Strada Urbana;VIALE DUILIO CAMBELLOTTI;da specificare;;;;50 MT PRIMA CAVALCAVIA METRO C DIREZ. PTV;Tamponamento;Rettilineo;Due carreggiate;Bagnato (pioggia);Asfaltata;Orizzontale;Pioggia in atto;Normale;Sufficiente;Ore Diurne;0;0;0;3;12.6297;41.8674;-1;1;Autovettura privata;In marcia / fermata / arresto;Passeggero;M;Illeso;0;;Non accertato;Inesploso
4137411;8;14/12/2018 07:45:00;Strada Urbana;VIALE DUILIO CAMBELLOTTI;da specificare;;;;50 MT PRIMA CAVALCAVIA METRO C DIREZ. PTV;Tamponamento;Rettilineo;Due carreggiate;Bagnato (pioggia);Asfaltata;Orizzontale;Pioggia in atto;Normale;Sufficiente;Ore Diurne;0;0;0;3;12.6297;41.8674;-1;2;Autovettura privata;In marcia / fermata / arresto;Conducente;M;Illeso;0;;Non accertato;Inesploso
4137415;20;14/12/2018 12:50:00;Regionale;VIA FLAMINIA NUOVA;in prossimità;;della chilometrica;10;;Tamponamento Multiplo;Rettilineo;Due carreggiate;Bagnato (pioggia);Asfaltata;Orizzontale;Pioggia in atto;Normale;Buona;Ore Diurne;0;0;0;3;12.4792;41.9609;-1;1;Autovettura privata;In marcia / fermata / arresto;Conducente;M;Illeso;0;;Non accertato;Inesploso
4137415;20;14/12/2018 12:50:00;Regionale;VIA FLAMINIA NUOVA;in prossimità;;della chilometrica;10;;Tamponamento Multiplo;Rettilineo;Due carreggiate;Bagnato (pioggia);Asfaltata;Orizzontale;Pioggia in atto;Normale;Buona;Ore Diurne;0;0;0;3;12.4792;41.9609;-1;2;Autovettura privata;In marcia / fermata / arresto;Conducente;M;Illeso;0;;Non accertato;Inesploso
4137415;20;14/12/2018 12:50:00;Regionale;VIA FLAMINIA NUOVA;in prossimità;;della chilometrica;10;;Tamponamento Multiplo;Rettilineo;Due carreggiate;Bagnato (pioggia);Asfaltata;Orizzontale;Pioggia in atto;Normale;Buona;Ore Diurne;0;0;0;3;12.4792;41.9609;-1;3;Autovettura privata;In marcia / fermata / arresto;Conducente;M;Illeso;0;;Non accertato;Inesploso
4137425;11;15/12/2018 02:00:00;Strada Urbana;VIA STATILIA;in prossimità;;del civico n.;15;;Investimento di pedone;Rettilineo;Una carreggiata a doppio senso;Asciutto;Asfaltata;Verticale ed orizzontale;Sereno;Scarso;Sufficiente;Sufficiente;1;0;0;1;12.511;41.8903;-1;;;;Pedone;M;Rimandato;0;NON DECEDUTO;;
4137425;11;15/12/2018 02:00:00;Strada Urbana;VIA STATILIA;in prossimità;;del civico n.;15;;Investimento di pedone;Rettilineo;Una carreggiata a doppio senso;Asciutto;Asfaltata;Verticale ed orizzontale;Sereno;Scarso;Sufficiente;Sufficiente;1;0;0;1;12.511;41.8903;-1;1;Autovettura privata;In marcia / fermata / arresto;Conducente;M;Illeso;0;;;
4137426;11;14/12/2018 22:15:00;Strada Urbana;VIA LAURENTINA;all'intersezione semaforizzata con;VIA DEL SERAFICO;VIA DEL SERAFICO;;;Scontro laterale fra veicoli in marcia;Intersezione semaforizzata;Due carreggiate;Asciutto;Asfaltata;Verticale ed orizzontale;Sereno;Scarso;Sufficiente;Sufficiente;0;0;0;4;12.4805;41.8299;-1;1;Autovettura privata;In marcia / fermata / arresto;Conducente;M;Illeso;0;;Non accertato;
4137426;11;14/12/2018 22:15:00;Strada Urbana;VIA LAURENTINA;all'intersezione semaforizzata con;VIA DEL SERAFICO;VIA DEL SERAFICO;;;Scontro laterale fra veicoli in marcia;Intersezione semaforizzata;Due carreggiate;Asciutto;Asfaltata;Verticale ed orizzontale;Sereno;Scarso;Sufficiente;Sufficiente;0;0;0;4;12.4805;41.8299;-1;1;Autovettura privata;In marcia / fermata / arresto;Passeggero;M;Illeso;0;;Non accertato;
4137426;11;14/12/2018 22:15:00;Strada Urbana;VIA LAURENTINA;all'intersezione semaforizzata con;VIA DEL SERAFICO;VIA DEL SERAFICO;;;Scontro laterale fra veicoli in marcia;Intersezione semaforizzata;Due carreggiate;Asciutto;Asfaltata;Verticale ed orizzontale;Sereno;Scarso;Sufficiente;Sufficiente;0;0;0;4;12.4805;41.8299;-1;2;Autovettura privata;In marcia / fermata / arresto;Conducente;M;Illeso;0;;Non accertato;
4137426;11;14/12/2018 22:15:00;Strada Urbana;VIA LAURENTINA;all'intersezione semaforizzata con;VIA DEL SERAFICO;VIA DEL SERAFICO;;;Scontro laterale fra veicoli in marcia;Intersezione semaforizzata;Due carreggiate;Asciutto;Asfaltata;Verticale ed orizzontale;Sereno;Scarso;Sufficiente;Sufficiente;0;0;0;4;12.4805;41.8299;-1;2;Autovettura privata;In marcia / fermata / arresto;Passeggero;M;Illeso;0;;Non accertato;
4137455;8;14/12/2018 17:20:00;Strada Urbana;VIA DI TORRENOVA;all'intersezione con;VIA DEDALO;VIA DEDALO;;;Investimento di pedone;Incrocio;Una carreggiata a doppio senso;Bagnato (pioggia);Asfaltata;Verticale ed orizzontale;Pioggia in atto;Intenso;Sufficiente;Sufficiente;1;0;0;1;12.6183;41.8782;-1;;;;Pedone;F;Rimandato;0;NON DECEDUTO;;
4137455;8;14/12/2018 17:20:00;Strada Urbana;VIA DI TORRENOVA;all'intersezione con;VIA DEDALO;VIA DEDALO;;;Investimento di pedone;Incrocio;Una carreggiata a doppio senso;Bagnato (pioggia);Asfaltata;Verticale ed orizzontale;Pioggia in atto;Intenso;Sufficiente;Sufficiente;1;0;0;1;12.6183;41.8782;-1;1;Autovettura privata;In marcia / fermata / arresto;Conducente;M;Illeso;0;;Non accertato;Inesploso
4137460;1;14/12/2018 19:10:00;Strada Urbana;VIA CAVOUR;all'intersezione con;VIA SFORZA;VIA SFORZA;;;Investimento di pedone;Intersezione non regolata/non segnalata;Una carreggiata a doppio senso;Bagnato (pioggia);Asfaltata;Verticale ed orizzontale;Pioggia in atto;Normale;Buona;Sufficiente;1;0;0;1;12.4944;41.8958;-1;;;;Pedone;M;Rimandato;0;NON DECEDUTO;;
4137460;1;14/12/2018 19:10:00;Strada Urbana;VIA CAVOUR;all'intersezione con;VIA SFORZA;VIA SFORZA;;;Investimento di pedone;Intersezione non regolata/non segnalata;Una carreggiata a doppio senso;Bagnato (pioggia);Asfaltata;Verticale ed orizzontale;Pioggia in atto;Normale;Buona;Sufficiente;1;0;0;1;12.4944;41.8958;-1;1;Motociclo a solo;In marcia / fermata / arresto;Conducente;M;Illeso;0;;;
4137503;1;14/12/2018 16:20:00;Strada Urbana;VIA DI S. GREGORIO;in prossimità;;del palo luce n.;14;;Veicolo in marcia contro ostacolo fisso;Rettilineo;Due carreggiate;Bagnato (pioggia);Asfaltata;Verticale ed orizzontale;Pioggia in atto;Normale;Sufficiente;Ore Diurne;1;0;0;0;12.4899;41.8867;-1;1;Autovettura privata;In marcia / fermata / arresto;Conducente;M;Rimandato;0;NON DECEDUTO;;
4137520;8;14/12/2018 17:50:00;Strada Urbana;PIAZZA ARISTIDE GIANNELLI;da specificare;;;;ALTEZZA VIA LUCIANO CONTI;Tamponamento;Curva a visuale libera;Una carreggiata a senso unico di marcia;Bagnato (pioggia);Asfaltata;Orizzontale;Pioggia in atto;Normale;Sufficiente;Sufficiente;0;0;0;2;12.4964;41.9028;-1;1;Autovettura privata;In marcia / fermata / arresto;Conducente;F;Illeso;0;;Non accertato;Inesploso
4137520;8;14/12/2018 17:50:00;Strada Urbana;PIAZZA ARISTIDE GIANNELLI;da specificare;;;;ALTEZZA VIA LUCIANO CONTI;Tamponamento;Curva a visuale libera;Una carreggiata a senso unico di marcia;Bagnato (pioggia);Asfaltata;Orizzontale;Pioggia in atto;Normale;Sufficiente;Sufficiente;0;0;0;2;12.4964;41.9028;-1;2;Autocarro inferiore 35 q.;In marcia / fermata / arresto;Conducente;M;Illeso;0;;Non accertato;Inesploso
4137541;19;15/12/2018 03:00:00;Strada Urbana;VIALE DI TOR DI QUINTO;in prossimità;;del civico n.;55;;Veicolo in marcia contro ostacolo fisso;Curva a visuale libera;Una carreggiata a doppio senso;Bagnato (umidità in atto);Asfaltata;Orizzontale;Nuvoloso;Scarso;Sufficiente;Sufficiente;0;0;1;0;12.4776;41.9384;-1;1;Autovettura privata;In marcia / fermata / arresto;Conducente;M;Deceduto sul posto;-1;;Non accertato;Esploso
4137549;1;14/12/2018 10:10:00;Strada Urbana;VIA STATILIA;in prossimità;;del civico n.;15;;Scontro frontale/laterale SX fra veicoli in marcia;Rettilineo;Una carreggiata a doppio senso;Bagnato (pioggia);Acciotolata;Verticale ed orizzontale;Pioggia in atto;Normale;Buona;Ore Diurne;1;0;0;1;12.511;41.8903;-1;1;Motociclo a solo;In marcia / fermata / arresto;Conducente;F;Rifiuta cure immediate;0;NON DECEDUTO;Non accertato;
4137549;1;14/12/2018 10:10:00;Strada Urbana;VIA STATILIA;in prossimità;;del civico n.;15;;Scontro frontale/laterale SX fra veicoli in marcia;Rettilineo;Una carreggiata a doppio senso;Bagnato (pioggia);Acciotolata;Verticale ed orizzontale;Pioggia in atto;Normale;Buona;Ore Diurne;1;0;0;1;12.511;41.8903;-1;2;Autovettura privata;In marcia / fermata / arresto;Conducente;M;Illeso;0;;Non accertato;
4137569;1;15/12/2018 07:00:00;Strada Urbana;PONTE GARIBALDI;all'intersezione semaforizzata con;LUNGOTEVERE DE' CENCI;LUNGOTEVERE DE' CENCI;;;Scontro frontale/laterale DX fra veicoli in marcia;Incrocio;Più di due carreggiate;Asciutto;Asfaltata;Verticale ed orizzontale;Sereno;Scarso;Buona;Ore Diurne;0;0;0;4;12.4746;41.8917;-1;1;Autovettura privata;In marcia / fermata / arresto;Conducente;M;Illeso;0;;;
4137569;1;15/12/2018 07:00:00;Strada Urbana;PONTE GARIBALDI;all'intersezione semaforizzata con;LUNGOTEVERE DE' CENCI;LUNGOTEVERE DE' CENCI;;;Scontro frontale/laterale DX fra veicoli in marcia;Incrocio;Più di due carreggiate;Asciutto;Asfaltata;Verticale ed orizzontale;Sereno;Scarso;Buona;Ore Diurne;0;0;0;4;12.4746;41.8917;-1;2;Autovettura pubblica;In marcia / fermata / arresto;Conducente;M;Illeso;0;;;
4137569;1;15/12/2018 07:00:00;Strada Urbana;PONTE GARIBALDI;all'intersezione semaforizzata con;LUNGOTEVERE DE' CENCI;LUNGOTEVERE DE' CENCI;;;Scontro frontale/laterale DX fra veicoli in marcia;Incrocio;Più di due carreggiate;Asciutto;Asfaltata;Verticale ed orizzontale;Sereno;Scarso;Buona;Ore Diurne;0;0;0;4;12.4746;41.8917;-1;2;Autovettura pubblica;In marcia / fermata / arresto;Passeggero;M;Illeso;0;;;
4137569;1;15/12/2018 07:00:00;Strada Urbana;PONTE GARIBALDI;all'intersezione semaforizzata con;LUNGOTEVERE DE' CENCI;LUNGOTEVERE DE' CENCI;;;Scontro frontale/laterale DX fra veicoli in marcia;Incrocio;Più di due carreggiate;Asciutto;Asfaltata;Verticale ed orizzontale;Sereno;Scarso;Buona;Ore Diurne;0;0;0;4;12.4746;41.8917;-1;2;Autovettura pubblica;In marcia / fermata / arresto;Passeggero;F;Illeso;0;;;
4137589;10;15/12/2018 09:40:00;Strada Urbana;VIA TUSCOLANA;da specificare;;;;dir. GRA prima del cavalcavia Osteria del curato;Scontro frontale/laterale DX fra veicoli in marcia;Rettilineo;Due carreggiate;Asciutto;Asfaltata;Orizzontale;Sereno;Intenso;Buona;Ore Diurne;0;0;0;2;12.5855;41.8418;-1;1;Autovettura privata;In marcia / fermata / arresto;Conducente;M;Illeso;0;;Non accertato;Inesploso
4137589;10;15/12/2018 09:40:00;Strada Urbana;VIA TUSCOLANA;da specificare;;;;dir. GRA prima del cavalcavia Osteria del curato;Scontro frontale/laterale DX fra veicoli in marcia;Rettilineo;Due carreggiate;Asciutto;Asfaltata;Orizzontale;Sereno;Intenso;Buona;Ore Diurne;0;0;0;2;12.5855;41.8418;-1;2;Autovettura privata;In marcia / fermata / arresto;Conducente;F;Illeso;0;;Non accertato;Inesploso
4137599;1;14/12/2018 14:55:00;Strada Urbana;VIA DELLE TERME DI TRAIANO;all'intersezione con;VIA DEL MONTE OPPIO;VIA DEL MONTE OPPIO;;;Infortunio per sola frenata improvvisa;Incrocio;Una carreggiata a doppio senso;Bagnato (pioggia);Asfaltata;Verticale ed orizzontale;Pioggia in atto;Normale;Buona;Ore Diurne;1;0;0;0;12.4974;41.8935;-1;1;Motociclo a solo;In marcia / fermata / arresto;Conducente;M;Rimandato;0;NON DECEDUTO;Non accertato;
4137599;1;14/12/2018 14:55:00;Strada Urbana;VIA DELLE TERME DI TRAIANO;all'intersezione con;VIA DEL MONTE OPPIO;VIA DEL MONTE OPPIO;;;Infortunio per sola frenata improvvisa;Incrocio;Una carreggiata a doppio senso;Bagnato (pioggia);Asfaltata;Verticale ed orizzontale;Pioggia in atto;Normale;Buona;Ore Diurne;1;0;0;0;12.4974;41.8935;-1;2;Autovettura privata;Allontanatosi;;;;;;;
4137637;1;14/12/2018 13:40:00;Strada Urbana;VIA DELL'AMBA ARADAM;in prossimità;;del civico n.;9;;Scontro laterale fra veicoli in marcia;Rettilineo;Una carreggiata a doppio senso;Bagnato (pioggia);Asfaltata;Verticale ed orizzontale;Pioggia in atto;Intenso;Buona;Ore Diurne;0;0;0;2;12.5034;41.886;-1;1;Autovettura privata;In marcia / fermata / arresto;Conducente;F;Illeso;0;;Non accertato;Inesploso
4137637;1;14/12/2018 13:40:00;Strada Urbana;VIA DELL'AMBA ARADAM;in prossimità;;del civico n.;9;;Scontro laterale fra veicoli in marcia;Rettilineo;Una carreggiata a doppio senso;Bagnato (pioggia);Asfaltata;Verticale ed orizzontale;Pioggia in atto;Intenso;Buona;Ore Diurne;0;0;0;2;12.5034;41.886;-1;2;Autocarro superiore 35 q.;In marcia / fermata / arresto;Conducente;M;Illeso;0;;Non accertato;Inesploso
4137666;1;14/12/2018 07:20:00;Strada Urbana;PIAZZA DI PORTA S. PAOLO;all'intersezione con;VIALE DELLA PIRAMIDE CESTIA;VIALE DELLA PIRAMIDE CESTIA;;;Tamponamento;Incrocio;Una carreggiata a senso unico di marcia;Bagnato (pioggia);Asfaltata;Verticale ed orizzontale;Pioggia in atto;Intenso;Sufficiente;Ore Diurne;0;0;0;2;12.4819;41.877;-1;1;Autovettura privata;In marcia / fermata / arresto;Conducente;M;Illeso;0;;;
4137666;1;14/12/2018 07:20:00;Strada Urbana;PIAZZA DI PORTA S. PAOLO;all'intersezione con;VIALE DELLA PIRAMIDE CESTIA;VIALE DELLA PIRAMIDE CESTIA;;;Tamponamento;Incrocio;Una carreggiata a senso unico di marcia;Bagnato (pioggia);Asfaltata;Verticale ed orizzontale;Pioggia in atto;Intenso;Sufficiente;Ore Diurne;0;0;0;2;12.4819;41.877;-1;2;Quadriciclo;In marcia / fermata / arresto;Conducente;M;Illeso;0;;;
4137696;1;13/12/2018 18:00:00;Strada Urbana;VIA DEL TEATRO DI MARCELLO;in prossimità;;del palo luce n.;22;;Investimento di pedone;Rettilineo;Una carreggiata a doppio senso;Bagnato (pioggia);In cubetti di porfido;Verticale ed orizzontale;Nebbia;Normale;Sufficiente;Sufficiente;2;0;0;1;12.4811;41.893;-1;;;;Pedone;M;Rimandato;0;NON DECEDUTO;;
4137696;1;13/12/2018 18:00:00;Strada Urbana;VIA DEL TEATRO DI MARCELLO;in prossimità;;del palo luce n.;22;;Investimento di pedone;Rettilineo;Una carreggiata a doppio senso;Bagnato (pioggia);In cubetti di porfido;Verticale ed orizzontale;Nebbia;Normale;Sufficiente;Sufficiente;2;0;0;1;12.4811;41.893;-1;;;;Pedone;F;Rimandato;0;NON DECEDUTO;;
4137696;1;13/12/2018 18:00:00;Strada Urbana;VIA DEL TEATRO DI MARCELLO;in prossimità;;del palo luce n.;22;;Investimento di pedone;Rettilineo;Una carreggiata a doppio senso;Bagnato (pioggia);In cubetti di porfido;Verticale ed orizzontale;Nebbia;Normale;Sufficiente;Sufficiente;2;0;0;1;12.4811;41.893;-1;1;Ciclomotore;In marcia / fermata / arresto;Conducente;M;Illeso;0;;;
4137763;2;15/12/2018 09:05:00;Strada Urbana;PIAZZA VESCOVIO;in corrispondenza;;del civico n.;4;;Veicolo in marcia contro veicolo in sosta;Rettilineo;Una carreggiata a senso unico di marcia;Bagnato (umidità in atto);Asfaltata;Verticale ed orizzontale;Sereno;Normale;Buona;Ore Diurne;0;0;0;1;12.5119;41.9333;-1;1;Motociclo a solo;In marcia / fermata / arresto;Conducente;M;Illeso;0;;Non accertato;
4137763;2;15/12/2018 09:05:00;Strada Urbana;PIAZZA VESCOVIO;in corrispondenza;;del civico n.;4;;Veicolo in marcia contro veicolo in sosta;Rettilineo;Una carreggiata a senso unico di marcia;Bagnato (umidità in atto);Asfaltata;Verticale ed orizzontale;Sereno;Normale;Buona;Ore Diurne;0;0;0;1;12.5119;41.9333;-1;2;Autovettura privata;Sosta;;;;;;;
4137792;1;15/12/2018 06:10:00;Strada Urbana;VIA DEL CORSO;all'intersezione semaforizzata con;VIA DELLE CONVERTITE;VIA DELLE CONVERTITE;;;Scontro frontale/laterale DX fra veicoli in marcia;Intersezione semaforizzata;Una carreggiata a senso unico di marcia;Asciutto;Asfaltata;Verticale ed orizzontale;Sereno;Scarso;Sufficiente;Sufficiente;0;0;0;2;9.644;45.397;-1;1;Autocarro inferiore 35 q.;In marcia / fermata / arresto;Conducente;M;Illeso;0;;Non accertato;Inesistente
4137792;1;15/12/2018 06:10:00;Strada Urbana;VIA DEL CORSO;all'intersezione semaforizzata con;VIA DELLE CONVERTITE;VIA DELLE CONVERTITE;;;Scontro frontale/laterale DX fra veicoli in marcia;Intersezione semaforizzata;Una carreggiata a senso unico di marcia;Asciutto;Asfaltata;Verticale ed orizzontale;Sereno;Scarso;Sufficiente;Sufficiente;0;0;0;2;9.644;45.397;-1;2;Autovettura privata;In marcia / fermata / arresto;Conducente;M;Illeso;0;;Non accertato;Inesploso
4137898;15;14/12/2018 17:50:00;Strada Urbana;VIA DELLA MAGLIANA;in corrispondenza;;del palo luce n.;293;;Veicolo in marcia contro ostacolo accidentale;Rettilineo;Una carreggiata a doppio senso;Bagnato (pioggia);Asfaltata;Verticale ed orizzontale;Pioggia in atto;Normale;Sufficiente;Sufficiente;0;0;0;1;12.4196;41.8317;-1;1;Autovettura privata;In marcia / fermata / arresto;Conducente;F;Illeso;0;;Non accertato;Inesploso