Protocollo;Gruppo;DataOraIncidente;Localizzazione1;STRADA1;Localizzazione2;STRADA2;Strada02;Chilometrica;DaSpecificare;NaturaIncidente;particolaritastrade;TipoStrada;FondoStradale;Pavimentazione;Segnaletica;CondizioneAtmosferica;Traffico;Visibilita;Illuminazione;NUM_FERITI;NUM_RISERVATA;NUM_MORTI;NUM_ILLESI;Longitudine;Latitudine;Confermato;Progressivo;TipoVeicolo;StatoVeicolo;TipoPersona;Sesso;Tipolesione;Deceduto;DecedutoDopo;CinturaCascoUtilizzato;Airbag;
4139257;3;15/12/2018 17:30:00;Strada Urbana;Tangenziale Est;da specificare;;;;altezza Easy Box direzione Salaria ;Tamponamento Multiplo;Rettilineo;Più di due carreggiate;Asciutto;Asfaltata;Orizzontale;Sereno;Normale;Buona;Ore Diurne;0;0;0;3;12.5283;41.8994;-1;3;Autovettura privata;In marcia / fermata / arresto;Conducente;M;Illeso;0;;Non accertato;
4139261;8;15/12/2018 18:30:00;Regionale entro l'abitato;VIA CASILINA;in corrispondenza;;del civico n.;1679;;Veicolo in marcia contro ostacolo fisso;Rettilineo;Una carreggiata a doppio senso;Asciutto;Asfaltata;Verticale ed orizzontale;Sereno;Normale;Buona;Sufficiente;0;0;0;1;12.6461;41.8623;-1;1;Autovettura privata;In marcia / fermata / arresto;Conducente;M;Illeso;0;;;
4139270;2;14/12/2018 18:00:00;Strada Urbana;VIA DEL FORO ITALICO;in prossimità;;del civico n.;436;;Tamponamento;Rettilineo;Due carreggiate;Asciutto;Asfaltata;Verticale ed orizzontale;Sereno;Normale;Buona;Sufficiente;0;0;0;2;12.4886;41.9393;-1;1;Autovettura privata;In marcia / fermata / arresto;Conducente;M;Illeso;0;;;
4139270;2;14/12/2018 18:00:00;Strada Urbana;VIA DEL FORO ITALICO;in prossimità;;del civico n.;436;;Tamponamento;Rettilineo;Due carreggiate;Asciutto;Asfaltata;Verticale ed orizzontale;Sereno;Normale;Buona;Sufficiente;0;0;0;2;12.4886;41.9393;-1;2;Autovettura privata;In marcia / fermata / arresto;Conducente;F;Illeso;0;;;
4139278;2;14/12/2018 18:45:00;Strada Urbana;SOTTOVIA IGNAZIO GUIDI;da specificare;;;;DIREZ. PZZA DELLA CROCE ROSSA FRONTE HOTEL NH;Veicolo in marcia contro ostacolo fisso;Curva senza visuale libera;Due carreggiate;Bagnato (pioggia);Asfaltata;Verticale;Pioggia in atto;Normale;Sufficiente;Sufficiente;1;0;0;0;12.5014;41.9096;-1;1;Autovettura privata;In marcia / fermata / arresto;Conducente;F;Rimandato;0;NON DECEDUTO;Non accertato;Esploso
4139297;10;16/12/2018 08:30:00;Strada Urbana;VIA DI CASAL MORENA;da specificare;;;;fronte civ. 116;Fuoriuscita dalla sede stradale;Rettilineo;Una carreggiata a doppio senso;Ghiacciato;Asfaltata;Assente;Sereno;Scarso;Buona;Ore Diurne;0;0;0;3;12.6171;41.8229;-1;1;Autovettura privata;In marcia / fermata / arresto;Conducente;M;Illeso;0;;Non accertato;Inesploso
4139297;10;16/12/2018 08:30:00;Strada Urbana;VIA DI CASAL MORENA;da specificare;;;;fronte civ. 116;Fuoriuscita dalla sede stradale;Rettilineo;Una carreggiata a doppio senso;Ghiacciato;Asfaltata;Assente;Sereno;Scarso;Buona;Ore Diurne;0;0;0;3;12.6171;41.8229;-1;1;Autovettura privata;In marcia / fermata / arresto;Passeggero;M;Illeso;0;;Non accertato;Inesploso
4139297;10;16/12/2018 08:30:00;Strada Urbana;VIA DI CASAL MORENA;da specificare;;;;fronte civ. 116;Fuoriuscita dalla sede stradale;Rettilineo;Una carreggiata a doppio senso;Ghiacciato;Asfaltata;Assente;Sereno;Scarso;Buona;Ore Diurne;0;0;0;3;12.6171;41.8229;-1;1;Autovettura privata;In marcia / fermata / arresto;Passeggero;F;Illeso;0;;Non accertato;Inesploso
4139308;2;11/12/2018 23:40:00;Strada Urbana;VIA PANAMA;in prossimità;;del civico n.;120;;Tamponamento Multiplo;Rettilineo;Una carreggiata a doppio senso;Asciutto;Asfaltata;Verticale ed orizzontale;Sereno;Scarso;Buona;Sufficiente;1;0;0;4;12.5013;41.9233;-1;1;Autovettura privata;In marcia / fermata / arresto;Conducente;F;Illeso;0;;Non accertato;Inesploso
4139308;2;11/12/2018 23:40:00;Strada Urbana;VIA PANAMA;in prossimità;;del civico n.;120;;Tamponamento Multiplo;Rettilineo;Una carreggiata a doppio senso;Asciutto;Asfaltata;Verticale ed orizzontale;Sereno;Scarso;Buona;Sufficiente;1;0;0;4;12.5013;41.9233;-1;2;Autovettura privata;In marcia / fermata / arresto;Conducente;M;Illeso;0;;Non accertato;Inesploso
4139308;2;11/12/2018 23:40:00;Strada Urbana;VIA PANAMA;in prossimità;;del civico n.;120;;Tamponamento Multiplo;Rettilineo;Una carreggiata a doppio senso;Asciutto;Asfaltata;Verticale ed orizzontale;Sereno;Scarso;Buona;Sufficiente;1;0;0;4;12.5013;41.9233;-1;2;Autovettura privata;In marcia / fermata / arresto;Passeggero;M;Rimandato;0;NON DECEDUTO;Non accertato;Inesploso
4139308;2;11/12/2018 23:40:00;Strada Urbana;VIA PANAMA;in prossimità;;del civico n.;120;;Tamponamento Multiplo;Rettilineo;Una carreggiata a doppio senso;Asciutto;Asfaltata;Verticale ed orizzontale;Sereno;Scarso;Buona;Sufficiente;1;0;0;4;12.5013;41.9233;-1;3;Autovettura privata;In marcia / fermata / arresto;Conducente;M;Illeso;0;;Non accertato;Inesploso
4139308;2;11/12/2018 23:40:00;Strada Urbana;VIA PANAMA;in prossimità;;del civico n.;120;;Tamponamento Multiplo;Rettilineo;Una carreggiata a doppio senso;Asciutto;Asfaltata;Verticale ed orizzontale;Sereno;Scarso;Buona;Sufficiente;1;0;0;4;12.5013;41.9233;-1;4;Autovettura privata;In marcia / fermata / arresto;Conducente;M;Illeso;0;;Non accertato;Inesploso
4139313;10;16/12/2018 08:55:00;Strada Urbana;VIA DI CASAL MORENA;in corrispondenza;;del civico n.;116;;Tamponamento Multiplo;Rettilineo;Una carreggiata a doppio senso;Ghiacciato;Asfaltata;Verticale ed orizzontale;Sereno;Scarso;Buona;Ore Diurne;0;0;0;9;12.6175;41.8201;-1;1;Autovettura privata;In marcia / fermata / arresto;Conducente;M;Illeso;0;;Non accertato;Inesploso
4139313;10;16/12/2018 08:55:00;Strada Urbana;VIA DI CASAL MORENA;in corrispondenza;;del civico n.;116;;Tamponamento Multiplo;Rettilineo;Una carreggiata a doppio senso;Ghiacciato;Asfaltata;Verticale ed orizzontale;Sereno;Scarso;Buona;Ore Diurne;0;0;0;9;12.6175;41.8201;-1;2;Autovettura privata;In marcia / fermata / arresto;Conducente;F;Illeso;0;;Non accertato;Inesploso
4139313;10;16/12/2018 08:55:00;Strada Urbana;VIA DI CASAL MORENA;in corrispondenza;;del civico n.;116;;Tamponamento Multiplo;Rettilineo;Una carreggiata a doppio senso;Ghiacciato;Asfaltata;Verticale ed orizzontale;Sereno;Scarso;Buona;Ore Diurne;0;0;0;9;12.6175;41.8201;-1;3;Autovettura privata;In marcia / fermata / arresto;Conducente;M;Illeso;0;;Non accertato;Inesploso
4139313;10;16/12/2018 08:55:00;Strada Urbana;VIA DI CASAL MORENA;in corrispondenza;;del civico n.;116;;Tamponamento Multiplo;Rettilineo;Una carreggiata a doppio senso;Ghiacciato;Asfaltata;Verticale ed orizzontale;Sereno;Scarso;Buona;Ore Diurne;0;0;0;9;12.6175;41.8201;-1;3;Autovettura privata;In marcia / fermata / arresto;Passeggero;F;Illeso;0;;Non accertato;Inesploso
4139313;10;16/12/2018 08:55:00;Strada Urbana;VIA DI CASAL MORENA;in corrispondenza;;del civico n.;116;;Tamponamento Multiplo;Rettilineo;Una carreggiata a doppio senso;Ghiacciato;Asfaltata;Verticale ed orizzontale;Sereno;Scarso;Buona;Ore Diurne;0;0;0;9;12.6175;41.8201;-1;3;Autovettura privata;In marcia / fermata / arresto;Passeggero;F;Illeso;0;;Non accertato;Inesploso
4139313;10;16/12/2018 08:55:00;Strada Urbana;VIA DI CASAL MORENA;in corrispondenza;;del civico n.;116;;Tamponamento Multiplo;Rettilineo;Una carreggiata a doppio senso;Ghiacciato;Asfaltata;Verticale ed orizzontale;Sereno;Scarso;Buona;Ore Diurne;0;0;0;9;12.6175;41.8201;-1;3;Autovettura privata;In marcia / fermata / arresto;Passeggero;M;Illeso;0;;Non accertato;Inesploso
4139313;10;16/12/2018 08:55:00;Strada Urbana;VIA DI CASAL MORENA;in corrispondenza;;del civico n.;116;;Tamponamento Multiplo;Rettilineo;Una carreggiata a doppio senso;Ghiacciato;Asfaltata;Verticale ed orizzontale;Sereno;Scarso;Buona;Ore Diurne;0;0;0;9;12.6175;41.8201;-1;4;Autovettura privata;In marcia / fermata / arresto;Conducente;F;Illeso;0;;Non accertato;Inesploso
4139313;10;16/12/2018 08:55:00;Strada Urbana;VIA DI CASAL MORENA;in corrispondenza;;del civico n.;116;;Tamponamento Multiplo;Rettilineo;Una carreggiata a doppio senso;Ghiacciato;Asfaltata;Verticale ed orizzontale;Sereno;Scarso;Buona;Ore Diurne;0;0;0;9;12.6175;41.8201;-1;4;Autovettura privata;In marcia / fermata / arresto;Passeggero;M;Illeso;0;;Non accertato;Inesploso
4139313;10;16/12/2018 08:55:00;Strada Urbana;VIA DI CASAL MORENA;in corrispondenza;;del civico n.;116;;Tamponamento Multiplo;Rettilineo;Una carreggiata a doppio senso;Ghiacciato;Asfaltata;Verticale ed orizzontale;Sereno;Scarso;Buona;Ore Diurne;0;0;0;9;12.6175;41.8201;-1;4;Autovettura privata;In marcia / fermata / arresto;Passeggero;F;Illeso;0;;Non accertato;Inesploso
4139355;4;16/12/2018 13:10:00;Statale entro l'abitato;VIA NOMENTANA;in prossimità;;del civico n.;879;;Scontro laterale fra veicoli in marcia;Rettilineo;Una carreggiata a doppio senso;Asciutto;Asfaltata;Orizzontale;Sereno;Intenso;Buona;Ore Diurne;0;0;0;2;12.5547;41.942;-1;1;Autovettura privata;In marcia / fermata / arresto;Conducente;M;Illeso;0;;;
4139355;4;16/12/2018 13:10:00;Statale entro l'abitato;VIA NOMENTANA;in prossimità;;del civico n.;879;;Scontro laterale fra veicoli in marcia;Rettilineo;Una carreggiata a doppio senso;Asciutto;Asfaltata;Orizzontale;Sereno;Intenso;Buona;Ore Diurne;0;0;0;2;12.5547;41.942;-1;2;Autovettura privata;In marcia / fermata / arresto;Conducente;F;Illeso;0;;;
4139399;4;16/12/2018 12:10:00;Statale entro l'abitato;VIA NOMENTANA;da specificare;;;;altezza di via Val Trompia;Scontro laterale fra veicoli in marcia;Rettilineo;Due carreggiate;Asciutto;Asfaltata;Verticale ed orizzontale;Sereno;Intenso;Buona;Ore Diurne;0;0;0;3;12.5299;41.9335;-1;1;Autovettura privata;In marcia / fermata / arresto;Conducente;M;Illeso;0;;Non accertato;
4139399;4;16/12/2018 12:10:00;Statale entro l'abitato;VIA NOMENTANA;da specificare;;;;altezza di via Val Trompia;Scontro laterale fra veicoli in marcia;Rettilineo;Due carreggiate;Asciutto;Asfaltata;Verticale ed orizzontale;Sereno;Intenso;Buona;Ore Diurne;0;0;0;3;12.5299;41.9335;-1;1;Autovettura privata;In marcia / fermata / arresto;Passeggero;F;Illeso;0;;Non accertato;
4139399;4;16/12/2018 12:10:00;Statale entro l'abitato;VIA NOMENTANA;da specificare;;;;altezza di via Val Trompia;Scontro laterale fra veicoli in marcia;Rettilineo;Due carreggiate;Asciutto;Asfaltata;Verticale ed orizzontale;Sereno;Intenso;Buona;Ore Diurne;0;0;0;3;12.5299;41.9335;-1;2;Motociclo a solo;In marcia / fermata / arresto;Conducente;M;Illeso;0;;Non accertato;
4139418;20;16/12/2018 16:45:00;Regionale;VIA FLAMINIA;in corrispondenza;;della chilometrica;10.1;;Scontro laterale fra veicoli in marcia;Rettilineo;Due carreggiate;Bagnato (pioggia);Asfaltata;Verticale ed orizzontale;Pioggia in atto;Normale;Sufficiente;Sufficiente;0;0;0;3;12.4935;41.982;-1;1;Autovettura privata;In marcia / fermata / arresto;Conducente;F;Illeso;0;;Non accertato;Inesploso
4139418;20;16/12/2018 16:45:00;Regionale;VIA FLAMINIA;in corrispondenza;;della chilometrica;10.1;;Scontro laterale fra veicoli in marcia;Rettilineo;Due carreggiate;Bagnato (pioggia);Asfaltata;Verticale ed orizzontale;Pioggia in atto;Normale;Sufficiente;Sufficiente;0;0;0;3;12.4935;41.982;-1;1;Autovettura privata;In marcia / fermata / arresto;Passeggero;M;Illeso;0;;Non accertato;Inesploso
4139418;20;16/12/2018 16:45:00;Regionale;VIA FLAMINIA;in corrispondenza;;della chilometrica;10.1;;Scontro laterale fra veicoli in marcia;Rettilineo;Due carreggiate;Bagnato (pioggia);Asfaltata;Verticale ed orizzontale;Pioggia in atto;Normale;Sufficiente;Sufficiente;0;0;0;3;12.4935;41.982;-1;2;Motociclo a solo;In marcia / fermata / arresto;Conducente;M;Illeso;0;;Non accertato;
4139534;10;16/12/2018 13:00:00;Strada Urbana;VIA SCRIBONIO CURIONE;all'intersezione con;VIA VESTRICIO SPURINNA;VIA VESTRICIO SPURINNA;;;Scontro frontale/laterale DX fra veicoli in marcia;Incrocio;Due carreggiate;Asciutto;Asfaltata;Verticale ed orizzontale;Sereno;Normale;Buona;Ore Diurne;0;0;0;3;12.5546;41.8645;-1;1;Autovettura privata;In marcia / fermata / arresto;Conducente;M;Illeso;0;;Non accertato;Inesploso
4139534;10;16/12/2018 13:00:00;Strada Urbana;VIA SCRIBONIO CURIONE;all'intersezione con;VIA VESTRICIO SPURINNA;VIA VESTRICIO SPURINNA;;;Scontro frontale/laterale DX fra veicoli in marcia;Incrocio;Due carreggiate;Asciutto;Asfaltata;Verticale ed orizzontale;Sereno;Normale;Buona;Ore Diurne;0;0;0;3;12.5546;41.8645;-1;1;Autovettura privata;In marcia / fermata / arresto;Passeggero;F;Illeso;0;;Non accertato;Inesploso
4139534;10;16/12/2018 13:00:00;Strada Urbana;VIA SCRIBONIO CURIONE;all'intersezione con;VIA VESTRICIO SPURINNA;VIA VESTRICIO SPURINNA;;;Scontro frontale/laterale DX fra veicoli in marcia;Incrocio;Due carreggiate;Asciutto;Asfaltata;Verticale ed orizzontale;Sereno;Normale;Buona;Ore Diurne;0;0;0;3;12.5546;41.8645;-1;2;Autovettura privata;In marcia / fermata / arresto;Conducente;M;Illeso;0;;Non accertato;Inesploso
4139542;10;16/12/2018 16:30:00;Strada Urbana;VIA DI TOR VERGATA;in corrispondenza;;del civico n.;369B;;Investimento di pedone;Rettilineo;Una carreggiata a doppio senso;Asciutto;Asfaltata;Assente;Sereno;Scarso;Sufficiente;Insufficiente;1;0;0;1;12.6207;41.8317;-1;;;;Pedone;M;Rimandato;0;NON DECEDUTO;;
4139542;10;16/12/2018 16:30:00;Strada Urbana;VIA DI TOR VERGATA;in corrispondenza;;del civico n.;369B;;Investimento di pedone;Rettilineo;Una carreggiata a doppio senso;Asciutto;Asfaltata;Assente;Sereno;Scarso;Sufficiente;Insufficiente;1;0;0;1;12.6207;41.8317;-1;1;Autovettura privata;In marcia / fermata / arresto;Conducente;F;Illeso;0;;Non accertato;Inesploso
4139628;12;16/12/2018 23:00:00;Strada Urbana;VIA QUIRINO MAJORANA;in prossimità;;del civico n.;171;;Scontro frontale/laterale DX fra veicoli in marcia;Rettilineo;Due carreggiate;Bagnato (pioggia);Asfaltata;Verticale ed orizzontale;Pioggia in atto;Scarso;Buona;Sufficiente;0;0;0;2;12.4619;41.8688;-1;1;Motociclo a solo;In marcia / fermata / arresto;Conducente;M;Illeso;0;;Non accertato;
4139628;12;16/12/2018 23:00:00;Strada Urbana;VIA QUIRINO MAJORANA;in prossimità;;del civico n.;171;;Scontro frontale/laterale DX fra veicoli in marcia;Rettilineo;Due carreggiate;Bagnato (pioggia);Asfaltata;Verticale ed orizzontale;Pioggia in atto;Scarso;Buona;Sufficiente;0;0;0;2;12.4619;41.8688;-1;2;Autovettura privata;In marcia / fermata / arresto;Conducente;M;Illeso;0;;Non accertato;Inesploso
4139789;9;15/12/2018 10:00:00;Strada Urbana;VIA BRITANNIA;in corrispondenza;;del civico n.;34;;Tamponamento Multiplo;Rettilineo;Una carreggiata a doppio senso;Asciutto;Asfaltata;Verticale ed orizzontale;Sereno;Normale;Buona;Ore Diurne;0;0;0;6;12.5081;41.8794;-1;1;Autovettura privata;In marcia / fermata / arresto;Conducente;F;Illeso;0;;Non accertato;Inesploso
4139789;9;15/12/2018 10:00:00;Strada Urbana;VIA BRITANNIA;in corrispondenza;;del civico n.;34;;Tamponamento Multiplo;Rettilineo;Una carreggiata a doppio senso;Asciutto;Asfaltata;Verticale ed orizzontale;Sereno;Normale;Buona;Ore Diurne;0;0;0;6;12.5081;41.8794;-1;1;Autovettura privata;In marcia / fermata / arresto;Passeggero;F;Illeso;0;;Utilizzato;Inesploso
4139789;9;15/12/2018 10:00:00;Strada Urbana;VIA BRITANNIA;in corrispondenza;;del civico n.;34;;Tamponamento Multiplo;Rettilineo;Una carreggiata a doppio senso;Asciutto;Asfaltata;Verticale ed orizzontale;Sereno;Normale;Buona;Ore Diurne;0;0;0;6;12.5081;41.8794;-1;2;Autocarro inferiore 35 q.;In marcia / fermata / arresto;Conducente;M;Illeso;0;;Non accertato;Inesploso
4139789;9;15/12/2018 10:00:00;Strada Urbana;VIA BRITANNIA;in corrispondenza;;del civico n.;34;;Tamponamento Multiplo;Rettilineo;Una carreggiata a doppio senso;Asciutto;Asfaltata;Verticale ed orizzontale;Sereno;Normale;Buona;Ore Diurne;0;0;0;6;12.5081;41.8794;-1;2;Autocarro inferiore 35 q.;In marcia / fermata / arresto;Passeggero;M;Illeso;0;;Non accertato;Inesploso
4139789;9;15/12/2018 10:00:00;Strada Urbana;VIA BRITANNIA;in corrispondenza;;del civico n.;34;;Tamponamento Multiplo;Rettilineo;Una carreggiata a doppio senso;Asciutto;Asfaltata;Verticale ed orizzontale;Sereno;Normale;Buona;Ore Diurne;0;0;0;6;12.5081;41.8794;-1;2;Autocarro inferiore 35 q.;In marcia / fermata / arresto;Passeggero;M;Illeso;0;;Non accertato;Inesploso
4139789;9;15/12/2018 10:00:00;Strada Urbana;VIA BRITANNIA;in corrispondenza;;del civico n.;34;;Tamponamento Multiplo;Rettilineo;Una carreggiata a doppio senso;Asciutto;Asfaltata;Verticale ed orizzontale;Sereno;Normale;Buona;Ore Diurne;0;0;0;6;12.5081;41.8794;-1;3;Autovettura privata;In marcia / fermata / arresto;Conducente;M;Illeso;0;;Non accertato;Inesploso
4139801;11;15/12/2018 10:15:00;Strada Urbana;VIALE FERDINANDO BALDELLI;in prossimità;;del civico n.;13;;Scontro frontale/laterale DX fra veicoli in marcia;Rettilineo;Due carreggiate;Asciutto;Asfaltata;Orizzontale;Sereno;Scarso;Buona;Ore Diurne;0;0;0;2;12.4767;41.8568;-1;1;Autovettura privata;In marcia / fermata / arresto;Conducente;F;Illeso;0;;Non accertato;
4139801;11;15/12/2018 10:15:00;Strada Urbana;VIALE FERDINANDO BALDELLI;in prossimità;;del civico n.;13;;Scontro frontale/laterale DX fra veicoli in marcia;Rettilineo;Due carreggiate;Asciutto;Asfaltata;Orizzontale;Sereno;Scarso;Buona;Ore Diurne;0;0;0;2;12.4767;41.8568;-1;2;Autovettura privata;In marcia / fermata / arresto;Conducente;F;Illeso;0;;Non accertato;
4139803;11;16/12/2018 20:04:00;Strada Urbana;VIA ALBERTO ASCARI;in corrispondenza;;del civico n.;255;;Scontro frontale/laterale DX fra veicoli in marcia;Rettilineo;Una carreggiata a senso unico di marcia;Bagnato (umidità in atto);Asfaltata;Verticale;Nuvoloso;Scarso;Buona;Sufficiente;0;0;0;3;12.5028;41.8349;-1;1;Autovettura privata;In marcia / fermata / arresto;Conducente;F;Illeso;0;;Non accertato;
4139803;11;16/12/2018 20:04:00;Strada Urbana;VIA ALBERTO ASCARI;in corrispondenza;;del civico n.;255;;Scontro frontale/laterale DX fra veicoli in marcia;Rettilineo;Una carreggiata a senso unico di marcia;Bagnato (umidità in atto);Asfaltata;Verticale;Nuvoloso;Scarso;Buona;Sufficiente;0;0;0;3;12.5028;41.8349;-1;2;Autovettura privata;In marcia / fermata / arresto;Conducente;M;Illeso;0;;Non accertato;
4139803;11;16/12/2018 20:04:00;Strada Urbana;VIA ALBERTO ASCARI;in corrispondenza;;del civico n.;255;;Scontro frontale/laterale DX fra veicoli in marcia;Rettilineo;Una carreggiata a senso unico di marcia;Bagnato (umidità in atto);Asfaltata;Verticale;Nuvoloso;Scarso;Buona;Sufficiente;0;0;0;3;12.5028;41.8349;-1;2;Autovettura privata;In marcia / fermata / arresto;Passeggero;M;Illeso;0;;Non accertato;
4139807;8;16/12/2018 09:35:00;Provinciale entro l'abitato;VIA PRENESTINA;all'intersezione con;VIA DI TORRENOVA;VIA DI TORRENOVA;;;Scontro frontale/laterale DX fra veicoli in marcia;Intersezione semaforizzata;Una carreggiata a doppio senso;Asciutto;Asfaltata;Orizzontale;Sereno;Normale;Buona;Ore Diurne;1;0;0;2;12.6152;41.8933;-1;1;Autovettura privata;In marcia / fermata / arresto;Conducente;M;Illeso;0;;Non accertato;Inesploso
4139807;8;16/12/2018 09:35:00;Provinciale entro l'abitato;VIA PRENESTINA;all'intersezione con;VIA DI TORRENOVA;VIA DI TORRENOVA;;;Scontro frontale/laterale DX fra veicoli in marcia;Intersezione semaforizzata;Una carreggiata a doppio senso;Asciutto;Asfaltata;Orizzontale;Sereno;Normale;Buona;Ore Diurne;1;0;0;2;12.6152;41.8933;-1;1;Autovettura privata;In marcia / fermata / arresto;Passeggero;F;Rifiuta cure immediate;0;NON DECEDUTO;Non accertato;Inesploso
4139807;8;16/12/2018 09:35:00;Provinciale entro l'abitato;VIA PRENESTINA;all'intersezione con;VIA DI TORRENOVA;VIA DI TORRENOVA;;;Scontro frontale/laterale DX fra veicoli in marcia;Intersezione semaforizzata;Una carreggiata a doppio senso;Asciutto;Asfaltata;Orizzontale;Sereno;Normale;Buona;Ore Diurne;1;0;0;2;12.6152;41.8933;-1;2;Autovettura privata;In marcia / fermata / arresto;Conducente;M;Illeso;0;;Non accertato;Inesploso
4139809;8;16/12/2018 07:10:00;Strada Urbana;VIA COLLATINA;in prossimità;;del civico n.;661;;Veicolo in marcia contro ostacolo fisso;Curva a visuale libera;Una carreggiata a doppio senso;Ghiacciato;Asfaltata;Verticale ed orizzontale;Sereno;Normale;Sufficiente;Ore Diurne;1;0;0;0;12.6146;41.9043;-1;1;Autovettura privata;In marcia / fermata / arresto;Conducente;F;Rimandato;0;NON DECEDUTO;Non accertato;Esploso
4139811;9;15/12/2018 12:00:00;Strada Urbana;VIA TUSCOLANA;in prossimità;;del civico n.;670;;Scontro laterale fra veicoli in marcia;Rettilineo;Una carreggiata a senso unico di marcia;Asciutto;Asfaltata;Verticale ed orizzontale;Sereno;Normale;Buona;Ore Diurne;0;0;0;2;12.5404;41.8672;-1;1;Autovettura privata;In marcia / fermata / arresto;Conducente;F;Illeso;0;;Non accertato;Inesploso
4139811;9;15/12/2018 12:00:00;Strada Urbana;VIA TUSCOLANA;in prossimità;;del civico n.;670;;Scontro laterale fra veicoli in marcia;Rettilineo;Una carreggiata a senso unico di marcia;Asciutto;Asfaltata;Verticale ed orizzontale;Sereno;Normale;Buona;Ore Diurne;0;0;0;2;12.5404;41.8672;-1;2;Autovettura privata;In marcia / fermata / arresto;Conducente;M;Illeso;0;;Non accertato;Inesploso
4139816;9;15/12/2018 13:15:00;Strada Urbana;PIAZZALE METRONIO;da specificare;;;;prossimità PALO A.C.E.A. 6;Tamponamento;Rettilineo;Una carreggiata a doppio senso;Asciutto;Asfaltata;Verticale ed orizzontale;Sereno;Scarso;Buona;Ore Diurne;1;0;0;2;12.4987;41.8824;-1;1;Motociclo a solo;In marcia / fermata / arresto;Conducente;M;Rimandato;0;NON DECEDUTO;Non accertato;
4139816;9;15/12/2018 13:15:00;Strada Urbana;PIAZZALE METRONIO;da specificare;;;;prossimità PALO A.C.E.A. 6;Tamponamento;Rettilineo;Una carreggiata a doppio senso;Asciutto;Asfaltata;Verticale ed orizzontale;Sereno;Scarso;Buona;Ore Diurne;1;0;0;2;12.4987;41.8824;-1;1;Motociclo a solo;In marcia / fermata / arresto;Passeggero;M;Illeso;0;;Non accertato;
4139816;9;15/12/2018 13:15:00;Strada Urbana;PIAZZALE METRONIO;da specificare;;;;prossimità PALO A.C.E.A. 6;Tamponamento;Rettilineo;Una carreggiata a doppio senso;Asciutto;Asfaltata;Verticale ed orizzontale;Sereno;Scarso;Buona;Ore Diurne;1;0;0;2;12.4987;41.8824;-1;2;Autovettura privata;In marcia / fermata / arresto;Conducente;M;Illeso;0;;Non accertato;Inesploso
4139820;8;16/12/2018 07:00:00;Strada Urbana;VIA COLLATINA;in prossimità;;del civico n.;661;;Veicolo in marcia contro ostacolo accidentale;Curva a visuale libera;Una carreggiata a doppio senso;Ghiacciato;Asfaltata;Verticale ed orizzontale;Sereno;Normale;Buona;Ore Diurne;0;0;0;1;12.6146;41.9043;-1;1;Autovettura privata;In marcia / fermata / arresto;Conducente;F;Illeso;0;;Non accertato;Inesploso
4139825;8;16/12/2018 10:40:00;Provinciale entro l'abitato;VIA PRENESTINA;in prossimità;;del civico n.;1188;;Tamponamento;Rettilineo;Una carreggiata a doppio senso;Asciutto;Asfaltata;Orizzontale;Sereno;Intenso;Buona;Ore Diurne;1;0;0;3;12.6271;41.8926;-1;1;Autovettura privata;In marcia / fermata / arresto;Conducente;F;Illeso;0;;Non accertato;Inesploso
4139825;8;16/12/2018 10:40:00;Provinciale entro l'abitato;VIA PRENESTINA;in prossimità;;del civico n.;1188;;Tamponamento;Rettilineo;Una carreggiata a doppio senso;Asciutto;Asfaltata;Orizzontale;Sereno;Intenso;Buona;Ore Diurne;1;0;0;3;12.6271;41.8926;-1;1;Autovettura privata;In marcia / fermata / arresto;Passeggero;M;Illeso;0;;;
4139825;8;16/12/2018 10:40:00;Provinciale entro l'abitato;VIA PRENESTINA;in prossimità;;del civico n.;1188;;Tamponamento;Rettilineo;Una carreggiata a doppio senso;Asciutto;Asfaltata;Orizzontale;Sereno;Intenso;Buona;Ore Diurne;1;0;0;3;12.6271;41.8926;-1;1;Autovettura privata;In marcia / fermata / arresto;Passeggero;M;Illeso;0;;Non accertato;
4139825;8;16/12/2018 10:40:00;Provinciale entro l'abitato;VIA PRENESTINA;in prossimità;;del civico n.;1188;;Tamponamento;Rettilineo;Una carreggiata a doppio senso;Asciutto;Asfaltata;Orizzontale;Sereno;Intenso;Buona;Ore Diurne;1;0;0;3;12.6271;41.8926;-1;2;Velocipede;In marcia / fermata / arresto;Conducente;M;Rifiuta cure immediate;0;NON DECEDUTO;Esente;
4139827;13;16/12/2018 06:20:00;Strada Urbana;VIA GIUSEPPE NICOLINI;in corrispondenza;;del civico n.;29;;Veicolo in marcia contro ostacolo accidentale;Rettilineo;Una carreggiata a doppio senso;Asciutto;Asfaltata;Assente;Sereno;Scarso;Buona;Insufficiente;0;0;0;1;12.352;41.7314;-1;1;Autovettura privata;In marcia / fermata / arresto;Conducente;M;Illeso;0;;Non accertato;
4139830;8;16/12/2018 17:00:00;Provinciale entro l'abitato;VIA PRENESTINA;da specificare;;;;100 m prima civico 1380;Veicolo in marcia contro ostacolo accidentale;Curva a visuale libera;Una carreggiata a doppio senso;Bagnato (pioggia);Con buche;Orizzontale;Pioggia in atto;Intenso;Sufficiente;Sufficiente;0;0;0;1;12.6434;41.8923;-1;1;Autovettura privata;In marcia / fermata / arresto;Conducente;M;Illeso;0;;;