Protocollo;Gruppo;DataOraIncidente;Localizzazione1;STRADA1;Localizzazione2;STRADA2;Strada02;Chilometrica;DaSpecificare;NaturaIncidente;particolaritastrade;TipoStrada;FondoStradale;Pavimentazione;Segnaletica;CondizioneAtmosferica;Traffico;Visibilita;Illuminazione;NUM_FERITI;NUM_RISERVATA;NUM_MORTI;NUM_ILLESI;Longitudine;Latitudine;Confermato;Progressivo;TipoVeicolo;StatoVeicolo;TipoPersona;Sesso;Tipolesione;Deceduto;DecedutoDopo;CinturaCascoUtilizzato;Airbag;
4141701;20;17/12/2018 13:20:00;Provinciale;VIA BRACCIANENSE;da specificare;;;;altezza civico 250;Veicolo in marcia contro ostacolo fisso;Rettilineo;Una carreggiata a doppio senso;Asciutto;Asfaltata;Verticale ed orizzontale;Nuvoloso;Normale;Buona;Ore Diurne;0;0;0;1;12.3654;42.0132;-1;1;Autovettura privata;In marcia / fermata / arresto;Conducente;M;Illeso;0;;;
4141707;13;17/12/2018 17:00:00;Strada Urbana;VIA DI ACILIA;all'intersezione con;VIA MIMNERMO;VIA MIMNERMO;;;Scontro frontale/laterale DX fra veicoli in marcia;Incrocio;Una carreggiata a doppio senso;Asciutto;Asfaltata;Orizzontale;Nuvoloso;Normale;Buona;Inesistente;1;0;0;1;12.3714;41.7737;-1;1;Autovettura privata;In marcia / fermata / arresto;Conducente;M;Illeso;0;;;Inesploso
4141707;13;17/12/2018 17:00:00;Strada Urbana;VIA DI ACILIA;all'intersezione con;VIA MIMNERMO;VIA MIMNERMO;;;Scontro frontale/laterale DX fra veicoli in marcia;Incrocio;Una carreggiata a doppio senso;Asciutto;Asfaltata;Orizzontale;Nuvoloso;Normale;Buona;Inesistente;1;0;0;1;12.3714;41.7737;-1;2;Motociclo a solo;In marcia / fermata / arresto;Conducente;M;Rimandato;0;NON DECEDUTO;;
4141711;20;17/12/2018 16:00:00;Strada Urbana;VIA PIANSANO;in prossimità;;del civico n.;56;;Veicolo in marcia contro ostacolo accidentale;Rettilineo;Una carreggiata a doppio senso;Asciutto;Con buche;Assente;Nuvoloso;Normale;Sufficiente;Sufficiente;0;0;0;1;12.4424;41.9704;-1;1;Autovettura privata;In marcia / fermata / arresto;Conducente;M;Illeso;0;;;
4141718;20;17/12/2018 15:25:00;Strada Urbana;VIA DELLA STAZIONE DI PRIMA PORTA;da specificare;;;;fronte civico 16;Scontro laterale fra veicoli in marcia;Rettilineo;Una carreggiata a doppio senso;Bagnato (umidità in atto);Asfaltata;Assente;Nuvoloso;Normale;Buona;Ore Diurne;0;0;0;3;12.4919;42.0005;-1;1;Autovettura privata;In marcia / fermata / arresto;Conducente;M;Illeso;0;;Non accertato;Inesploso
4141718;20;17/12/2018 15:25:00;Strada Urbana;VIA DELLA STAZIONE DI PRIMA PORTA;da specificare;;;;fronte civico 16;Scontro laterale fra veicoli in marcia;Rettilineo;Una carreggiata a doppio senso;Bagnato (umidità in atto);Asfaltata;Assente;Nuvoloso;Normale;Buona;Ore Diurne;0;0;0;3;12.4919;42.0005;-1;2;Autovettura privata;In marcia / fermata / arresto;Conducente;F;Illeso;0;;Non accertato;Inesploso
4141718;20;17/12/2018 15:25:00;Strada Urbana;VIA DELLA STAZIONE DI PRIMA PORTA;da specificare;;;;fronte civico 16;Scontro laterale fra veicoli in marcia;Rettilineo;Una carreggiata a doppio senso;Bagnato (umidità in atto);Asfaltata;Assente;Nuvoloso;Normale;Buona;Ore Diurne;0;0;0;3;12.4919;42.0005;-1;2;Autovettura privata;In marcia / fermata / arresto;Passeggero;F;Illeso;0;;Non accertato;Inesploso
4141733;5;17/12/2018 20:00:00;Strada Urbana;VIA AFFILE;in prossimità;;del civico n.;21;;Veicolo in marcia contro ostacolo accidentale;Rettilineo;Una carreggiata a doppio senso;Asciutto;Asfaltata;Assente;Sereno;Scarso;Buona;Inesistente;0;0;0;1;12.6145;41.9352;-1;1;Autovettura privata;In marcia / fermata / arresto;Conducente;M;Illeso;0;;Non accertato;
4141743;5;17/12/2018 20:20:00;Strada Urbana;VIA CASILINA;in prossimità;;del civico n.;1640;;Tamponamento;Curva a visuale libera;Più di due carreggiate;Asciutto;Asfaltata;Orizzontale;Sereno;Normale;Sufficiente;Sufficiente;0;0;0;1;12.6433;41.8623;-1;1;Autovettura privata;In marcia / fermata / arresto;Conducente;F;Illeso;0;;Non accertato;Inesploso
4141743;5;17/12/2018 20:20:00;Strada Urbana;VIA CASILINA;in prossimità;;del civico n.;1640;;Tamponamento;Curva a visuale libera;Più di due carreggiate;Asciutto;Asfaltata;Orizzontale;Sereno;Normale;Sufficiente;Sufficiente;0;0;0;1;12.6433;41.8623;-1;2;Autovettura privata;Allontanatosi;;;;;;;
4141746;13;17/12/2018 17:10:00;Strada Urbana;VIA DI ACILIA;da specificare;;;;altezza via Mimnermo;Veicolo in marcia contro veicolo in sosta;Rettilineo;Una carreggiata a doppio senso;Asciutto;Asfaltata;Verticale ed orizzontale;Nuvoloso;Intenso;Sufficiente;Inesistente;0;0;0;0;12.3714;41.7737;-1;1;Autovettura privata;Sosta;;;;;;;
4141746;13;17/12/2018 17:10:00;Strada Urbana;VIA DI ACILIA;da specificare;;;;altezza via Mimnermo;Veicolo in marcia contro veicolo in sosta;Rettilineo;Una carreggiata a doppio senso;Asciutto;Asfaltata;Verticale ed orizzontale;Nuvoloso;Intenso;Sufficiente;Inesistente;0;0;0;0;12.3714;41.7737;-1;2;Autobus urbano;In marcia / fermata / arresto;;;;;;;
4141757;5;17/12/2018 21:35:00;Strada Urbana;VIA TIBURTINA;da specificare;;;;1331 prossimità "Comifar";Scontro laterale fra veicoli in marcia;Rettilineo;Due carreggiate;Asciutto;Asfaltata;Verticale ed orizzontale;Sereno;Scarso;Buona;Sufficiente;0;0;0;2;12.6175;41.9371;-1;1;Autovettura privata;In marcia / fermata / arresto;Conducente;M;Illeso;0;;Non accertato;Inesploso
4141757;5;17/12/2018 21:35:00;Strada Urbana;VIA TIBURTINA;da specificare;;;;1331 prossimità "Comifar";Scontro laterale fra veicoli in marcia;Rettilineo;Due carreggiate;Asciutto;Asfaltata;Verticale ed orizzontale;Sereno;Scarso;Buona;Sufficiente;0;0;0;2;12.6175;41.9371;-1;2;Trattore stradale;Allontanatosi;Conducente;M;Illeso;0;;Non accertato;Inesploso
4141767;13;17/12/2018 08:40:00;Strada Urbana;VIA CARLO ALBIZZATI;all'intersezione con;VIA CALVIGNANO;VIA CALVIGNANO;;;Scontro laterale fra veicoli in marcia;Incrocio;Una carreggiata a senso unico di marcia;Bagnato (umidità in atto);Con buche;Verticale;Nuvoloso;Normale;Buona;Ore Diurne;0;0;0;4;12.331;41.7816;-1;1;Autovettura privata;In marcia / fermata / arresto;Conducente;F;Illeso;0;;Non accertato;Inesploso
4141767;13;17/12/2018 08:40:00;Strada Urbana;VIA CARLO ALBIZZATI;all'intersezione con;VIA CALVIGNANO;VIA CALVIGNANO;;;Scontro laterale fra veicoli in marcia;Incrocio;Una carreggiata a senso unico di marcia;Bagnato (umidità in atto);Con buche;Verticale;Nuvoloso;Normale;Buona;Ore Diurne;0;0;0;4;12.331;41.7816;-1;2;Autovettura di soccorso;In marcia / fermata / arresto;Conducente;M;Illeso;0;;Non accertato;Inesploso
4141767;13;17/12/2018 08:40:00;Strada Urbana;VIA CARLO ALBIZZATI;all'intersezione con;VIA CALVIGNANO;VIA CALVIGNANO;;;Scontro laterale fra veicoli in marcia;Incrocio;Una carreggiata a senso unico di marcia;Bagnato (umidità in atto);Con buche;Verticale;Nuvoloso;Normale;Buona;Ore Diurne;0;0;0;4;12.331;41.7816;-1;2;Autovettura di soccorso;In marcia / fermata / arresto;Passeggero;M;Illeso;0;;Non accertato;Inesploso
4141767;13;17/12/2018 08:40:00;Strada Urbana;VIA CARLO ALBIZZATI;all'intersezione con;VIA CALVIGNANO;VIA CALVIGNANO;;;Scontro laterale fra veicoli in marcia;Incrocio;Una carreggiata a senso unico di marcia;Bagnato (umidità in atto);Con buche;Verticale;Nuvoloso;Normale;Buona;Ore Diurne;0;0;0;4;12.331;41.7816;-1;2;Autovettura di soccorso;In marcia / fermata / arresto;Passeggero;M;Illeso;0;;Non accertato;Inesploso
4141768;10;18/12/2018 07:30:00;Strada Urbana;VIA FILIPPO SERAFINI;da specificare;;;;prossimità via G. Saredo;Veicolo in marcia contro veicolo in sosta;Rettilineo;Una carreggiata a senso unico di marcia;Asciutto;Asfaltata;Verticale ed orizzontale;Sereno;Normale;Buona;Ore Diurne;0;0;0;0;12.5729;41.8614;-1;2;Autovettura privata;Sosta;;;;;;;
4141778;18;18/12/2018 08:00:00;Strada Urbana;VIA DI PANTAN MONASTERO;all'intersezione con;VIA VILLAFALLETTO;VIA VILLAFALLETTO;;;Scontro frontale/laterale SX fra veicoli in marcia;Intersezione non regolata/non segnalata;Una carreggiata a doppio senso;Asciutto;Asfaltata;Assente;Sereno;Normale;Buona;Ore Diurne;1;0;0;1;12.3622;41.9238;-1;1;Motociclo a solo;In marcia / fermata / arresto;Conducente;M;Rimandato;0;NON DECEDUTO;Non accertato;
4141778;18;18/12/2018 08:00:00;Strada Urbana;VIA DI PANTAN MONASTERO;all'intersezione con;VIA VILLAFALLETTO;VIA VILLAFALLETTO;;;Scontro frontale/laterale SX fra veicoli in marcia;Intersezione non regolata/non segnalata;Una carreggiata a doppio senso;Asciutto;Asfaltata;Assente;Sereno;Normale;Buona;Ore Diurne;1;0;0;1;12.3622;41.9238;-1;2;Autovettura privata;In marcia / fermata / arresto;Conducente;F;Illeso;0;;Non accertato;Inesploso
4141811;4;17/12/2018 18:15:00;Strada Urbana;VIA DELLE VIGNE NUOVE;in prossimità;;del civico n.;106;;Investimento di pedone;Rettilineo;Una carreggiata a doppio senso;Asciutto;Asfaltata;Verticale ed orizzontale;Sereno;Normale;Sufficiente;Sufficiente;1;0;0;1;12.5371;41.9483;0;;;;Pedone;F;Rimandato;0;NON DECEDUTO;;
4141811;4;17/12/2018 18:15:00;Strada Urbana;VIA DELLE VIGNE NUOVE;in prossimità;;del civico n.;106;;Investimento di pedone;Rettilineo;Una carreggiata a doppio senso;Asciutto;Asfaltata;Verticale ed orizzontale;Sereno;Normale;Sufficiente;Sufficiente;1;0;0;1;12.5371;41.9483;0;1;Autovettura privata;In marcia / fermata / arresto;Conducente;M;Illeso;0;;;
4141818;5;18/12/2018 01:35:00;Strada Urbana;Tangenziale Est;da specificare;;;;vecchio tracciato dir. Salaria us. sottop.;Veicolo in marcia contro ostacolo accidentale;Rettilineo;Due carreggiate;Asciutto;Asfaltata;Orizzontale;Sereno;Scarso;Sufficiente;Sufficiente;0;0;0;2;12.5274;41.9292;-1;1;Autovettura di polizia;In marcia / fermata / arresto;Conducente;M;Illeso;0;;Non accertato;Inesistente
4141818;5;18/12/2018 01:35:00;Strada Urbana;Tangenziale Est;da specificare;;;;vecchio tracciato dir. Salaria us. sottop.;Veicolo in marcia contro ostacolo accidentale;Rettilineo;Due carreggiate;Asciutto;Asfaltata;Orizzontale;Sereno;Scarso;Sufficiente;Sufficiente;0;0;0;2;12.5274;41.9292;-1;1;Autovettura di polizia;In marcia / fermata / arresto;Passeggero;M;Illeso;0;;Non accertato;Inesistente
4141819;20;17/12/2018 18:30:00;Strada Urbana;VIA DI PRATO CORAZZA;in corrispondenza;;del civico n.;45;;Veicolo in marcia contro veicolo in sosta;Rettilineo;Una carreggiata a doppio senso;Asciutto;Asfaltata;Orizzontale;Nuvoloso;Normale;Sufficiente;Sufficiente;0;0;0;3;12.3389;42.0811;-1;1;Autovettura privata;In marcia / fermata / arresto;Conducente;M;Illeso;0;;Non accertato;Inesploso
4141819;20;17/12/2018 18:30:00;Strada Urbana;VIA DI PRATO CORAZZA;in corrispondenza;;del civico n.;45;;Veicolo in marcia contro veicolo in sosta;Rettilineo;Una carreggiata a doppio senso;Asciutto;Asfaltata;Orizzontale;Nuvoloso;Normale;Sufficiente;Sufficiente;0;0;0;3;12.3389;42.0811;-1;1;Autovettura privata;In marcia / fermata / arresto;Passeggero;F;Illeso;0;;Non accertato;Inesistente
4141819;20;17/12/2018 18:30:00;Strada Urbana;VIA DI PRATO CORAZZA;in corrispondenza;;del civico n.;45;;Veicolo in marcia contro veicolo in sosta;Rettilineo;Una carreggiata a doppio senso;Asciutto;Asfaltata;Orizzontale;Nuvoloso;Normale;Sufficiente;Sufficiente;0;0;0;3;12.3389;42.0811;-1;2;Autovettura privata;Sosta;Passeggero;M;Illeso;0;;Non accertato;Inesistente
4141833;17;17/12/2018 22:00:00;Strada Urbana;PIAZZA ADRIANA;in corrispondenza;;del civico n.;10;;Scontro laterale fra veicoli in marcia;Rettilineo;Una carreggiata a senso unico di marcia;Asciutto;Asfaltata;Verticale ed orizzontale;Nuvoloso;Scarso;Sufficiente;Sufficiente;0;0;0;2;12.467;41.905;-1;1;Autovettura privata;In marcia / fermata / arresto;Conducente;M;Illeso;0;;;
4141833;17;17/12/2018 22:00:00;Strada Urbana;PIAZZA ADRIANA;in corrispondenza;;del civico n.;10;;Scontro laterale fra veicoli in marcia;Rettilineo;Una carreggiata a senso unico di marcia;Asciutto;Asfaltata;Verticale ed orizzontale;Nuvoloso;Scarso;Sufficiente;Sufficiente;0;0;0;2;12.467;41.905;-1;2;Autovettura pubblica;In marcia / fermata / arresto;Conducente;M;Illeso;0;;;
4141836;5;18/12/2018 01:30:00;Strada Urbana;Tangenziale Est;da specificare;;;;vecchio tratto circ.ne nomentana pros. via Salento;Veicolo in marcia contro ostacolo fisso;Rettilineo;Due carreggiate;Asciutto;Asfaltata;Orizzontale;Sereno;Scarso;Sufficiente;Sufficiente;0;0;0;2;12.5258;41.9306;-1;1;Autovettura privata;In marcia / fermata / arresto;Conducente;M;Illeso;0;;Non accertato;Inesistente
4141836;5;18/12/2018 01:30:00;Strada Urbana;Tangenziale Est;da specificare;;;;vecchio tratto circ.ne nomentana pros. via Salento;Veicolo in marcia contro ostacolo fisso;Rettilineo;Due carreggiate;Asciutto;Asfaltata;Orizzontale;Sereno;Scarso;Sufficiente;Sufficiente;0;0;0;2;12.5258;41.9306;-1;1;Autovettura privata;In marcia / fermata / arresto;Passeggero;F;Illeso;0;;Non accertato;Inesistente
4141837;5;18/12/2018 01:35:00;Strada Urbana;Tangenziale Est;da specificare;;;;vecchio tracciato dir. Salaria us. sottop.;Veicolo in marcia contro ostacolo accidentale;Rettilineo;Due carreggiate;Asciutto;Asfaltata;Orizzontale;Sereno;Scarso;Sufficiente;Sufficiente;0;0;0;2;12.5275;41.9291;-1;1;Autovettura privata;In marcia / fermata / arresto;Conducente;M;Illeso;0;;Non accertato;Esploso
4141837;5;18/12/2018 01:35:00;Strada Urbana;Tangenziale Est;da specificare;;;;vecchio tracciato dir. Salaria us. sottop.;Veicolo in marcia contro ostacolo accidentale;Rettilineo;Due carreggiate;Asciutto;Asfaltata;Orizzontale;Sereno;Scarso;Sufficiente;Sufficiente;0;0;0;2;12.5275;41.9291;-1;1;Autovettura privata;In marcia / fermata / arresto;Passeggero;M;Illeso;0;;Non accertato;Esploso
4141840;20;18/12/2018 08:10:00;Strada Urbana;VIALE CORTINA D'AMPEZZO;all'intersezione con;VIA COURMAYEUR;VIA COURMAYEUR;;;Scontro frontale/laterale DX fra veicoli in marcia;Incrocio;Una carreggiata a doppio senso;Asciutto;Asfaltata;Verticale ed orizzontale;Sereno;Normale;Buona;Ore Diurne;0;0;0;3;12.4407;41.9466;-1;1;Autovettura privata;In marcia / fermata / arresto;Conducente;M;Illeso;0;;Non accertato;Inesploso
4141840;20;18/12/2018 08:10:00;Strada Urbana;VIALE CORTINA D'AMPEZZO;all'intersezione con;VIA COURMAYEUR;VIA COURMAYEUR;;;Scontro frontale/laterale DX fra veicoli in marcia;Incrocio;Una carreggiata a doppio senso;Asciutto;Asfaltata;Verticale ed orizzontale;Sereno;Normale;Buona;Ore Diurne;0;0;0;3;12.4407;41.9466;-1;1;Autovettura privata;In marcia / fermata / arresto;Passeggero;M;Illeso;0;;Non accertato;Inesploso
4141840;20;18/12/2018 08:10:00;Strada Urbana;VIALE CORTINA D'AMPEZZO;all'intersezione con;VIA COURMAYEUR;VIA COURMAYEUR;;;Scontro frontale/laterale DX fra veicoli in marcia;Incrocio;Una carreggiata a doppio senso;Asciutto;Asfaltata;Verticale ed orizzontale;Sereno;Normale;Buona;Ore Diurne;0;0;0;3;12.4407;41.9466;-1;2;Autovettura privata;In marcia / fermata / arresto;Conducente;M;Illeso;0;;Non accertato;Inesploso
4141910;13;17/12/2018 17:25:00;Strada Urbana;VIALE DEI ROMAGNOLI;da specificare;;;;altezza fermata bus 76820;Investimento di pedone;Rettilineo;Una carreggiata a doppio senso;Asciutto;Asfaltata;Orizzontale;Sereno;Normale;Buona;Inesistente;0;1;0;1;12.3565;41.7822;-1;;;;Pedone;M;Prognosi riservata;0;NON DECEDUTO;;
4141910;13;17/12/2018 17:25:00;Strada Urbana;VIALE DEI ROMAGNOLI;da specificare;;;;altezza fermata bus 76820;Investimento di pedone;Rettilineo;Una carreggiata a doppio senso;Asciutto;Asfaltata;Orizzontale;Sereno;Normale;Buona;Inesistente;0;1;0;1;12.3565;41.7822;-1;1;Autovettura privata;In marcia / fermata / arresto;Conducente;M;Illeso;0;;Non accertato;Inesploso
4141912;11;18/12/2018 08:45:00;Strada Urbana;VIA ARDEATINA;da specificare;;;;alt. immissione rampa interna g.r.a. ;Scontro frontale/laterale DX fra veicoli in marcia;Curva a visuale libera;Una carreggiata a doppio senso;Asciutto;Asfaltata;Verticale ed orizzontale;Sereno;Intenso;Buona;Ore Diurne;1;0;0;1;12.5346;41.7974;-1;1;Autovettura privata;In marcia / fermata / arresto;Conducente;F;Illeso;0;;Non accertato;Inesploso
4141912;11;18/12/2018 08:45:00;Strada Urbana;VIA ARDEATINA;da specificare;;;;alt. immissione rampa interna g.r.a. ;Scontro frontale/laterale DX fra veicoli in marcia;Curva a visuale libera;Una carreggiata a doppio senso;Asciutto;Asfaltata;Verticale ed orizzontale;Sereno;Intenso;Buona;Ore Diurne;1;0;0;1;12.5346;41.7974;-1;2;Motociclo a solo;In marcia / fermata / arresto;Conducente;F;Rimandato;0;NON DECEDUTO;;
4141925;2;18/12/2018 00:45:00;Strada Urbana;VIA TIBURTINA;da specificare;;;;rampa usc. tang. dir. fuori Roma alt. Verano;Veicolo in marcia contro ostacolo accidentale;Rettilineo;Una carreggiata a senso unico di marcia;Asciutto;Con buche;Verticale ed orizzontale;Sereno;Normale;Insufficiente;Inesistente;0;0;0;1;12.5739;41.9257;-1;1;Autovettura privata;In marcia / fermata / arresto;Conducente;M;Illeso;0;;;
4141929;2;18/12/2018 00:30:00;Strada Urbana;VIA TIBURTINA;da specificare;;;;rampa usc. Tang. dir. fuori Roma (alt. Verano);Veicolo in marcia contro ostacolo accidentale;Rettilineo;Una carreggiata a senso unico di marcia;Asciutto;Con buche;Verticale ed orizzontale;Sereno;Scarso;Sufficiente;Inesistente;0;0;0;1;12.5739;41.9257;-1;1;Autovettura privata;In marcia / fermata / arresto;Conducente;F;Illeso;0;;Non accertato;Inesploso
4141934;2;17/12/2018 09:30:00;Strada Urbana;PIAZZALE ANKARA;all'intersezione con;VIALE MARESCIALLO PILSUDSKI;VIALE MARESCIALLO PILSUDSKI;;;Tamponamento;Incrocio;Una carreggiata a senso unico di marcia;Bagnato (umidità in atto);Asfaltata;Verticale ed orizzontale;Nuvoloso;Normale;Buona;Ore Diurne;0;0;0;2;12.4721;41.9244;-1;1;Autovettura privata;In marcia / fermata / arresto;Conducente;M;Illeso;0;;;
4141934;2;17/12/2018 09:30:00;Strada Urbana;PIAZZALE ANKARA;all'intersezione con;VIALE MARESCIALLO PILSUDSKI;VIALE MARESCIALLO PILSUDSKI;;;Tamponamento;Incrocio;Una carreggiata a senso unico di marcia;Bagnato (umidità in atto);Asfaltata;Verticale ed orizzontale;Nuvoloso;Normale;Buona;Ore Diurne;0;0;0;2;12.4721;41.9244;-1;2;Autovettura privata;In marcia / fermata / arresto;Conducente;F;Illeso;0;;;
4141937;2;17/12/2018 08:45:00;Strada Urbana;VIA DOMENICO ALBERTO AZUNI;da specificare;;;;pross. Via E. Gianturco;Scontro frontale/laterale DX fra veicoli in marcia;Rettilineo;Una carreggiata a doppio senso;Bagnato (umidità in atto);Asfaltata;Verticale ed orizzontale;Nuvoloso;Normale;Buona;Ore Diurne;0;0;0;2;12.4728;41.9148;-1;1;Autovettura privata;In marcia / fermata / arresto;Conducente;F;Illeso;0;;Non accertato;Inesploso
4141937;2;17/12/2018 08:45:00;Strada Urbana;VIA DOMENICO ALBERTO AZUNI;da specificare;;;;pross. Via E. Gianturco;Scontro frontale/laterale DX fra veicoli in marcia;Rettilineo;Una carreggiata a doppio senso;Bagnato (umidità in atto);Asfaltata;Verticale ed orizzontale;Nuvoloso;Normale;Buona;Ore Diurne;0;0;0;2;12.4728;41.9148;-1;2;Autobus urbano;In marcia / fermata / arresto;Conducente;M;Illeso;0;;Non accertato;Inesploso
4142006;4;17/12/2018 20:30:00;Statale;VIA SALARIA;in corrispondenza;;della chilometrica;17.1;;Veicolo in marcia contro ostacolo accidentale;Rettilineo;Una carreggiata a senso unico alternato;Asciutto;Asfaltata;Verticale ed orizzontale;Sereno;Normale;Buona;Inesistente;0;0;0;1;12.5378;42.0228;-1;1;Autovettura privata;In marcia / fermata / arresto;Conducente;M;Illeso;0;;Non accertato;Inesploso
4142011;4;17/12/2018 20:30:00;Strada Urbana;VIA SALARIA;in corrispondenza;;della chilometrica;17.1;;Veicolo in marcia contro ostacolo fisso;Rettilineo;Una carreggiata a doppio senso;Asciutto;Asfaltata;Orizzontale;Sereno;Normale;Sufficiente;Inesistente;1;0;0;0;13.0817;42.4178;-1;1;Autovettura privata;In marcia / fermata / arresto;Conducente;F;Rimandato;0;NON DECEDUTO;;
4142012;18;18/12/2018 10:00:00;Strada Urbana;VIA DI BOCCEA;da specificare;;;;fronte civico 282;Scontro laterale fra veicoli in marcia;Rettilineo;Una carreggiata a doppio senso;Asciutto;Asfaltata;Verticale ed orizzontale;Sereno;Normale;Buona;Ore Diurne;0;0;0;2;12.4177;41.9035;-1;1;Autovettura privata;In marcia / fermata / arresto;Conducente;M;Illeso;0;;Non accertato;Inesploso
4142012;18;18/12/2018 10:00:00;Strada Urbana;VIA DI BOCCEA;da specificare;;;;fronte civico 282;Scontro laterale fra veicoli in marcia;Rettilineo;Una carreggiata a doppio senso;Asciutto;Asfaltata;Verticale ed orizzontale;Sereno;Normale;Buona;Ore Diurne;0;0;0;2;12.4177;41.9035;-1;2;Motociclo a solo;In marcia / fermata / arresto;Conducente;F;Illeso;0;;Non accertato;
4142015;10;18/12/2018 09:10:00;Statale entro l'abitato;VIA APPIA NUOVA;in prossimità;;del palo luce n.;833;;Tamponamento Multiplo;Rettilineo;Più di due carreggiate;Asciutto;Asfaltata;Verticale ed orizzontale;Sereno;Normale;Buona;Ore Diurne;0;0;0;4;12.5541;41.8326;-1;1;Autovettura privata;In marcia / fermata / arresto;Conducente;M;Illeso;0;;Non accertato;Inesploso
4142015;10;18/12/2018 09:10:00;Statale entro l'abitato;VIA APPIA NUOVA;in prossimità;;del palo luce n.;833;;Tamponamento Multiplo;Rettilineo;Più di due carreggiate;Asciutto;Asfaltata;Verticale ed orizzontale;Sereno;Normale;Buona;Ore Diurne;0;0;0;4;12.5541;41.8326;-1;2;Autovettura privata;In marcia / fermata / arresto;Conducente;M;Illeso;0;;Non accertato;Inesploso
4142015;10;18/12/2018 09:10:00;Statale entro l'abitato;VIA APPIA NUOVA;in prossimità;;del palo luce n.;833;;Tamponamento Multiplo;Rettilineo;Più di due carreggiate;Asciutto;Asfaltata;Verticale ed orizzontale;Sereno;Normale;Buona;Ore Diurne;0;0;0;4;12.5541;41.8326;-1;3;Autocarro inferiore 35 q.;In marcia / fermata / arresto;Conducente;M;Illeso;0;;Utilizzato;Inesploso
4142015;10;18/12/2018 09:10:00;Statale entro l'abitato;VIA APPIA NUOVA;in prossimità;;del palo luce n.;833;;Tamponamento Multiplo;Rettilineo;Più di due carreggiate;Asciutto;Asfaltata;Verticale ed orizzontale;Sereno;Normale;Buona;Ore Diurne;0;0;0;4;12.5541;41.8326;-1;4;Autovettura privata;In marcia / fermata / arresto;Conducente;F;Illeso;0;;Non accertato;Inesploso
4142038;6;18/12/2018 09:40:00;Strada Urbana;VIA ANAGNI;da specificare;;;;altezza VIA SARACINESCO;Scontro laterale fra veicoli in marcia;Rettilineo;Una carreggiata a doppio senso;Asciutto;Asfaltata;Verticale ed orizzontale;Sereno;Normale;Buona;Ore Diurne;0;0;0;3;12.5582;41.8902;-1;1;Autovettura privata;In marcia / fermata / arresto;Conducente;F;Illeso;0;;;
4142038;6;18/12/2018 09:40:00;Strada Urbana;VIA ANAGNI;da specificare;;;;altezza VIA SARACINESCO;Scontro laterale fra veicoli in marcia;Rettilineo;Una carreggiata a doppio senso;Asciutto;Asfaltata;Verticale ed orizzontale;Sereno;Normale;Buona;Ore Diurne;0;0;0;3;12.5582;41.8902;-1;2;Autovettura privata;In marcia / fermata / arresto;Conducente;M;Illeso;0;;;
4142038;6;18/12/2018 09:40:00;Strada Urbana;VIA ANAGNI;da specificare;;;;altezza VIA SARACINESCO;Scontro laterale fra veicoli in marcia;Rettilineo;Una carreggiata a doppio senso;Asciutto;Asfaltata;Verticale ed orizzontale;Sereno;Normale;Buona;Ore Diurne;0;0;0;3;12.5582;41.8902;-1;2;Autovettura privata;In marcia / fermata / arresto;Passeggero;F;Illeso;0;;;
4142046;17;18/12/2018 01:20:00;Comunale extraurbana;VIA AURELIA;da specificare;;;;ALTEZZA KM 18,1 DIREZIONE FREGENE ;Veicolo in marcia contro ostacolo fisso;Rettilineo;Due carreggiate;Asciutto;Asfaltata;Verticale ed orizzontale;Sereno;Scarso;Buona;Insufficiente;0;1;0;0;12.3201;41.8856;-1;1;Autovettura privata;In marcia / fermata / arresto;Conducente;M;Prognosi riservata;0;NON DECEDUTO;Non accertato;Esploso
4142056;20;18/12/2018 09:45:00;Strada Urbana;VIA FRASSINETO;all'intersezione con;VIALE DELLE GALLINE BIANCHE;VIALE DELLE GALLINE BIANCHE;;;Scontro frontale/laterale DX fra veicoli in marcia;Incrocio;Una carreggiata a doppio senso;Asciutto;Asfaltata;Verticale ed orizzontale;Sereno;Scarso;Buona;Ore Diurne;0;0;0;2;12.4944;41.9987;-1;1;Autovettura privata;In marcia / fermata / arresto;Conducente;M;Illeso;0;;Non accertato;Inesploso
4142056;20;18/12/2018 09:45:00;Strada Urbana;VIA FRASSINETO;all'intersezione con;VIALE DELLE GALLINE BIANCHE;VIALE DELLE GALLINE BIANCHE;;;Scontro frontale/laterale DX fra veicoli in marcia;Incrocio;Una carreggiata a doppio senso;Asciutto;Asfaltata;Verticale ed orizzontale;Sereno;Scarso;Buona;Ore Diurne;0;0;0;2;12.4944;41.9987;-1;2;Autovettura privata;In marcia / fermata / arresto;Conducente;M;Illeso;0;;Non accertato;Inesploso
4142077;18;17/12/2018 07:50:00;Strada Urbana;VIA AURELIA;in corrispondenza;;del civico n.;190;;Scontro laterale fra veicoli in marcia;Rettilineo;Una carreggiata a doppio senso;Bagnato (pioggia);Asfaltata;Verticale ed orizzontale;Nuvoloso;Normale;Buona;Ore Diurne;1;0;0;4;12.4461;41.9007;-1;1;Motociclo a solo;In marcia / fermata / arresto;Conducente;M;Rimandato;0;NON DECEDUTO;Non accertato;