Protocollo;Gruppo;DataOraIncidente;Localizzazione1;STRADA1;Localizzazione2;STRADA2;Strada02;Chilometrica;DaSpecificare;NaturaIncidente;particolaritastrade;TipoStrada;FondoStradale;Pavimentazione;Segnaletica;CondizioneAtmosferica;Traffico;Visibilita;Illuminazione;NUM_FERITI;NUM_RISERVATA;NUM_MORTI;NUM_ILLESI;Longitudine;Latitudine;Confermato;Progressivo;TipoVeicolo;StatoVeicolo;TipoPersona;Sesso;Tipolesione;Deceduto;DecedutoDopo;CinturaCascoUtilizzato;Airbag;
4143992;4;18/12/2018 21:35:00;Statale entro l'abitato;VIA SALARIA;in corrispondenza;;del civico n.;358;;Scontro frontale fra veicoli in marcia;Rettilineo;Una carreggiata a doppio senso;Asciutto;Asfaltata;Verticale ed orizzontale;Sereno;Normale;Sufficiente;Sufficiente;1;0;0;3;12.5063;41.9269;-1;2;Motociclo a solo;In marcia / fermata / arresto;Conducente;M;Rimandato;0;NON DECEDUTO;Non accertato;
4143992;4;18/12/2018 21:35:00;Statale entro l'abitato;VIA SALARIA;in corrispondenza;;del civico n.;358;;Scontro frontale fra veicoli in marcia;Rettilineo;Una carreggiata a doppio senso;Asciutto;Asfaltata;Verticale ed orizzontale;Sereno;Normale;Sufficiente;Sufficiente;1;0;0;3;12.5063;41.9269;-1;3;Autovettura privata;In marcia / fermata / arresto;Conducente;M;Illeso;0;;Non accertato;
4144031;16;18/12/2018 13:10:00;Strada Urbana;VIA ANTONIO BENNICELLI;in prossimità;;del civico n.;22;;Veicolo in marcia contro veicolo in sosta;Rettilineo;Una carreggiata a senso unico di marcia;Asciutto;Asfaltata;Verticale ed orizzontale;Sereno;Scarso;Buona;Ore Diurne;0;0;0;2;12.4424;41.8741;-1;1;Autovettura privata;In marcia / fermata / arresto;Conducente;M;Illeso;0;;Non accertato;
4144031;16;18/12/2018 13:10:00;Strada Urbana;VIA ANTONIO BENNICELLI;in prossimità;;del civico n.;22;;Veicolo in marcia contro veicolo in sosta;Rettilineo;Una carreggiata a senso unico di marcia;Asciutto;Asfaltata;Verticale ed orizzontale;Sereno;Scarso;Buona;Ore Diurne;0;0;0;2;12.4424;41.8741;-1;1;Autovettura privata;In marcia / fermata / arresto;Passeggero;M;Illeso;0;;Non accertato;
4144031;16;18/12/2018 13:10:00;Strada Urbana;VIA ANTONIO BENNICELLI;in prossimità;;del civico n.;22;;Veicolo in marcia contro veicolo in sosta;Rettilineo;Una carreggiata a senso unico di marcia;Asciutto;Asfaltata;Verticale ed orizzontale;Sereno;Scarso;Buona;Ore Diurne;0;0;0;2;12.4424;41.8741;-1;2;Autovettura privata;Sosta;;;;;;;
4144031;16;18/12/2018 13:10:00;Strada Urbana;VIA ANTONIO BENNICELLI;in prossimità;;del civico n.;22;;Veicolo in marcia contro veicolo in sosta;Rettilineo;Una carreggiata a senso unico di marcia;Asciutto;Asfaltata;Verticale ed orizzontale;Sereno;Scarso;Buona;Ore Diurne;0;0;0;2;12.4424;41.8741;-1;3;Autocarro inferiore 35 q.;Allontanatosi;;;;;;;
4144052;4;19/12/2018 01:00:00;Statale entro l'abitato;VIA SALARIA;da specificare;;;;altezza Aeroporto Urbe direzione Monterotondo;Scontro laterale fra veicoli in marcia;Rettilineo;Due carreggiate;Asciutto;Asfaltata;Verticale ed orizzontale;Sereno;Scarso;Buona;Sufficiente;0;0;0;4;9.644;45.397;-1;1;Autovettura privata;In marcia / fermata / arresto;Conducente;M;Illeso;0;;Non accertato;
4144052;4;19/12/2018 01:00:00;Statale entro l'abitato;VIA SALARIA;da specificare;;;;altezza Aeroporto Urbe direzione Monterotondo;Scontro laterale fra veicoli in marcia;Rettilineo;Due carreggiate;Asciutto;Asfaltata;Verticale ed orizzontale;Sereno;Scarso;Buona;Sufficiente;0;0;0;4;9.644;45.397;-1;1;Autovettura privata;In marcia / fermata / arresto;Passeggero;M;Illeso;0;;Non accertato;
4144052;4;19/12/2018 01:00:00;Statale entro l'abitato;VIA SALARIA;da specificare;;;;altezza Aeroporto Urbe direzione Monterotondo;Scontro laterale fra veicoli in marcia;Rettilineo;Due carreggiate;Asciutto;Asfaltata;Verticale ed orizzontale;Sereno;Scarso;Buona;Sufficiente;0;0;0;4;9.644;45.397;-1;1;Autovettura privata;In marcia / fermata / arresto;Passeggero;M;Illeso;0;;Non accertato;
4144052;4;19/12/2018 01:00:00;Statale entro l'abitato;VIA SALARIA;da specificare;;;;altezza Aeroporto Urbe direzione Monterotondo;Scontro laterale fra veicoli in marcia;Rettilineo;Due carreggiate;Asciutto;Asfaltata;Verticale ed orizzontale;Sereno;Scarso;Buona;Sufficiente;0;0;0;4;9.644;45.397;-1;2;Autovettura privata;In marcia / fermata / arresto;Conducente;M;Illeso;0;;Non accertato;
4144060;4;18/12/2018 08:40:00;Strada Urbana;VIA SALARIA;in prossimità;;della chilometrica;7.4;;Scontro laterale fra veicoli in marcia;Rettilineo;Due carreggiate;Asciutto;Asfaltata;Verticale ed orizzontale;Sereno;Normale;Buona;Ore Diurne;0;0;0;3;13.0817;42.4178;-1;1;Autocarro inferiore 35 q.;In marcia / fermata / arresto;Conducente;M;Illeso;0;;Non accertato;
4144060;4;18/12/2018 08:40:00;Strada Urbana;VIA SALARIA;in prossimità;;della chilometrica;7.4;;Scontro laterale fra veicoli in marcia;Rettilineo;Due carreggiate;Asciutto;Asfaltata;Verticale ed orizzontale;Sereno;Normale;Buona;Ore Diurne;0;0;0;3;13.0817;42.4178;-1;2;Autocarro inferiore 35 q.;In marcia / fermata / arresto;Conducente;M;Illeso;0;;Non accertato;
4144060;4;18/12/2018 08:40:00;Strada Urbana;VIA SALARIA;in prossimità;;della chilometrica;7.4;;Scontro laterale fra veicoli in marcia;Rettilineo;Due carreggiate;Asciutto;Asfaltata;Verticale ed orizzontale;Sereno;Normale;Buona;Ore Diurne;0;0;0;3;13.0817;42.4178;-1;2;Autocarro inferiore 35 q.;In marcia / fermata / arresto;Passeggero;M;Illeso;0;;Non accertato;
4144061;3;17/12/2018 14:15:00;Strada Urbana;CIRCONVALLAZIONE TIBURTINA;da specificare;;;;tratto sopraelevato alt Staz Tiburtina dir S. Giov;Scontro frontale fra veicoli in marcia;Curva a visuale libera;Una carreggiata a senso unico di marcia;Asciutto;Asfaltata;Verticale;Nuvoloso;Intenso;Buona;Ore Diurne;2;0;0;1;12.5324;41.9071;-1;1;Autocarro inferiore 35 q.;In marcia / fermata / arresto;Conducente;M;Rimandato;0;NON DECEDUTO;Non accertato;Esploso
4144061;3;17/12/2018 14:15:00;Strada Urbana;CIRCONVALLAZIONE TIBURTINA;da specificare;;;;tratto sopraelevato alt Staz Tiburtina dir S. Giov;Scontro frontale fra veicoli in marcia;Curva a visuale libera;Una carreggiata a senso unico di marcia;Asciutto;Asfaltata;Verticale;Nuvoloso;Intenso;Buona;Ore Diurne;2;0;0;1;12.5324;41.9071;-1;1;Autocarro inferiore 35 q.;In marcia / fermata / arresto;Passeggero;M;Illeso;0;;Non accertato;Esploso
4144061;3;17/12/2018 14:15:00;Strada Urbana;CIRCONVALLAZIONE TIBURTINA;da specificare;;;;tratto sopraelevato alt Staz Tiburtina dir S. Giov;Scontro frontale fra veicoli in marcia;Curva a visuale libera;Una carreggiata a senso unico di marcia;Asciutto;Asfaltata;Verticale;Nuvoloso;Intenso;Buona;Ore Diurne;2;0;0;1;12.5324;41.9071;-1;2;Autovettura privata;In marcia / fermata / arresto;Conducente;M;Ricoverato;0;NON DECEDUTO;Non accertato;Esploso
4144073;16;18/12/2018 18:50:00;Strada Urbana;VIA DEL CASALE LUMBROSO;all'intersezione con;VIA GIOELE SOLARI;VIA GIOELE SOLARI;;;Scontro frontale/laterale SX fra veicoli in marcia;Incrocio;Una carreggiata a doppio senso;Asciutto;Asfaltata;Verticale ed orizzontale;Sereno;Normale;Sufficiente;Sufficiente;1;0;0;2;12.3547;41.8626;-1;1;Motociclo a solo;In marcia / fermata / arresto;Conducente;M;Rimandato;0;NON DECEDUTO;Non accertato;
4144073;16;18/12/2018 18:50:00;Strada Urbana;VIA DEL CASALE LUMBROSO;all'intersezione con;VIA GIOELE SOLARI;VIA GIOELE SOLARI;;;Scontro frontale/laterale SX fra veicoli in marcia;Incrocio;Una carreggiata a doppio senso;Asciutto;Asfaltata;Verticale ed orizzontale;Sereno;Normale;Sufficiente;Sufficiente;1;0;0;2;12.3547;41.8626;-1;2;Autovettura privata;In marcia / fermata / arresto;Conducente;M;Illeso;0;;Non accertato;Inesploso
4144073;16;18/12/2018 18:50:00;Strada Urbana;VIA DEL CASALE LUMBROSO;all'intersezione con;VIA GIOELE SOLARI;VIA GIOELE SOLARI;;;Scontro frontale/laterale SX fra veicoli in marcia;Incrocio;Una carreggiata a doppio senso;Asciutto;Asfaltata;Verticale ed orizzontale;Sereno;Normale;Sufficiente;Sufficiente;1;0;0;2;12.3547;41.8626;-1;2;Autovettura privata;In marcia / fermata / arresto;Passeggero;F;Illeso;0;;Non accertato;Inesploso
4144134;17;18/12/2018 18:15:00;Strada Urbana;VIA COLA DI RIENZO;all'intersezione semaforizzata con;VIA CICERONE;VIA CICERONE;;;Scontro frontale/laterale SX fra veicoli in marcia;Intersezione semaforizzata;Una carreggiata a doppio senso;Asciutto;Asfaltata;Verticale ed orizzontale;Sereno;Intenso;Sufficiente;Sufficiente;0;0;0;2;12.4678;41.9086;-1;1;Autovettura pubblica;In marcia / fermata / arresto;Conducente;M;Illeso;0;;;
4144134;17;18/12/2018 18:15:00;Strada Urbana;VIA COLA DI RIENZO;all'intersezione semaforizzata con;VIA CICERONE;VIA CICERONE;;;Scontro frontale/laterale SX fra veicoli in marcia;Intersezione semaforizzata;Una carreggiata a doppio senso;Asciutto;Asfaltata;Verticale ed orizzontale;Sereno;Intenso;Sufficiente;Sufficiente;0;0;0;2;12.4678;41.9086;-1;2;Autovettura privata;In marcia / fermata / arresto;Conducente;M;Illeso;0;;;
4144141;12;19/12/2018 09:30:00;Strada Urbana;VIA CARMELO MAESTRINI;in prossimità;;del civico n.;336;;Scontro laterale fra veicoli in marcia;Rettilineo;Una carreggiata a senso unico di marcia;Asciutto;Asfaltata;Verticale ed orizzontale;Sereno;Normale;Buona;Ore Diurne;0;0;0;2;12.4446;41.7958;-1;1;Autovettura privata;In marcia / fermata / arresto;Conducente;M;Illeso;0;;Non accertato;Inesploso
4144141;12;19/12/2018 09:30:00;Strada Urbana;VIA CARMELO MAESTRINI;in prossimità;;del civico n.;336;;Scontro laterale fra veicoli in marcia;Rettilineo;Una carreggiata a senso unico di marcia;Asciutto;Asfaltata;Verticale ed orizzontale;Sereno;Normale;Buona;Ore Diurne;0;0;0;2;12.4446;41.7958;-1;2;Autocarro inferiore 35 q.;In marcia / fermata / arresto;Conducente;M;Illeso;0;;Non accertato;Inesploso
4144229;5;19/12/2018 08:50:00;Strada Urbana;VIALE PALMIRO TOGLIATTI;in prossimità;;del civico n.;1639;;Tamponamento Multiplo;Rettilineo;Due carreggiate;Asciutto;Asfaltata;Verticale ed orizzontale;Sereno;Normale;Buona;Ore Diurne;1;0;0;3;12.5679;41.9178;-1;1;Autovettura privata;In marcia / fermata / arresto;Conducente;M;Illeso;0;;Non accertato;
4144229;5;19/12/2018 08:50:00;Strada Urbana;VIALE PALMIRO TOGLIATTI;in prossimità;;del civico n.;1639;;Tamponamento Multiplo;Rettilineo;Due carreggiate;Asciutto;Asfaltata;Verticale ed orizzontale;Sereno;Normale;Buona;Ore Diurne;1;0;0;3;12.5679;41.9178;-1;2;Autovettura privata;In marcia / fermata / arresto;Conducente;F;Rimandato;0;NON DECEDUTO;Non accertato;
4144229;5;19/12/2018 08:50:00;Strada Urbana;VIALE PALMIRO TOGLIATTI;in prossimità;;del civico n.;1639;;Tamponamento Multiplo;Rettilineo;Due carreggiate;Asciutto;Asfaltata;Verticale ed orizzontale;Sereno;Normale;Buona;Ore Diurne;1;0;0;3;12.5679;41.9178;-1;2;Autovettura privata;In marcia / fermata / arresto;Passeggero;F;Illeso;0;;Non accertato;
4144229;5;19/12/2018 08:50:00;Strada Urbana;VIALE PALMIRO TOGLIATTI;in prossimità;;del civico n.;1639;;Tamponamento Multiplo;Rettilineo;Due carreggiate;Asciutto;Asfaltata;Verticale ed orizzontale;Sereno;Normale;Buona;Ore Diurne;1;0;0;3;12.5679;41.9178;-1;3;Autovettura privata;In marcia / fermata / arresto;Conducente;M;Illeso;0;;Non accertato;
4144229;5;19/12/2018 08:50:00;Strada Urbana;VIALE PALMIRO TOGLIATTI;in prossimità;;del civico n.;1639;;Tamponamento Multiplo;Rettilineo;Due carreggiate;Asciutto;Asfaltata;Verticale ed orizzontale;Sereno;Normale;Buona;Ore Diurne;1;0;0;3;12.5679;41.9178;-1;4;Autovettura privata;Sosta;;;;;;;
4144464;9;19/12/2018 10:00:00;;VIA LA SPEZIA;in prossimità;;del civico n.;45;;Veicolo in marcia contro veicolo arresto;;;;;;;;;;0;0;0;3;12.5148;41.8863;0;1;Autovettura privata;In marcia / fermata / arresto;Conducente;M;Illeso;0;;Non accertato;Inesploso
4144464;9;19/12/2018 10:00:00;;VIA LA SPEZIA;in prossimità;;del civico n.;45;;Veicolo in marcia contro veicolo arresto;;;;;;;;;;0;0;0;3;12.5148;41.8863;0;1;Autovettura privata;In marcia / fermata / arresto;Passeggero;F;Illeso;0;;Non accertato;Inesploso
4144464;9;19/12/2018 10:00:00;;VIA LA SPEZIA;in prossimità;;del civico n.;45;;Veicolo in marcia contro veicolo arresto;;;;;;;;;;0;0;0;3;12.5148;41.8863;0;2;Autovettura privata;In marcia / fermata / arresto;Conducente;F;Illeso;0;;Non accertato;Inesploso
4144467;9;19/12/2018 12:48:00;Strada Urbana;VIA TUSCOLANA;in prossimità;;del civico n.;303 b;;Scontro frontale/laterale SX fra veicoli in marcia;Rettilineo;Una carreggiata a doppio senso;Asciutto;Asfaltata;Orizzontale;Nuvoloso;Intenso;Buona;Ore Diurne;1;0;0;1;12.5272;41.876;-1;1;Autovettura privata;In marcia / fermata / arresto;Conducente;M;Illeso;0;;Non accertato;Inesploso
4144467;9;19/12/2018 12:48:00;Strada Urbana;VIA TUSCOLANA;in prossimità;;del civico n.;303 b;;Scontro frontale/laterale SX fra veicoli in marcia;Rettilineo;Una carreggiata a doppio senso;Asciutto;Asfaltata;Orizzontale;Nuvoloso;Intenso;Buona;Ore Diurne;1;0;0;1;12.5272;41.876;-1;2;Velocipede;In marcia / fermata / arresto;Conducente;F;Rimandato;0;NON DECEDUTO;Esente;
4144549;20;19/12/2018 15:50:00;Strada Urbana;VIA DEI DUE PONTI;all'intersezione con;VIA SIGNA;VIA SIGNA;;;Scontro frontale/laterale SX fra veicoli in marcia;Incrocio;Una carreggiata a doppio senso;Asciutto;Asfaltata;Verticale ed orizzontale;Sereno;Normale;Buona;Ore Diurne;0;0;0;2;12.4686;41.9662;-1;1;Autovettura privata;In marcia / fermata / arresto;Conducente;M;Illeso;0;;Non accertato;Inesploso
4144549;20;19/12/2018 15:50:00;Strada Urbana;VIA DEI DUE PONTI;all'intersezione con;VIA SIGNA;VIA SIGNA;;;Scontro frontale/laterale SX fra veicoli in marcia;Incrocio;Una carreggiata a doppio senso;Asciutto;Asfaltata;Verticale ed orizzontale;Sereno;Normale;Buona;Ore Diurne;0;0;0;2;12.4686;41.9662;-1;2;Autovettura privata;In marcia / fermata / arresto;Conducente;M;Illeso;0;;Non accertato;Inesploso
4144563;11;19/12/2018 15:55:00;Strada Urbana;VIA ARDEATINA;da specificare;;;;fermata BUS n. 73618;Scontro laterale fra veicoli in marcia;Rettilineo;Una carreggiata a doppio senso;Asciutto;Asfaltata;Orizzontale;Sereno;Intenso;Buona;Ore Diurne;0;0;0;3;12.5224;41.816;-1;1;Autovettura privata;In marcia / fermata / arresto;Conducente;F;Illeso;0;;Non accertato;Inesploso
4144563;11;19/12/2018 15:55:00;Strada Urbana;VIA ARDEATINA;da specificare;;;;fermata BUS n. 73618;Scontro laterale fra veicoli in marcia;Rettilineo;Una carreggiata a doppio senso;Asciutto;Asfaltata;Orizzontale;Sereno;Intenso;Buona;Ore Diurne;0;0;0;3;12.5224;41.816;-1;2;Autovettura privata;In marcia / fermata / arresto;Conducente;M;Illeso;0;;Non accertato;Inesploso
4144563;11;19/12/2018 15:55:00;Strada Urbana;VIA ARDEATINA;da specificare;;;;fermata BUS n. 73618;Scontro laterale fra veicoli in marcia;Rettilineo;Una carreggiata a doppio senso;Asciutto;Asfaltata;Orizzontale;Sereno;Intenso;Buona;Ore Diurne;0;0;0;3;12.5224;41.816;-1;3;Autovettura privata;In marcia / fermata / arresto;Conducente;M;Illeso;0;;Non accertato;Inesploso
4144655;19;19/12/2018 15:30:00;Strada Urbana;VIA ATTILIO FRIGGERI;in corrispondenza;;del civico n.;55;;Veicolo in marcia contro veicoli in sosta;Rettilineo;Una carreggiata a senso unico di marcia;Asciutto;Asfaltata;Verticale ed orizzontale;Sereno;Normale;Buona;Ore Diurne;0;0;0;0;12.4406;41.9215;-1;1;Autovettura privata;Allontanatosi;;;;;;;
4144655;19;19/12/2018 15:30:00;Strada Urbana;VIA ATTILIO FRIGGERI;in corrispondenza;;del civico n.;55;;Veicolo in marcia contro veicoli in sosta;Rettilineo;Una carreggiata a senso unico di marcia;Asciutto;Asfaltata;Verticale ed orizzontale;Sereno;Normale;Buona;Ore Diurne;0;0;0;0;12.4406;41.9215;-1;2;Motociclo a solo;Sosta;;;;;;;
4144655;19;19/12/2018 15:30:00;Strada Urbana;VIA ATTILIO FRIGGERI;in corrispondenza;;del civico n.;55;;Veicolo in marcia contro veicoli in sosta;Rettilineo;Una carreggiata a senso unico di marcia;Asciutto;Asfaltata;Verticale ed orizzontale;Sereno;Normale;Buona;Ore Diurne;0;0;0;0;12.4406;41.9215;-1;3;Motociclo a solo;Sosta;;;;;;;
4144655;19;19/12/2018 15:30:00;Strada Urbana;VIA ATTILIO FRIGGERI;in corrispondenza;;del civico n.;55;;Veicolo in marcia contro veicoli in sosta;Rettilineo;Una carreggiata a senso unico di marcia;Asciutto;Asfaltata;Verticale ed orizzontale;Sereno;Normale;Buona;Ore Diurne;0;0;0;0;12.4406;41.9215;-1;4;Motociclo a solo;Sosta;;;;;;;
4144655;19;19/12/2018 15:30:00;Strada Urbana;VIA ATTILIO FRIGGERI;in corrispondenza;;del civico n.;55;;Veicolo in marcia contro veicoli in sosta;Rettilineo;Una carreggiata a senso unico di marcia;Asciutto;Asfaltata;Verticale ed orizzontale;Sereno;Normale;Buona;Ore Diurne;0;0;0;0;12.4406;41.9215;-1;5;Motociclo a solo;Sosta;;;;;;;
4144655;19;19/12/2018 15:30:00;Strada Urbana;VIA ATTILIO FRIGGERI;in corrispondenza;;del civico n.;55;;Veicolo in marcia contro veicoli in sosta;Rettilineo;Una carreggiata a senso unico di marcia;Asciutto;Asfaltata;Verticale ed orizzontale;Sereno;Normale;Buona;Ore Diurne;0;0;0;0;12.4406;41.9215;-1;6;Motociclo a solo;Sosta;;;;;;;
4144734;20;19/12/2018 16:15:00;Provinciale entro l'abitato;VIA BRACCIANENSE;in corrispondenza;;del palo luce n.;125;;Scontro frontale/laterale DX fra veicoli in marcia;Rettilineo;Una carreggiata a doppio senso;Asciutto;Asfaltata;Verticale ed orizzontale;Nuvoloso;Normale;Buona;Ore Diurne;0;0;0;2;12.3653;42.0132;-1;1;Autovettura privata;In marcia / fermata / arresto;Conducente;F;Illeso;0;;Non accertato;Inesploso
4144734;20;19/12/2018 16:15:00;Provinciale entro l'abitato;VIA BRACCIANENSE;in corrispondenza;;del palo luce n.;125;;Scontro frontale/laterale DX fra veicoli in marcia;Rettilineo;Una carreggiata a doppio senso;Asciutto;Asfaltata;Verticale ed orizzontale;Nuvoloso;Normale;Buona;Ore Diurne;0;0;0;2;12.3653;42.0132;-1;2;Autovettura privata;In marcia / fermata / arresto;Conducente;M;Illeso;0;;Non accertato;Inesploso
4144759;10;19/12/2018 17:45:00;Strada Urbana;VIA FRANCESCO GENTILE;da specificare;;;;fronte civico 118;Veicolo in marcia contro veicolo fermo;Rotatoria;Due carreggiate;Asciutto;Asfaltata;Verticale ed orizzontale;Sereno;Normale;Sufficiente;Sufficiente;0;0;0;2;12.588;41.8548;-1;1;Autovettura privata;In marcia / fermata / arresto;Conducente;M;Illeso;0;;Non accertato;Inesploso
4144759;10;19/12/2018 17:45:00;Strada Urbana;VIA FRANCESCO GENTILE;da specificare;;;;fronte civico 118;Veicolo in marcia contro veicolo fermo;Rotatoria;Due carreggiate;Asciutto;Asfaltata;Verticale ed orizzontale;Sereno;Normale;Sufficiente;Sufficiente;0;0;0;2;12.588;41.8548;-1;2;Autovettura privata;In marcia / fermata / arresto;Conducente;F;Illeso;0;;Non accertato;Inesploso
4144795;9;17/12/2018 22:30:00;Strada Urbana;VIA TUSCOLANA;da specificare;;;;PROSSIMITA' VIA DEL MANDRIONE;Scontro laterale fra veicoli in marcia;Rettilineo;Due carreggiate;Asciutto;Asfaltata;Verticale ed orizzontale;Sereno;Intenso;Sufficiente;Sufficiente;0;0;0;2;12.5923;41.8396;-1;1;Autovettura privata;In marcia / fermata / arresto;Conducente;M;Illeso;0;;Non accertato;Inesploso
4144795;9;17/12/2018 22:30:00;Strada Urbana;VIA TUSCOLANA;da specificare;;;;PROSSIMITA' VIA DEL MANDRIONE;Scontro laterale fra veicoli in marcia;Rettilineo;Due carreggiate;Asciutto;Asfaltata;Verticale ed orizzontale;Sereno;Intenso;Sufficiente;Sufficiente;0;0;0;2;12.5923;41.8396;-1;2;Autovettura privata;In marcia / fermata / arresto;Conducente;M;Illeso;0;;Non accertato;Inesploso
4144835;16;19/12/2018 08:05:00;Strada Urbana;VIA AURELIA ANTICA;da specificare;;;;prossimità fronte civico 438;Scontro laterale fra veicoli in marcia;Rettilineo;Una carreggiata a doppio senso;Asciutto;Asfaltata;Verticale ed orizzontale;Nuvoloso;Intenso;Buona;Ore Diurne;1;0;0;5;12.435;41.8902;-1;1;Autovettura privata;In marcia / fermata / arresto;Conducente;M;Illeso;0;;Non accertato;Inesploso
4144835;16;19/12/2018 08:05:00;Strada Urbana;VIA AURELIA ANTICA;da specificare;;;;prossimità fronte civico 438;Scontro laterale fra veicoli in marcia;Rettilineo;Una carreggiata a doppio senso;Asciutto;Asfaltata;Verticale ed orizzontale;Nuvoloso;Intenso;Buona;Ore Diurne;1;0;0;5;12.435;41.8902;-1;1;Autovettura privata;In marcia / fermata / arresto;Passeggero;F;Illeso;0;;Non accertato;Inesploso
4144835;16;19/12/2018 08:05:00;Strada Urbana;VIA AURELIA ANTICA;da specificare;;;;prossimità fronte civico 438;Scontro laterale fra veicoli in marcia;Rettilineo;Una carreggiata a doppio senso;Asciutto;Asfaltata;Verticale ed orizzontale;Nuvoloso;Intenso;Buona;Ore Diurne;1;0;0;5;12.435;41.8902;-1;1;Autovettura privata;In marcia / fermata / arresto;Passeggero;F;Illeso;0;;Non accertato;Inesploso
4144835;16;19/12/2018 08:05:00;Strada Urbana;VIA AURELIA ANTICA;da specificare;;;;prossimità fronte civico 438;Scontro laterale fra veicoli in marcia;Rettilineo;Una carreggiata a doppio senso;Asciutto;Asfaltata;Verticale ed orizzontale;Nuvoloso;Intenso;Buona;Ore Diurne;1;0;0;5;12.435;41.8902;-1;1;Autovettura privata;In marcia / fermata / arresto;Passeggero;M;Illeso;0;;Non accertato;Inesploso
4144835;16;19/12/2018 08:05:00;Strada Urbana;VIA AURELIA ANTICA;da specificare;;;;prossimità fronte civico 438;Scontro laterale fra veicoli in marcia;Rettilineo;Una carreggiata a doppio senso;Asciutto;Asfaltata;Verticale ed orizzontale;Nuvoloso;Intenso;Buona;Ore Diurne;1;0;0;5;12.435;41.8902;-1;2;Motociclo a solo;In marcia / fermata / arresto;Conducente;F;Illeso;0;;Non accertato;
4144835;16;19/12/2018 08:05:00;Strada Urbana;VIA AURELIA ANTICA;da specificare;;;;prossimità fronte civico 438;Scontro laterale fra veicoli in marcia;Rettilineo;Una carreggiata a doppio senso;Asciutto;Asfaltata;Verticale ed orizzontale;Nuvoloso;Intenso;Buona;Ore Diurne;1;0;0;5;12.435;41.8902;-1;2;Motociclo a solo;In marcia / fermata / arresto;Passeggero;M;Rimandato;0;NON DECEDUTO;Non accertato;
4144845;16;19/12/2018 09:30:00;Strada Urbana;VIALE DEI COLLI PORTUENSI;da specificare;;;;fronte civico 529;Tamponamento;Rettilineo;Due carreggiate;Asciutto;Asfaltata;Verticale ed orizzontale;Sereno;Normale;Buona;Ore Diurne;0;0;0;2;12.4441;41.8666;-1;1;Autovettura privata;In marcia / fermata / arresto;;;;;;;
4144845;16;19/12/2018 09:30:00;Strada Urbana;VIALE DEI COLLI PORTUENSI;da specificare;;;;fronte civico 529;Tamponamento;Rettilineo;Due carreggiate;Asciutto;Asfaltata;Verticale ed orizzontale;Sereno;Normale;Buona;Ore Diurne;0;0;0;2;12.4441;41.8666;-1;2;Autovettura privata;In marcia / fermata / arresto;Conducente;M;Illeso;0;;Non accertato;
4144845;16;19/12/2018 09:30:00;Strada Urbana;VIALE DEI COLLI PORTUENSI;da specificare;;;;fronte civico 529;Tamponamento;Rettilineo;Due carreggiate;Asciutto;Asfaltata;Verticale ed orizzontale;Sereno;Normale;Buona;Ore Diurne;0;0;0;2;12.4441;41.8666;-1;2;Autovettura privata;In marcia / fermata / arresto;Passeggero;F;Illeso;0;;Non accertato;
4145213;10;19/12/2018 18:46:00;Strada Urbana;VIA PORTIGLIOLA;all'intersezione con;VIA RIACE;VIA RIACE;;;Scontro frontale/laterale SX fra veicoli in marcia;Incrocio;Due carreggiate;Asciutto;Asfaltata;Verticale ed orizzontale;Sereno;Scarso;Sufficiente;Sufficiente;1;0;0;1;12.6175;41.8096;-1;1;Autovettura privata;In marcia / fermata / arresto;Conducente;M;Rimandato;0;NON DECEDUTO;Non accertato;Inesploso
4145213;10;19/12/2018 18:46:00;Strada Urbana;VIA PORTIGLIOLA;all'intersezione con;VIA RIACE;VIA RIACE;;;Scontro frontale/laterale SX fra veicoli in marcia;Incrocio;Due carreggiate;Asciutto;Asfaltata;Verticale ed orizzontale;Sereno;Scarso;Sufficiente;Sufficiente;1;0;0;1;12.6175;41.8096;-1;2;Autovettura privata;In marcia / fermata / arresto;Conducente;M;Illeso;0;;Non accertato;Inesploso
4145230;13;19/12/2018 15:55:00;Strada Urbana;VIA DEL FOSSO DI DRAGONCELLO;all'intersezione con;VIA DI SAPONARA;VIA DI SAPONARA;;;Scontro frontale/laterale DX fra veicoli in marcia;Incrocio;Una carreggiata a doppio senso;Asciutto;Asfaltata;Verticale;Sereno;Normale;Buona;Ore Diurne;0;0;0;3;12.3252;41.7667;-1;1;Autovettura privata;In marcia / fermata / arresto;Conducente;F;Illeso;0;;Non accertato;Inesploso
4145230;13;19/12/2018 15:55:00;Strada Urbana;VIA DEL FOSSO DI DRAGONCELLO;all'intersezione con;VIA DI SAPONARA;VIA DI SAPONARA;;;Scontro frontale/laterale DX fra veicoli in marcia;Incrocio;Una carreggiata a doppio senso;Asciutto;Asfaltata;Verticale;Sereno;Normale;Buona;Ore Diurne;0;0;0;3;12.3252;41.7667;-1;2;Autovettura privata;In marcia / fermata / arresto;Conducente;M;Illeso;0;;Non accertato;Inesploso