Protocollo;Gruppo;DataOraIncidente;Localizzazione1;STRADA1;Localizzazione2;STRADA2;Strada02;Chilometrica;DaSpecificare;NaturaIncidente;particolaritastrade;TipoStrada;FondoStradale;Pavimentazione;Segnaletica;CondizioneAtmosferica;Traffico;Visibilita;Illuminazione;NUM_FERITI;NUM_RISERVATA;NUM_MORTI;NUM_ILLESI;Longitudine;Latitudine;Confermato;Progressivo;TipoVeicolo;StatoVeicolo;TipoPersona;Sesso;Tipolesione;Deceduto;DecedutoDopo;CinturaCascoUtilizzato;Airbag;
4146037;4;19/12/2018 18:35:00;Strada Urbana;VIA UGO OJETTI;all'intersezione semaforizzata con;VIA SIBILLA ALERAMO;VIA SIBILLA ALERAMO;;;Investimento di pedone;Incrocio;Due carreggiate;Asciutto;Asfaltata;Verticale ed orizzontale;Sereno;Intenso;Sufficiente;Sufficiente;0;0;0;2;12.555;41.9477;-1;1;Autovettura privata;In marcia / fermata / arresto;Conducente;M;Illeso;0;;Non accertato;Inesploso
4146062;6;20/12/2018 11:15:00;Strada Urbana;VIA FILIPPO FIORENTINI;da specificare;;;;ALTEZZA VIA TIBURTINA;Scontro laterale fra veicoli in marcia;Rettilineo;Una carreggiata a doppio senso;Asciutto;Asfaltata;Assente;Nuvoloso;Normale;Buona;Ore Diurne;0;0;0;4;12.5571;41.9023;-1;1;Autovettura privata;In marcia / fermata / arresto;Conducente;M;Illeso;0;;;
4146062;6;20/12/2018 11:15:00;Strada Urbana;VIA FILIPPO FIORENTINI;da specificare;;;;ALTEZZA VIA TIBURTINA;Scontro laterale fra veicoli in marcia;Rettilineo;Una carreggiata a doppio senso;Asciutto;Asfaltata;Assente;Nuvoloso;Normale;Buona;Ore Diurne;0;0;0;4;12.5571;41.9023;-1;1;Autovettura privata;In marcia / fermata / arresto;Passeggero;F;Illeso;0;;Non accertato;
4146062;6;20/12/2018 11:15:00;Strada Urbana;VIA FILIPPO FIORENTINI;da specificare;;;;ALTEZZA VIA TIBURTINA;Scontro laterale fra veicoli in marcia;Rettilineo;Una carreggiata a doppio senso;Asciutto;Asfaltata;Assente;Nuvoloso;Normale;Buona;Ore Diurne;0;0;0;4;12.5571;41.9023;-1;1;Autovettura privata;In marcia / fermata / arresto;Passeggero;M;Illeso;0;;;
4146062;6;20/12/2018 11:15:00;Strada Urbana;VIA FILIPPO FIORENTINI;da specificare;;;;ALTEZZA VIA TIBURTINA;Scontro laterale fra veicoli in marcia;Rettilineo;Una carreggiata a doppio senso;Asciutto;Asfaltata;Assente;Nuvoloso;Normale;Buona;Ore Diurne;0;0;0;4;12.5571;41.9023;-1;2;Autovettura privata;In marcia / fermata / arresto;Conducente;M;Illeso;0;;;
4146072;1;13/12/2018 11:20:00;Strada Urbana;VIALE MANZONI;all'intersezione semaforizzata con;VIA MERULANA;VIA MERULANA;;;Infortunio per sola frenata improvvisa;Incrocio;Due carreggiate;Bagnato (pioggia);Asfaltata;Verticale ed orizzontale;Nuvoloso;Normale;Sufficiente;Ore Diurne;1;0;0;2;12.5079;41.8913;-1;1;Autoveicolo trasp.promisc.;In marcia / fermata / arresto;Conducente;M;Illeso;0;;Non accertato;Inesploso
4146072;1;13/12/2018 11:20:00;Strada Urbana;VIALE MANZONI;all'intersezione semaforizzata con;VIA MERULANA;VIA MERULANA;;;Infortunio per sola frenata improvvisa;Incrocio;Due carreggiate;Bagnato (pioggia);Asfaltata;Verticale ed orizzontale;Nuvoloso;Normale;Sufficiente;Ore Diurne;1;0;0;2;12.5079;41.8913;-1;2;Vettura tranviaria;In marcia / fermata / arresto;Conducente;M;Illeso;0;;Esente;
4146072;1;13/12/2018 11:20:00;Strada Urbana;VIALE MANZONI;all'intersezione semaforizzata con;VIA MERULANA;VIA MERULANA;;;Infortunio per sola frenata improvvisa;Incrocio;Due carreggiate;Bagnato (pioggia);Asfaltata;Verticale ed orizzontale;Nuvoloso;Normale;Sufficiente;Ore Diurne;1;0;0;2;12.5079;41.8913;-1;2;Vettura tranviaria;In marcia / fermata / arresto;Passeggero;M;Rimandato;0;NON DECEDUTO;Esente;
4146082;4;19/12/2018 22:30:00;Strada Urbana;VIALE VENTUNO APRILE;all'intersezione con;VIA NOMENTANA;VIA NOMENTANA;;;Scontro laterale fra veicoli in marcia;Intersezione semaforizzata;Una carreggiata a doppio senso;Asciutto;Asfaltata;Verticale ed orizzontale;Nuvoloso;Normale;Buona;Sufficiente;3;0;0;0;12.52;41.9177;-1;1;Motociclo a solo;In marcia / fermata / arresto;Conducente;M;Rimandato;0;NON DECEDUTO;;
4146082;4;19/12/2018 22:30:00;Strada Urbana;VIALE VENTUNO APRILE;all'intersezione con;VIA NOMENTANA;VIA NOMENTANA;;;Scontro laterale fra veicoli in marcia;Intersezione semaforizzata;Una carreggiata a doppio senso;Asciutto;Asfaltata;Verticale ed orizzontale;Nuvoloso;Normale;Buona;Sufficiente;3;0;0;0;12.52;41.9177;-1;1;Motociclo a solo;In marcia / fermata / arresto;Passeggero;M;Rimandato;0;NON DECEDUTO;Non accertato;
4146082;4;19/12/2018 22:30:00;Strada Urbana;VIALE VENTUNO APRILE;all'intersezione con;VIA NOMENTANA;VIA NOMENTANA;;;Scontro laterale fra veicoli in marcia;Intersezione semaforizzata;Una carreggiata a doppio senso;Asciutto;Asfaltata;Verticale ed orizzontale;Nuvoloso;Normale;Buona;Sufficiente;3;0;0;0;12.52;41.9177;-1;2;Motociclo a solo;In marcia / fermata / arresto;Conducente;M;Rimandato;0;NON DECEDUTO;;
4146095;16;19/12/2018 14:25:00;Strada Urbana;PIAZZALE EUGENIO MORELLI;all'intersezione con;VIALE DEI COLLI PORTUENSI;VIALE DEI COLLI PORTUENSI;;;Scontro laterale fra veicoli in marcia;Incrocio;Due carreggiate;Asciutto;Asfaltata;Verticale ed orizzontale;Sereno;Normale;Buona;Ore Diurne;0;0;0;3;12.4434;41.8602;-1;1;Autovettura privata;In marcia / fermata / arresto;Conducente;M;Illeso;0;;Non accertato;Inesploso
4146095;16;19/12/2018 14:25:00;Strada Urbana;PIAZZALE EUGENIO MORELLI;all'intersezione con;VIALE DEI COLLI PORTUENSI;VIALE DEI COLLI PORTUENSI;;;Scontro laterale fra veicoli in marcia;Incrocio;Due carreggiate;Asciutto;Asfaltata;Verticale ed orizzontale;Sereno;Normale;Buona;Ore Diurne;0;0;0;3;12.4434;41.8602;-1;1;Autovettura privata;In marcia / fermata / arresto;Passeggero;M;Illeso;0;;Non accertato;Inesploso
4146095;16;19/12/2018 14:25:00;Strada Urbana;PIAZZALE EUGENIO MORELLI;all'intersezione con;VIALE DEI COLLI PORTUENSI;VIALE DEI COLLI PORTUENSI;;;Scontro laterale fra veicoli in marcia;Incrocio;Due carreggiate;Asciutto;Asfaltata;Verticale ed orizzontale;Sereno;Normale;Buona;Ore Diurne;0;0;0;3;12.4434;41.8602;-1;2;Autovettura privata;In marcia / fermata / arresto;Conducente;M;Illeso;0;;Non accertato;Inesploso
4146112;6;20/12/2018 09:20:00;Strada Urbana;VIA ETTORE FIERAMOSCA;da specificare;;;;alt. sottovia (dir. Via Prenestina);Infortunio per caduta del veicolo;Sottopasso non illuminato;Due carreggiate;Bagnato (pioggia);Asfaltata;Orizzontale;Nuvoloso;Normale;Sufficiente;Ore Diurne;1;0;0;0;12.5283;41.8942;0;1;Veicolo ignoto perchè FUGA;Allontanatosi;;;;;;;
4146112;6;20/12/2018 09:20:00;Strada Urbana;VIA ETTORE FIERAMOSCA;da specificare;;;;alt. sottovia (dir. Via Prenestina);Infortunio per caduta del veicolo;Sottopasso non illuminato;Due carreggiate;Bagnato (pioggia);Asfaltata;Orizzontale;Nuvoloso;Normale;Sufficiente;Ore Diurne;1;0;0;0;12.5283;41.8942;0;2;Motociclo a solo;In marcia / fermata / arresto;Conducente;M;Ricoverato;0;NON DECEDUTO;;
4146126;1;19/12/2018 09:30:00;Strada Urbana;LUNGOTEVERE DEI SANGALLO;all'intersezione con;VICOLO DEL CEFALO;VICOLO DEL CEFALO;;;Scontro laterale fra veicoli in marcia;Incrocio;Una carreggiata a senso unico di marcia;Asciutto;Asfaltata;Verticale ed orizzontale;Sereno;Normale;Buona;Ore Diurne;1;0;0;1;12.4652;41.8981;-1;1;Autovettura privata;In marcia / fermata / arresto;Conducente;F;Illeso;0;;Non accertato;Inesploso
4146126;1;19/12/2018 09:30:00;Strada Urbana;LUNGOTEVERE DEI SANGALLO;all'intersezione con;VICOLO DEL CEFALO;VICOLO DEL CEFALO;;;Scontro laterale fra veicoli in marcia;Incrocio;Una carreggiata a senso unico di marcia;Asciutto;Asfaltata;Verticale ed orizzontale;Sereno;Normale;Buona;Ore Diurne;1;0;0;1;12.4652;41.8981;-1;2;Motociclo a solo;In marcia / fermata / arresto;Conducente;F;Rifiuta cure immediate;0;NON DECEDUTO;Non accertato;
4146130;12;19/12/2018 19:15:00;Comunale extraurbana;VIA DI TORRE S. ANASTASIA;da specificare;;;;prossimita' civico 91;Veicolo in marcia contro ostacolo fisso;Rettilineo;Una carreggiata a doppio senso;Asciutto;Asfaltata;Verticale ed orizzontale;Sereno;Scarso;Buona;Inesistente;0;0;0;1;12.5305;41.774;-1;1;Autovettura privata;In marcia / fermata / arresto;Conducente;M;Illeso;0;;;
4146135;6;20/12/2018 11:35:00;Strada Urbana;VIA ETTORE FIERAMOSCA;da specificare;;;;FRONTE VIA STEFANO COLONNA;Scontro laterale fra veicoli in marcia;Rettilineo;Una carreggiata a doppio senso;Bagnato (umidità in atto);Asfaltata;Orizzontale;Nuvoloso;Normale;Buona;Ore Diurne;0;0;0;2;12.5281;41.8923;-1;1;Autocarro superiore 35 q.;In marcia / fermata / arresto;Conducente;M;Illeso;0;;;Inesploso
4146135;6;20/12/2018 11:35:00;Strada Urbana;VIA ETTORE FIERAMOSCA;da specificare;;;;FRONTE VIA STEFANO COLONNA;Scontro laterale fra veicoli in marcia;Rettilineo;Una carreggiata a doppio senso;Bagnato (umidità in atto);Asfaltata;Orizzontale;Nuvoloso;Normale;Buona;Ore Diurne;0;0;0;2;12.5281;41.8923;-1;2;Autovettura privata;In marcia / fermata / arresto;Conducente;M;Illeso;0;;;
4146135;6;20/12/2018 11:35:00;Strada Urbana;VIA ETTORE FIERAMOSCA;da specificare;;;;FRONTE VIA STEFANO COLONNA;Scontro laterale fra veicoli in marcia;Rettilineo;Una carreggiata a doppio senso;Bagnato (umidità in atto);Asfaltata;Orizzontale;Nuvoloso;Normale;Buona;Ore Diurne;0;0;0;2;12.5281;41.8923;-1;3;Motociclo a solo;Sosta;;;;;;;
4146135;6;20/12/2018 11:35:00;Strada Urbana;VIA ETTORE FIERAMOSCA;da specificare;;;;FRONTE VIA STEFANO COLONNA;Scontro laterale fra veicoli in marcia;Rettilineo;Una carreggiata a doppio senso;Bagnato (umidità in atto);Asfaltata;Orizzontale;Nuvoloso;Normale;Buona;Ore Diurne;0;0;0;2;12.5281;41.8923;-1;4;Autovettura privata;Sosta;;;;;;;
4146157;12;19/12/2018 21:10:00;Comunale extraurbana;VIA DELLA STAZIONE DI PAVONA;da specificare;;;;civico 175;Veicolo in marcia contro ostacolo accidentale;Rettilineo;Una carreggiata a doppio senso;Asciutto;Con buche;Verticale;Nuvoloso;Scarso;Insufficiente;Inesistente;0;0;0;1;12.5888;41.7191;-1;1;Autovettura privata;In marcia / fermata / arresto;Conducente;M;Illeso;0;;;
4146178;12;19/12/2018 23:00:00;Strada Urbana;VIA DEL SERAFICO;da specificare;;;;civico 1;Scontro frontale/laterale SX fra veicoli in marcia;Rettilineo;Una carreggiata a doppio senso;Asciutto;Asfaltata;Verticale ed orizzontale;Sereno;Scarso;Buona;Sufficiente;0;0;0;4;12.4868;41.8302;-1;1;Motociclo con passeggero;In marcia / fermata / arresto;Conducente;M;Illeso;0;;;
4146178;12;19/12/2018 23:00:00;Strada Urbana;VIA DEL SERAFICO;da specificare;;;;civico 1;Scontro frontale/laterale SX fra veicoli in marcia;Rettilineo;Una carreggiata a doppio senso;Asciutto;Asfaltata;Verticale ed orizzontale;Sereno;Scarso;Buona;Sufficiente;0;0;0;4;12.4868;41.8302;-1;2;Autovettura privata;In marcia / fermata / arresto;Conducente;M;Illeso;0;;;
4146178;12;19/12/2018 23:00:00;Strada Urbana;VIA DEL SERAFICO;da specificare;;;;civico 1;Scontro frontale/laterale SX fra veicoli in marcia;Rettilineo;Una carreggiata a doppio senso;Asciutto;Asfaltata;Verticale ed orizzontale;Sereno;Scarso;Buona;Sufficiente;0;0;0;4;12.4868;41.8302;-1;2;Autovettura privata;In marcia / fermata / arresto;Passeggero;M;Illeso;0;;;
4146178;12;19/12/2018 23:00:00;Strada Urbana;VIA DEL SERAFICO;da specificare;;;;civico 1;Scontro frontale/laterale SX fra veicoli in marcia;Rettilineo;Una carreggiata a doppio senso;Asciutto;Asfaltata;Verticale ed orizzontale;Sereno;Scarso;Buona;Sufficiente;0;0;0;4;12.4868;41.8302;-1;2;Autovettura privata;In marcia / fermata / arresto;Passeggero;M;Illeso;0;;Utilizzato;
4146179;1;20/12/2018 08:45:00;Strada Urbana;LUNGOTEVERE RAFFAELLO SANZIO;all'intersezione semaforizzata con;PONTE GARIBALDI;PONTE GARIBALDI;;;Scontro frontale/laterale SX fra veicoli in marcia;Intersezione semaforizzata;Una carreggiata a doppio senso;Asciutto;Asfaltata;Assente;Sereno;Intenso;Buona;Ore Diurne;0;0;0;2;12.4721;41.8908;-1;1;Autovettura privata;In marcia / fermata / arresto;Conducente;M;Illeso;0;;;
4146179;1;20/12/2018 08:45:00;Strada Urbana;LUNGOTEVERE RAFFAELLO SANZIO;all'intersezione semaforizzata con;PONTE GARIBALDI;PONTE GARIBALDI;;;Scontro frontale/laterale SX fra veicoli in marcia;Intersezione semaforizzata;Una carreggiata a doppio senso;Asciutto;Asfaltata;Assente;Sereno;Intenso;Buona;Ore Diurne;0;0;0;2;12.4721;41.8908;-1;2;Autovettura privata;In marcia / fermata / arresto;Conducente;M;Illeso;0;;;
4146229;4;19/12/2018 12:50:00;Provinciale entro l'abitato;VIA NOMENTANA;all'intersezione con;SVINCOLO GRA;SVINCOLO GRA;;;Scontro laterale fra veicoli in marcia;Incrocio;Una carreggiata a doppio senso;Asciutto;Asfaltata;Verticale ed orizzontale;Sereno;Normale;Buona;Ore Diurne;0;0;0;2;12.5728;41.9579;-1;1;Autovettura privata;In marcia / fermata / arresto;Conducente;M;Illeso;0;;Non accertato;Inesploso
4146229;4;19/12/2018 12:50:00;Provinciale entro l'abitato;VIA NOMENTANA;all'intersezione con;SVINCOLO GRA;SVINCOLO GRA;;;Scontro laterale fra veicoli in marcia;Incrocio;Una carreggiata a doppio senso;Asciutto;Asfaltata;Verticale ed orizzontale;Sereno;Normale;Buona;Ore Diurne;0;0;0;2;12.5728;41.9579;-1;2;Autovettura privata;Allontanatosi;Conducente;M;Illeso;0;;Non accertato;Inesploso
4146250;12;20/12/2018 01:00:00;Provinciale entro l'abitato;VIA OSTIENSE;da specificare;;;;svincolo via del Mare direzione Roma;Tamponamento;Rettilineo;Una carreggiata a senso unico di marcia;Asciutto;Asfaltata;Verticale ed orizzontale;Nuvoloso;Scarso;Buona;Inesistente;0;0;0;2;12.4229;41.8109;-1;1;Autovettura privata;In marcia / fermata / arresto;Conducente;M;Illeso;0;;Utilizzato;Inesploso
4146250;12;20/12/2018 01:00:00;Provinciale entro l'abitato;VIA OSTIENSE;da specificare;;;;svincolo via del Mare direzione Roma;Tamponamento;Rettilineo;Una carreggiata a senso unico di marcia;Asciutto;Asfaltata;Verticale ed orizzontale;Nuvoloso;Scarso;Buona;Inesistente;0;0;0;2;12.4229;41.8109;-1;2;Autovettura privata;In marcia / fermata / arresto;Conducente;M;Illeso;0;;Utilizzato;Inesploso
4146356;2;19/12/2018 13:50:00;Strada Urbana;VIA CHIANA;in prossimità;;del civico n.;108;;Veicolo in marcia contro ostacolo accidentale;Rettilineo;Una carreggiata a senso unico di marcia;Asciutto;Asfaltata;Assente;Sereno;Intenso;Buona;Ore Diurne;0;0;0;1;12.5078;41.9206;-1;1;Motociclo a solo;In marcia / fermata / arresto;Conducente;F;Illeso;0;;;
4146382;11;20/12/2018 15:50:00;Strada Urbana;VIA ERODE ATTICO;all'intersezione con;VIA LUCIO VOLUMNIO;VIA LUCIO VOLUMNIO;;;Scontro frontale/laterale SX fra veicoli in marcia;Intersezione stradale segnalata;Una carreggiata a doppio senso;Asciutto;Asfaltata;Verticale;Sereno;Normale;Buona;Ore Diurne;0;0;0;4;12.5427;41.8368;-1;1;Autocarro inferiore 35 q.;In marcia / fermata / arresto;Conducente;M;Illeso;0;;Non accertato;Inesploso
4146382;11;20/12/2018 15:50:00;Strada Urbana;VIA ERODE ATTICO;all'intersezione con;VIA LUCIO VOLUMNIO;VIA LUCIO VOLUMNIO;;;Scontro frontale/laterale SX fra veicoli in marcia;Intersezione stradale segnalata;Una carreggiata a doppio senso;Asciutto;Asfaltata;Verticale;Sereno;Normale;Buona;Ore Diurne;0;0;0;4;12.5427;41.8368;-1;1;Autocarro inferiore 35 q.;In marcia / fermata / arresto;Passeggero;M;Illeso;0;;Non accertato;Inesploso
4146382;11;20/12/2018 15:50:00;Strada Urbana;VIA ERODE ATTICO;all'intersezione con;VIA LUCIO VOLUMNIO;VIA LUCIO VOLUMNIO;;;Scontro frontale/laterale SX fra veicoli in marcia;Intersezione stradale segnalata;Una carreggiata a doppio senso;Asciutto;Asfaltata;Verticale;Sereno;Normale;Buona;Ore Diurne;0;0;0;4;12.5427;41.8368;-1;2;Autovettura privata;In marcia / fermata / arresto;Conducente;M;Illeso;0;;Non accertato;Inesploso
4146382;11;20/12/2018 15:50:00;Strada Urbana;VIA ERODE ATTICO;all'intersezione con;VIA LUCIO VOLUMNIO;VIA LUCIO VOLUMNIO;;;Scontro frontale/laterale SX fra veicoli in marcia;Intersezione stradale segnalata;Una carreggiata a doppio senso;Asciutto;Asfaltata;Verticale;Sereno;Normale;Buona;Ore Diurne;0;0;0;4;12.5427;41.8368;-1;2;Autovettura privata;In marcia / fermata / arresto;Passeggero;M;Illeso;0;;Non accertato;Inesploso
4146446;10;20/12/2018 17:00:00;Strada Urbana;VIA APPIA NUOVA;da specificare;;;;direzione centro altezza via della Sergetta;Tamponamento Multiplo;Rettilineo;Due carreggiate;Asciutto;Asfaltata;Verticale ed orizzontale;Nuvoloso;Normale;Sufficiente;Sufficiente;0;0;0;2;12.5679;41.8194;-1;1;Autovettura privata;In marcia / fermata / arresto;Conducente;M;Illeso;0;;Non accertato;Inesploso
4146446;10;20/12/2018 17:00:00;Strada Urbana;VIA APPIA NUOVA;da specificare;;;;direzione centro altezza via della Sergetta;Tamponamento Multiplo;Rettilineo;Due carreggiate;Asciutto;Asfaltata;Verticale ed orizzontale;Nuvoloso;Normale;Sufficiente;Sufficiente;0;0;0;2;12.5679;41.8194;-1;2;Autovettura privata;In marcia / fermata / arresto;Conducente;M;Illeso;0;;Non accertato;Inesploso
4146446;10;20/12/2018 17:00:00;Strada Urbana;VIA APPIA NUOVA;da specificare;;;;direzione centro altezza via della Sergetta;Tamponamento Multiplo;Rettilineo;Due carreggiate;Asciutto;Asfaltata;Verticale ed orizzontale;Nuvoloso;Normale;Sufficiente;Sufficiente;0;0;0;2;12.5679;41.8194;-1;3;Autovettura privata;Allontanatosi;;;;;;;
4146450;23;19/12/2018 14:35:00;Comunale extraurbana;VIA CRISTOFORO COLOMBO;in prossimità;;della chilometrica;19.2;;Tamponamento;Rettilineo;Più di due carreggiate;Asciutto;Asfaltata;Verticale ed orizzontale;Sereno;Normale;Buona;Ore Diurne;0;0;0;3;12.3869;41.7681;-1;1;Autovettura privata;In marcia / fermata / arresto;Conducente;F;Illeso;0;;Non accertato;Inesploso
4146450;23;19/12/2018 14:35:00;Comunale extraurbana;VIA CRISTOFORO COLOMBO;in prossimità;;della chilometrica;19.2;;Tamponamento;Rettilineo;Più di due carreggiate;Asciutto;Asfaltata;Verticale ed orizzontale;Sereno;Normale;Buona;Ore Diurne;0;0;0;3;12.3869;41.7681;-1;1;Autovettura privata;In marcia / fermata / arresto;Passeggero;F;Illeso;0;;Non accertato;Inesploso
4146450;23;19/12/2018 14:35:00;Comunale extraurbana;VIA CRISTOFORO COLOMBO;in prossimità;;della chilometrica;19.2;;Tamponamento;Rettilineo;Più di due carreggiate;Asciutto;Asfaltata;Verticale ed orizzontale;Sereno;Normale;Buona;Ore Diurne;0;0;0;3;12.3869;41.7681;-1;2;Autovettura privata;In marcia / fermata / arresto;Conducente;F;Illeso;0;;Non accertato;Inesploso
4146466;12;20/12/2018 17:55:00;Strada Urbana;VIA DELLA CECCHIGNOLA;all'intersezione con;VIA DEL CASALE ZOLA;VIA DEL CASALE ZOLA;;;Scontro frontale/laterale DX fra veicoli in marcia;Incrocio;Due carreggiate;Asciutto;Asfaltata;Verticale ed orizzontale;Sereno;Intenso;Buona;Sufficiente;0;0;0;2;12.5164;41.8215;-1;1;Autovettura privata;In marcia / fermata / arresto;Conducente;M;Illeso;0;;Non accertato;Inesploso
4146466;12;20/12/2018 17:55:00;Strada Urbana;VIA DELLA CECCHIGNOLA;all'intersezione con;VIA DEL CASALE ZOLA;VIA DEL CASALE ZOLA;;;Scontro frontale/laterale DX fra veicoli in marcia;Incrocio;Due carreggiate;Asciutto;Asfaltata;Verticale ed orizzontale;Sereno;Intenso;Buona;Sufficiente;0;0;0;2;12.5164;41.8215;-1;2;Autovettura privata;In marcia / fermata / arresto;Conducente;F;Illeso;0;;Non accertato;Inesploso
4146473;4;19/12/2018 19:30:00;Strada Urbana;VIA CONCA D'ORO;in corrispondenza;;del civico n.;353;;Investimento di pedone;Rettilineo;Una carreggiata a doppio senso;Asciutto;Asfaltata;Verticale ed orizzontale;Sereno;Normale;Buona;Sufficiente;1;0;0;1;12.5173;41.9448;-1;;;;Pedone;F;Rimandato;0;NON DECEDUTO;;
4146473;4;19/12/2018 19:30:00;Strada Urbana;VIA CONCA D'ORO;in corrispondenza;;del civico n.;353;;Investimento di pedone;Rettilineo;Una carreggiata a doppio senso;Asciutto;Asfaltata;Verticale ed orizzontale;Sereno;Normale;Buona;Sufficiente;1;0;0;1;12.5173;41.9448;-1;1;Autovettura privata;In marcia / fermata / arresto;Conducente;M;Illeso;0;;Non accertato;Inesploso
4146496;10;20/12/2018 07:30:00;Strada Urbana;VIA ANAGNINA;all'intersezione con;VICOLO ANAGNINO;VICOLO ANAGNINO;;;Scontro laterale fra veicoli in marcia;Intersezione semaforizzata;Due carreggiate;Bagnato (pioggia);Asfaltata;Verticale ed orizzontale;Nuvoloso;Normale;Buona;Ore Diurne;0;0;0;4;12.6266;41.8098;-1;1;Autovettura privata;In marcia / fermata / arresto;Conducente;M;Illeso;0;;Non accertato;Inesploso
4146496;10;20/12/2018 07:30:00;Strada Urbana;VIA ANAGNINA;all'intersezione con;VICOLO ANAGNINO;VICOLO ANAGNINO;;;Scontro laterale fra veicoli in marcia;Intersezione semaforizzata;Due carreggiate;Bagnato (pioggia);Asfaltata;Verticale ed orizzontale;Nuvoloso;Normale;Buona;Ore Diurne;0;0;0;4;12.6266;41.8098;-1;2;Autocarro inferiore 35 q.;In marcia / fermata / arresto;Conducente;M;Illeso;0;;Non accertato;Inesploso
4146496;10;20/12/2018 07:30:00;Strada Urbana;VIA ANAGNINA;all'intersezione con;VICOLO ANAGNINO;VICOLO ANAGNINO;;;Scontro laterale fra veicoli in marcia;Intersezione semaforizzata;Due carreggiate;Bagnato (pioggia);Asfaltata;Verticale ed orizzontale;Nuvoloso;Normale;Buona;Ore Diurne;0;0;0;4;12.6266;41.8098;-1;2;Autocarro inferiore 35 q.;In marcia / fermata / arresto;Passeggero;M;Illeso;0;;Non accertato;Inesploso
4146496;10;20/12/2018 07:30:00;Strada Urbana;VIA ANAGNINA;all'intersezione con;VICOLO ANAGNINO;VICOLO ANAGNINO;;;Scontro laterale fra veicoli in marcia;Intersezione semaforizzata;Due carreggiate;Bagnato (pioggia);Asfaltata;Verticale ed orizzontale;Nuvoloso;Normale;Buona;Ore Diurne;0;0;0;4;12.6266;41.8098;-1;2;Autocarro inferiore 35 q.;In marcia / fermata / arresto;Passeggero;M;Illeso;0;;Non accertato;Inesploso
4146502;11;20/12/2018 17:25:00;Strada Urbana;PIAZZA DELL'ACCADEMIA ANTIQUARIA;in corrispondenza;;del civico n.;19;;Scontro laterale fra veicoli in marcia;Rettilineo;Due carreggiate;Asciutto;Asfaltata;Verticale ed orizzontale;Nuvoloso;Normale;Buona;Sufficiente;0;0;0;2;12.4911;41.8466;-1;1;Autovettura privata;In marcia / fermata / arresto;Conducente;F;Illeso;0;;Non accertato;Inesploso
4146502;11;20/12/2018 17:25:00;Strada Urbana;PIAZZA DELL'ACCADEMIA ANTIQUARIA;in corrispondenza;;del civico n.;19;;Scontro laterale fra veicoli in marcia;Rettilineo;Due carreggiate;Asciutto;Asfaltata;Verticale ed orizzontale;Nuvoloso;Normale;Buona;Sufficiente;0;0;0;2;12.4911;41.8466;-1;2;Autovettura privata;In marcia / fermata / arresto;Conducente;M;Illeso;0;;;
4146527;17;20/12/2018 01:30:00;Strada Urbana;PIAZZA DEL RISORGIMENTO;in prossimità;;del civico n.;3;;Veicolo in marcia contro veicoli in sosta;Rettilineo;Una carreggiata a senso unico di marcia;Bagnato (pioggia);Asfaltata;Verticale ed orizzontale;Nuvoloso;Scarso;Buona;Sufficiente;0;0;0;0;12.4565;41.9065;-1;1;Autovettura privata;Sosta;;;;;;;
4146527;17;20/12/2018 01:30:00;Strada Urbana;PIAZZA DEL RISORGIMENTO;in prossimità;;del civico n.;3;;Veicolo in marcia contro veicoli in sosta;Rettilineo;Una carreggiata a senso unico di marcia;Bagnato (pioggia);Asfaltata;Verticale ed orizzontale;Nuvoloso;Scarso;Buona;Sufficiente;0;0;0;0;12.4565;41.9065;-1;2;Autovettura privata;Allontanatosi;;;;;;;
4146535;10;20/12/2018 09:25:00;Strada Urbana;VIA MENOFILO;all'intersezione con;VIA PALAZZOLO;VIA PALAZZOLO;;;Scontro frontale/laterale SX fra veicoli in marcia;Incrocio;Una carreggiata a doppio senso;Bagnato (pioggia);Asfaltata;Verticale ed orizzontale;Nuvoloso;Normale;Buona;Ore Diurne;0;0;0;3;12.5494;41.8398;-1;1;Autovettura di polizia;In marcia / fermata / arresto;Conducente;M;Illeso;0;;Non accertato;Inesploso
4146535;10;20/12/2018 09:25:00;Strada Urbana;VIA MENOFILO;all'intersezione con;VIA PALAZZOLO;VIA PALAZZOLO;;;Scontro frontale/laterale SX fra veicoli in marcia;Incrocio;Una carreggiata a doppio senso;Bagnato (pioggia);Asfaltata;Verticale ed orizzontale;Nuvoloso;Normale;Buona;Ore Diurne;0;0;0;3;12.5494;41.8398;-1;1;Autovettura di polizia;In marcia / fermata / arresto;Passeggero;F;Illeso;0;;Non accertato;Inesploso
4146535;10;20/12/2018 09:25:00;Strada Urbana;VIA MENOFILO;all'intersezione con;VIA PALAZZOLO;VIA PALAZZOLO;;;Scontro frontale/laterale SX fra veicoli in marcia;Incrocio;Una carreggiata a doppio senso;Bagnato (pioggia);Asfaltata;Verticale ed orizzontale;Nuvoloso;Normale;Buona;Ore Diurne;0;0;0;3;12.5494;41.8398;-1;2;Autovettura privata;In marcia / fermata / arresto;Conducente;F;Illeso;0;;Non accertato;Inesploso
4146960;8;20/12/2018 13:30:00;Strada Urbana;VIALE DELLA SORBONA;da specificare;;;;alt. Via Columbia;Scontro laterale fra veicoli in marcia;Rotatoria;Due carreggiate;Asciutto;Asfaltata;Verticale ed orizzontale;Nuvoloso;Normale;Buona;Ore Diurne;0;0;0;3;12.617;41.8556;-1;1;Autovettura privata;In marcia / fermata / arresto;Conducente;F;Illeso;0;;Non accertato;Inesploso
4146960;8;20/12/2018 13:30:00;Strada Urbana;VIALE DELLA SORBONA;da specificare;;;;alt. Via Columbia;Scontro laterale fra veicoli in marcia;Rotatoria;Due carreggiate;Asciutto;Asfaltata;Verticale ed orizzontale;Nuvoloso;Normale;Buona;Ore Diurne;0;0;0;3;12.617;41.8556;-1;1;Autovettura privata;In marcia / fermata / arresto;Passeggero;F;Illeso;0;;Non accertato;Inesploso