Protocollo;Gruppo;DataOraIncidente;Localizzazione1;STRADA1;Localizzazione2;STRADA2;Strada02;Chilometrica;DaSpecificare;NaturaIncidente;particolaritastrade;TipoStrada;FondoStradale;Pavimentazione;Segnaletica;CondizioneAtmosferica;Traffico;Visibilita;Illuminazione;NUM_FERITI;NUM_RISERVATA;NUM_MORTI;NUM_ILLESI;Longitudine;Latitudine;Confermato;Progressivo;TipoVeicolo;StatoVeicolo;TipoPersona;Sesso;Tipolesione;Deceduto;DecedutoDopo;CinturaCascoUtilizzato;Airbag;
4147409;2;20/12/2018 11:35:00;Strada Urbana;CIRCONVALLAZIONE SALARIA;da specificare;;;;DIR. STADIO PROSS. USCITA SALARIA;Tamponamento Multiplo;Rettilineo;Due carreggiate;Asciutto;Asfaltata;Verticale ed orizzontale;Nuvoloso;Normale;Buona;Ore Diurne;0;0;0;6;12.5207;41.9347;-1;3;Autovettura privata;In marcia / fermata / arresto;Passeggero;F;Illeso;0;;Non accertato;Inesploso
4147409;2;20/12/2018 11:35:00;Strada Urbana;CIRCONVALLAZIONE SALARIA;da specificare;;;;DIR. STADIO PROSS. USCITA SALARIA;Tamponamento Multiplo;Rettilineo;Due carreggiate;Asciutto;Asfaltata;Verticale ed orizzontale;Nuvoloso;Normale;Buona;Ore Diurne;0;0;0;6;12.5207;41.9347;-1;3;Autovettura privata;In marcia / fermata / arresto;Passeggero;F;Illeso;0;;Non accertato;Inesploso
4147411;2;20/12/2018 12:30:00;Strada Urbana;VIALE ETIOPIA;in prossimità;;del civico n.;11;;Scontro frontale/laterale DX fra veicoli in marcia;Rettilineo;Due carreggiate;Asciutto;Asfaltata;Verticale ed orizzontale;Sereno;Normale;Buona;Ore Diurne;1;0;0;1;12.5256;41.9301;-1;1;Motociclo a solo;In marcia / fermata / arresto;Conducente;M;Rimandato;0;NON DECEDUTO;;
4147411;2;20/12/2018 12:30:00;Strada Urbana;VIALE ETIOPIA;in prossimità;;del civico n.;11;;Scontro frontale/laterale DX fra veicoli in marcia;Rettilineo;Due carreggiate;Asciutto;Asfaltata;Verticale ed orizzontale;Sereno;Normale;Buona;Ore Diurne;1;0;0;1;12.5256;41.9301;-1;2;Autovettura privata;In marcia / fermata / arresto;Conducente;F;Illeso;0;;;
4147412;12;21/12/2018 07:49:00;Strada Urbana;VIALE DELL'OCEANO PACIFICO;in prossimità;;del civico n.;180;;Scontro frontale/laterale SX fra veicoli in marcia;Rettilineo;Una carreggiata a doppio senso;Asciutto;Asfaltata;Verticale ed orizzontale;Sereno;Normale;Buona;Ore Diurne;0;0;0;4;12.4574;41.8239;-1;1;Autovettura privata;In marcia / fermata / arresto;Conducente;F;Illeso;0;;Non accertato;Inesploso
4147412;12;21/12/2018 07:49:00;Strada Urbana;VIALE DELL'OCEANO PACIFICO;in prossimità;;del civico n.;180;;Scontro frontale/laterale SX fra veicoli in marcia;Rettilineo;Una carreggiata a doppio senso;Asciutto;Asfaltata;Verticale ed orizzontale;Sereno;Normale;Buona;Ore Diurne;0;0;0;4;12.4574;41.8239;-1;1;Autovettura privata;In marcia / fermata / arresto;Passeggero;M;Illeso;0;;Non accertato;Inesploso
4147412;12;21/12/2018 07:49:00;Strada Urbana;VIALE DELL'OCEANO PACIFICO;in prossimità;;del civico n.;180;;Scontro frontale/laterale SX fra veicoli in marcia;Rettilineo;Una carreggiata a doppio senso;Asciutto;Asfaltata;Verticale ed orizzontale;Sereno;Normale;Buona;Ore Diurne;0;0;0;4;12.4574;41.8239;-1;2;Autovettura privata;In marcia / fermata / arresto;Conducente;M;Illeso;0;;Non accertato;
4147412;12;21/12/2018 07:49:00;Strada Urbana;VIALE DELL'OCEANO PACIFICO;in prossimità;;del civico n.;180;;Scontro frontale/laterale SX fra veicoli in marcia;Rettilineo;Una carreggiata a doppio senso;Asciutto;Asfaltata;Verticale ed orizzontale;Sereno;Normale;Buona;Ore Diurne;0;0;0;4;12.4574;41.8239;-1;2;Autovettura privata;In marcia / fermata / arresto;Passeggero;F;Illeso;0;;Non accertato;Inesploso
4147413;4;20/12/2018 15:35:00;Strada Urbana;VIA UGO OJETTI;in corrispondenza;;del civico n.;506;;Scontro laterale fra veicoli in marcia;Rettilineo;Una carreggiata a senso unico di marcia;Asciutto;Asfaltata;Assente;Sereno;Intenso;Buona;Ore Diurne;0;0;0;3;12.5565;41.9492;-1;1;Autovettura privata;In marcia / fermata / arresto;Conducente;M;Illeso;0;;;
4147413;4;20/12/2018 15:35:00;Strada Urbana;VIA UGO OJETTI;in corrispondenza;;del civico n.;506;;Scontro laterale fra veicoli in marcia;Rettilineo;Una carreggiata a senso unico di marcia;Asciutto;Asfaltata;Assente;Sereno;Intenso;Buona;Ore Diurne;0;0;0;3;12.5565;41.9492;-1;2;Autovettura privata;In marcia / fermata / arresto;Conducente;F;Illeso;0;;;
4147413;4;20/12/2018 15:35:00;Strada Urbana;VIA UGO OJETTI;in corrispondenza;;del civico n.;506;;Scontro laterale fra veicoli in marcia;Rettilineo;Una carreggiata a senso unico di marcia;Asciutto;Asfaltata;Assente;Sereno;Intenso;Buona;Ore Diurne;0;0;0;3;12.5565;41.9492;-1;2;Autovettura privata;In marcia / fermata / arresto;Passeggero;M;Illeso;0;;;
4147414;2;20/12/2018 16:40:00;Strada Urbana;VIA SALARIA;all'intersezione semaforizzata con;VIA BRUXELLES;VIA BRUXELLES;;;Scontro frontale/laterale SX fra veicoli in marcia;Incrocio;Due carreggiate;Asciutto;Asfaltata;Verticale ed orizzontale;Sereno;Intenso;Buona;Sufficiente;1;0;0;1;13.0816;42.4174;-1;1;Autovettura privata;In marcia / fermata / arresto;Conducente;M;Illeso;0;;;
4147414;2;20/12/2018 16:40:00;Strada Urbana;VIA SALARIA;all'intersezione semaforizzata con;VIA BRUXELLES;VIA BRUXELLES;;;Scontro frontale/laterale SX fra veicoli in marcia;Incrocio;Due carreggiate;Asciutto;Asfaltata;Verticale ed orizzontale;Sereno;Intenso;Buona;Sufficiente;1;0;0;1;13.0816;42.4174;-1;2;Motociclo a solo;In marcia / fermata / arresto;Conducente;M;Ricoverato;0;NON DECEDUTO;Non accertato;
4147415;2;20/12/2018 16:45:00;Strada Urbana;CIRCONVALLAZIONE SALARIA;da specificare;;;;DIR. FORO ITALICO PROSS. RAMPA USCITA SALARIA;Tamponamento Multiplo;Rettilineo;Due carreggiate;Asciutto;Asfaltata;Orizzontale;Nuvoloso;Intenso;Sufficiente;Sufficiente;2;0;0;4;12.5113;41.9384;-1;1;Autovettura privata;In marcia / fermata / arresto;Conducente;F;Illeso;0;;;
4147415;2;20/12/2018 16:45:00;Strada Urbana;CIRCONVALLAZIONE SALARIA;da specificare;;;;DIR. FORO ITALICO PROSS. RAMPA USCITA SALARIA;Tamponamento Multiplo;Rettilineo;Due carreggiate;Asciutto;Asfaltata;Orizzontale;Nuvoloso;Intenso;Sufficiente;Sufficiente;2;0;0;4;12.5113;41.9384;-1;1;Autovettura privata;In marcia / fermata / arresto;Passeggero;F;Illeso;0;;;
4147415;2;20/12/2018 16:45:00;Strada Urbana;CIRCONVALLAZIONE SALARIA;da specificare;;;;DIR. FORO ITALICO PROSS. RAMPA USCITA SALARIA;Tamponamento Multiplo;Rettilineo;Due carreggiate;Asciutto;Asfaltata;Orizzontale;Nuvoloso;Intenso;Sufficiente;Sufficiente;2;0;0;4;12.5113;41.9384;-1;2;Autovettura privata;In marcia / fermata / arresto;Conducente;M;Illeso;0;;;
4147415;2;20/12/2018 16:45:00;Strada Urbana;CIRCONVALLAZIONE SALARIA;da specificare;;;;DIR. FORO ITALICO PROSS. RAMPA USCITA SALARIA;Tamponamento Multiplo;Rettilineo;Due carreggiate;Asciutto;Asfaltata;Orizzontale;Nuvoloso;Intenso;Sufficiente;Sufficiente;2;0;0;4;12.5113;41.9384;-1;3;Autovettura privata;In marcia / fermata / arresto;Conducente;F;Illeso;0;;;
4147415;2;20/12/2018 16:45:00;Strada Urbana;CIRCONVALLAZIONE SALARIA;da specificare;;;;DIR. FORO ITALICO PROSS. RAMPA USCITA SALARIA;Tamponamento Multiplo;Rettilineo;Due carreggiate;Asciutto;Asfaltata;Orizzontale;Nuvoloso;Intenso;Sufficiente;Sufficiente;2;0;0;4;12.5113;41.9384;-1;3;Autovettura privata;In marcia / fermata / arresto;Passeggero;F;Rimandato;0;NON DECEDUTO;;
4147415;2;20/12/2018 16:45:00;Strada Urbana;CIRCONVALLAZIONE SALARIA;da specificare;;;;DIR. FORO ITALICO PROSS. RAMPA USCITA SALARIA;Tamponamento Multiplo;Rettilineo;Due carreggiate;Asciutto;Asfaltata;Orizzontale;Nuvoloso;Intenso;Sufficiente;Sufficiente;2;0;0;4;12.5113;41.9384;-1;3;Autovettura privata;In marcia / fermata / arresto;Passeggero;F;Rimandato;0;NON DECEDUTO;;
4147417;1;19/12/2018 20:30:00;Strada Urbana;VIA GIUSEPPE ZANARDELLI;in prossimità;;del civico n.;5;;Scontro laterale fra veicoli in marcia;Rettilineo;Una carreggiata a doppio senso;Asciutto;Asfaltata;Verticale ed orizzontale;Sereno;Normale;Sufficiente;Sufficiente;0;0;0;2;12.4723;41.9013;-1;1;Autovettura privata;In marcia / fermata / arresto;Conducente;M;Illeso;0;;Non accertato;Inesploso
4147417;1;19/12/2018 20:30:00;Strada Urbana;VIA GIUSEPPE ZANARDELLI;in prossimità;;del civico n.;5;;Scontro laterale fra veicoli in marcia;Rettilineo;Una carreggiata a doppio senso;Asciutto;Asfaltata;Verticale ed orizzontale;Sereno;Normale;Sufficiente;Sufficiente;0;0;0;2;12.4723;41.9013;-1;2;Autovettura privata;In marcia / fermata / arresto;Conducente;M;Illeso;0;;Non accertato;Inesploso
4147418;2;20/12/2018 18:30:00;Strada Urbana;PIAZZA CUBA;da specificare;;;;ALT. VIA PANAMA;Scontro laterale fra veicoli in marcia;Rettilineo;Una carreggiata a doppio senso;Asciutto;Asfaltata;Verticale ed orizzontale;Sereno;Intenso;Sufficiente;Sufficiente;0;0;0;3;12.4934;41.923;-1;1;Autovettura privata;In marcia / fermata / arresto;Conducente;F;Illeso;0;;Non accertato;Inesploso
4147418;2;20/12/2018 18:30:00;Strada Urbana;PIAZZA CUBA;da specificare;;;;ALT. VIA PANAMA;Scontro laterale fra veicoli in marcia;Rettilineo;Una carreggiata a doppio senso;Asciutto;Asfaltata;Verticale ed orizzontale;Sereno;Intenso;Sufficiente;Sufficiente;0;0;0;3;12.4934;41.923;-1;1;Autovettura privata;In marcia / fermata / arresto;Passeggero;M;Illeso;0;;Non accertato;Inesploso
4147418;2;20/12/2018 18:30:00;Strada Urbana;PIAZZA CUBA;da specificare;;;;ALT. VIA PANAMA;Scontro laterale fra veicoli in marcia;Rettilineo;Una carreggiata a doppio senso;Asciutto;Asfaltata;Verticale ed orizzontale;Sereno;Intenso;Sufficiente;Sufficiente;0;0;0;3;12.4934;41.923;-1;2;Autobus di linea;In marcia / fermata / arresto;Conducente;M;Illeso;0;;Non accertato;Inesploso
4147423;2;20/12/2018 18:30:00;Strada Urbana;VIALE MARESCIALLO PILSUDSKI;da specificare;;;;FR. VIA DEL SACRO CUORE DI MARIA;Scontro laterale fra veicoli in marcia;Rettilineo;Una carreggiata a doppio senso;Asciutto;Asfaltata;Verticale ed orizzontale;Sereno;Intenso;Sufficiente;Sufficiente;0;0;0;5;12.482;41.9285;-1;1;Autovettura privata;In marcia / fermata / arresto;Conducente;F;Illeso;0;;;
4147423;2;20/12/2018 18:30:00;Strada Urbana;VIALE MARESCIALLO PILSUDSKI;da specificare;;;;FR. VIA DEL SACRO CUORE DI MARIA;Scontro laterale fra veicoli in marcia;Rettilineo;Una carreggiata a doppio senso;Asciutto;Asfaltata;Verticale ed orizzontale;Sereno;Intenso;Sufficiente;Sufficiente;0;0;0;5;12.482;41.9285;-1;2;Autovettura privata;In marcia / fermata / arresto;Conducente;M;Illeso;0;;;
4147423;2;20/12/2018 18:30:00;Strada Urbana;VIALE MARESCIALLO PILSUDSKI;da specificare;;;;FR. VIA DEL SACRO CUORE DI MARIA;Scontro laterale fra veicoli in marcia;Rettilineo;Una carreggiata a doppio senso;Asciutto;Asfaltata;Verticale ed orizzontale;Sereno;Intenso;Sufficiente;Sufficiente;0;0;0;5;12.482;41.9285;-1;2;Autovettura privata;In marcia / fermata / arresto;Passeggero;M;Illeso;0;;;
4147423;2;20/12/2018 18:30:00;Strada Urbana;VIALE MARESCIALLO PILSUDSKI;da specificare;;;;FR. VIA DEL SACRO CUORE DI MARIA;Scontro laterale fra veicoli in marcia;Rettilineo;Una carreggiata a doppio senso;Asciutto;Asfaltata;Verticale ed orizzontale;Sereno;Intenso;Sufficiente;Sufficiente;0;0;0;5;12.482;41.9285;-1;2;Autovettura privata;In marcia / fermata / arresto;Passeggero;F;Illeso;0;;;
4147423;2;20/12/2018 18:30:00;Strada Urbana;VIALE MARESCIALLO PILSUDSKI;da specificare;;;;FR. VIA DEL SACRO CUORE DI MARIA;Scontro laterale fra veicoli in marcia;Rettilineo;Una carreggiata a doppio senso;Asciutto;Asfaltata;Verticale ed orizzontale;Sereno;Intenso;Sufficiente;Sufficiente;0;0;0;5;12.482;41.9285;-1;2;Autovettura privata;In marcia / fermata / arresto;Passeggero;M;Illeso;0;;;
4147424;2;20/12/2018 22:05:00;Strada Urbana;PIAZZA BUENOS AIRES;da specificare;;;;angolo viale R. Margherita lato fioraio;Scontro laterale fra veicoli in marcia;Rettilineo;Una carreggiata a doppio senso;Asciutto;Asfaltata;Verticale ed orizzontale;Nuvoloso;Normale;Buona;Sufficiente;1;0;0;1;12.5001;41.9181;-1;1;Autovettura pubblica;In marcia / fermata / arresto;Conducente;M;Illeso;0;;;
4147424;2;20/12/2018 22:05:00;Strada Urbana;PIAZZA BUENOS AIRES;da specificare;;;;angolo viale R. Margherita lato fioraio;Scontro laterale fra veicoli in marcia;Rettilineo;Una carreggiata a doppio senso;Asciutto;Asfaltata;Verticale ed orizzontale;Nuvoloso;Normale;Buona;Sufficiente;1;0;0;1;12.5001;41.9181;-1;2;Motociclo a solo;In marcia / fermata / arresto;Conducente;M;Rimandato;0;NON DECEDUTO;;
4147425;2;20/12/2018 11:30:00;Strada Urbana;VIALE SOMALIA;in prossimità;;del civico n.;250;;Veicolo in marcia contro veicolo in sosta;Rettilineo;Una carreggiata a doppio senso;Asciutto;Asfaltata;Verticale ed orizzontale;Sereno;Intenso;Buona;Ore Diurne;0;0;0;1;12.5202;41.9337;-1;1;Autobus urbano;In marcia / fermata / arresto;Conducente;M;Illeso;0;;;
4147425;2;20/12/2018 11:30:00;Strada Urbana;VIALE SOMALIA;in prossimità;;del civico n.;250;;Veicolo in marcia contro veicolo in sosta;Rettilineo;Una carreggiata a doppio senso;Asciutto;Asfaltata;Verticale ed orizzontale;Sereno;Intenso;Buona;Ore Diurne;0;0;0;1;12.5202;41.9337;-1;2;Autovettura privata;Sosta;;;;;;;
4147428;2;20/12/2018 23:30:00;Strada Urbana;VIALE VENTUNO APRILE;all'intersezione con;VIA NOMENTANA;VIA NOMENTANA;;;Scontro laterale fra veicoli in marcia;Incrocio;Una carreggiata a doppio senso;Asciutto;Asfaltata;Verticale ed orizzontale;Sereno;Normale;Buona;Sufficiente;0;0;0;1;12.5171;41.92;-1;1;Autovettura privata;In marcia / fermata / arresto;Conducente;M;Illeso;0;;;
4147428;2;20/12/2018 23:30:00;Strada Urbana;VIALE VENTUNO APRILE;all'intersezione con;VIA NOMENTANA;VIA NOMENTANA;;;Scontro laterale fra veicoli in marcia;Incrocio;Una carreggiata a doppio senso;Asciutto;Asfaltata;Verticale ed orizzontale;Sereno;Normale;Buona;Sufficiente;0;0;0;1;12.5171;41.92;-1;2;Autovettura privata;In marcia / fermata / arresto;;;;;;;
4147437;5;21/12/2018 10:40:00;Strada Urbana;VIA GIUSEPPE DONATI;in corrispondenza;;del civico n.;4;;Scontro laterale fra veicoli in marcia;Rettilineo;Una carreggiata a doppio senso;Asciutto;Asfaltata;Verticale ed orizzontale;Sereno;Scarso;Buona;Ore Diurne;0;0;0;2;12.5474;41.9066;-1;1;Autovettura privata;In marcia / fermata / arresto;Conducente;F;Illeso;0;;Non accertato;Inesploso
4147437;5;21/12/2018 10:40:00;Strada Urbana;VIA GIUSEPPE DONATI;in corrispondenza;;del civico n.;4;;Scontro laterale fra veicoli in marcia;Rettilineo;Una carreggiata a doppio senso;Asciutto;Asfaltata;Verticale ed orizzontale;Sereno;Scarso;Buona;Ore Diurne;0;0;0;2;12.5474;41.9066;-1;2;Autocarro inferiore 35 q.;In marcia / fermata / arresto;Conducente;M;Illeso;0;;Non accertato;Inesploso
4147443;1;19/12/2018 18:35:00;Strada Urbana;VIALE LUIGI EINAUDI;in prossimità;;del palo luce n.;28;;Tamponamento;Rettilineo;Una carreggiata a senso unico di marcia;Asciutto;In cubetti di porfido;Verticale ed orizzontale;Sereno;Normale;Buona;Sufficiente;1;0;0;2;12.4979;41.9023;-1;;;;Pedone;F;Rimandato;0;NON DECEDUTO;;
4147443;1;19/12/2018 18:35:00;Strada Urbana;VIALE LUIGI EINAUDI;in prossimità;;del palo luce n.;28;;Tamponamento;Rettilineo;Una carreggiata a senso unico di marcia;Asciutto;In cubetti di porfido;Verticale ed orizzontale;Sereno;Normale;Buona;Sufficiente;1;0;0;2;12.4979;41.9023;-1;1;Autovettura privata;In marcia / fermata / arresto;Conducente;M;Illeso;0;;Non accertato;Inesploso
4147443;1;19/12/2018 18:35:00;Strada Urbana;VIALE LUIGI EINAUDI;in prossimità;;del palo luce n.;28;;Tamponamento;Rettilineo;Una carreggiata a senso unico di marcia;Asciutto;In cubetti di porfido;Verticale ed orizzontale;Sereno;Normale;Buona;Sufficiente;1;0;0;2;12.4979;41.9023;-1;2;Autovettura privata;In marcia / fermata / arresto;Conducente;M;Illeso;0;;Non accertato;Inesploso
4147474;18;20/12/2018 19:30:00;Strada Urbana;VIA DI SELVA CANDIDA;in prossimità;;del civico n.;52;;Veicolo in marcia contro veicolo in sosta;Rettilineo;Una carreggiata a doppio senso;Asciutto;Asfaltata;Assente;Sereno;Scarso;Sufficiente;Sufficiente;0;0;0;0;12.3745;41.9237;-1;1;Autovettura privata;In marcia / fermata / arresto;;;;;;;
4147474;18;20/12/2018 19:30:00;Strada Urbana;VIA DI SELVA CANDIDA;in prossimità;;del civico n.;52;;Veicolo in marcia contro veicolo in sosta;Rettilineo;Una carreggiata a doppio senso;Asciutto;Asfaltata;Assente;Sereno;Scarso;Sufficiente;Sufficiente;0;0;0;0;12.3745;41.9237;-1;2;Autovettura privata;Sosta;;;;;;;
4147477;11;21/12/2018 09:30:00;Strada Urbana;VIA DELLE SETTE CHIESE;in prossimità;;del civico n.;68;;Veicolo in marcia contro ostacolo fisso;Rettilineo;Una carreggiata a senso unico di marcia;Asciutto;In cubetti di porfido;Assente;Sereno;Scarso;Buona;Ore Diurne;0;0;0;2;12.4851;41.8612;-1;1;Autocarro superiore 35 q.;In marcia / fermata / arresto;Conducente;M;Illeso;0;;Non accertato;Inesploso
4147477;11;21/12/2018 09:30:00;Strada Urbana;VIA DELLE SETTE CHIESE;in prossimità;;del civico n.;68;;Veicolo in marcia contro ostacolo fisso;Rettilineo;Una carreggiata a senso unico di marcia;Asciutto;In cubetti di porfido;Assente;Sereno;Scarso;Buona;Ore Diurne;0;0;0;2;12.4851;41.8612;-1;1;Autocarro superiore 35 q.;In marcia / fermata / arresto;Passeggero;M;Illeso;0;;Non accertato;Inesploso
4147484;1;20/12/2018 09:40:00;Strada Urbana;VIA D'ARACOELI;all'intersezione semaforizzata con;VIA DELLE BOTTEGHE OSCURE;VIA DELLE BOTTEGHE OSCURE;;;Scontro laterale fra veicoli in marcia;Intersezione semaforizzata;Una carreggiata a senso unico di marcia;Asciutto;Asfaltata;Verticale ed orizzontale;Sereno;Intenso;Buona;Ore Diurne;0;0;0;3;12.4801;41.895;-1;1;Autovettura privata;In marcia / fermata / arresto;Conducente;M;Illeso;0;;Non accertato;Inesploso
4147484;1;20/12/2018 09:40:00;Strada Urbana;VIA D'ARACOELI;all'intersezione semaforizzata con;VIA DELLE BOTTEGHE OSCURE;VIA DELLE BOTTEGHE OSCURE;;;Scontro laterale fra veicoli in marcia;Intersezione semaforizzata;Una carreggiata a senso unico di marcia;Asciutto;Asfaltata;Verticale ed orizzontale;Sereno;Intenso;Buona;Ore Diurne;0;0;0;3;12.4801;41.895;-1;2;Autocarro inferiore 35 q.;In marcia / fermata / arresto;Conducente;M;Illeso;0;;Non accertato;Inesploso
4147484;1;20/12/2018 09:40:00;Strada Urbana;VIA D'ARACOELI;all'intersezione semaforizzata con;VIA DELLE BOTTEGHE OSCURE;VIA DELLE BOTTEGHE OSCURE;;;Scontro laterale fra veicoli in marcia;Intersezione semaforizzata;Una carreggiata a senso unico di marcia;Asciutto;Asfaltata;Verticale ed orizzontale;Sereno;Intenso;Buona;Ore Diurne;0;0;0;3;12.4801;41.895;-1;2;Autocarro inferiore 35 q.;In marcia / fermata / arresto;Passeggero;M;Illeso;0;;;
4147489;18;20/12/2018 19:50:00;Strada Urbana;VIA GUIDO AGOSTI;in prossimità;;del civico n.;8;;Veicolo in marcia contro veicolo in sosta;Rettilineo;Una carreggiata a doppio senso;Asciutto;Asfaltata;Assente;Sereno;Scarso;Sufficiente;Sufficiente;0;0;0;0;12.3744;41.9232;-1;1;Autovettura privata;In marcia / fermata / arresto;;;;;;;
4147489;18;20/12/2018 19:50:00;Strada Urbana;VIA GUIDO AGOSTI;in prossimità;;del civico n.;8;;Veicolo in marcia contro veicolo in sosta;Rettilineo;Una carreggiata a doppio senso;Asciutto;Asfaltata;Assente;Sereno;Scarso;Sufficiente;Sufficiente;0;0;0;0;12.3744;41.9232;-1;2;Autovettura privata;Sosta;;;;;;;
4147492;6;21/12/2018 10:00:00;Statale entro l'abitato;VIA CASILINA;in corrispondenza;;del civico n.;364;;Veicolo in marcia contro veicolo in sosta;Rettilineo;Due carreggiate;Asciutto;Asfaltata;Assente;Sereno;Intenso;Buona;Ore Diurne;0;0;0;1;12.5411;41.8805;-1;1;Autocarro inferiore 35 q.;In marcia / fermata / arresto;Conducente;M;Illeso;0;;Non accertato;Inesploso
4147492;6;21/12/2018 10:00:00;Statale entro l'abitato;VIA CASILINA;in corrispondenza;;del civico n.;364;;Veicolo in marcia contro veicolo in sosta;Rettilineo;Due carreggiate;Asciutto;Asfaltata;Assente;Sereno;Intenso;Buona;Ore Diurne;0;0;0;1;12.5411;41.8805;-1;2;Autovettura privata;Sosta;;;;;;;
4147510;1;19/12/2018 14:20:00;Strada Urbana;PIAZZA DI FIRENZE;in corrispondenza;;del civico n.;28;;Veicolo in marcia contro veicolo in sosta;Curva a visuale libera;Una carreggiata a senso unico di marcia;Asciutto;Acciotolata;Verticale ed orizzontale;Sereno;Normale;Buona;Ore Diurne;0;0;0;1;12.4761;41.9023;-1;1;Autovettura pubblica;In marcia / fermata / arresto;Conducente;M;Illeso;0;;Non accertato;Inesploso
4147510;1;19/12/2018 14:20:00;Strada Urbana;PIAZZA DI FIRENZE;in corrispondenza;;del civico n.;28;;Veicolo in marcia contro veicolo in sosta;Curva a visuale libera;Una carreggiata a senso unico di marcia;Asciutto;Acciotolata;Verticale ed orizzontale;Sereno;Normale;Buona;Ore Diurne;0;0;0;1;12.4761;41.9023;-1;2;Motociclo a solo;Sosta;;;;;;;
4147517;2;21/12/2018 07:30:00;Strada Urbana;VIA NOMENTANA;in prossimità;;del civico n.;387;;Veicolo in marcia contro ostacolo fisso;Rettilineo;Una carreggiata a senso unico di marcia;Bagnato (umidità in atto);Asfaltata;Orizzontale;Nuvoloso;Normale;Buona;Ore Diurne;1;0;0;0;12.5223;41.9258;-1;1;Motociclo a solo;In marcia / fermata / arresto;Conducente;M;Rimandato;0;NON DECEDUTO;;
4147552;4;20/12/2018 22:00:00;Strada Urbana;VIALE CARMELO BENE;in prossimità;;del civico n.;320;;Veicolo in marcia contro ostacolo fisso;Rettilineo;Due carreggiate;Viscido da liquidi oleosi;Asfaltata;Verticale ed orizzontale;Nuvoloso;Scarso;Buona;Sufficiente;0;0;0;1;12.5314;41.9778;-1;1;Autovettura privata;In marcia / fermata / arresto;Conducente;M;Illeso;0;;Non accertato;
4147559;23;21/12/2018 02:00:00;Comunale extraurbana;VIA CRISTOFORO COLOMBO;all'intersezione semaforizzata con;VIALE DELLA VILLA DI PLINIO;VIALE DELLA VILLA DI PLINIO;;;Veicolo in marcia contro ostacolo fisso;Intersezione semaforizzata;Più di due carreggiate;Asciutto;Asfaltata;Verticale ed orizzontale;Sereno;Scarso;Sufficiente;Inesistente;1;0;0;0;12.3335;41.7273;-1;1;Autovettura privata;In marcia / fermata / arresto;Conducente;M;Rimandato;0;NON DECEDUTO;Non accertato;Esploso
4147585;1;19/12/2018 09:30:00;Strada Urbana;PIAZZA DELL'INDIPENDENZA;in prossimità;;del palo luce n.;25;;Veicolo in marcia contro veicolo fermo;Rotatoria;Una carreggiata a senso unico di marcia;Asciutto;Asfaltata;Verticale ed orizzontale;Sereno;Normale;Buona;Ore Diurne;1;0;0;1;12.5025;41.9044;-1;1;Motociclo a solo;In marcia / fermata / arresto;Conducente;M;Rimandato;0;NON DECEDUTO;Non accertato;
4147585;1;19/12/2018 09:30:00;Strada Urbana;PIAZZA DELL'INDIPENDENZA;in prossimità;;del palo luce n.;25;;Veicolo in marcia contro veicolo fermo;Rotatoria;Una carreggiata a senso unico di marcia;Asciutto;Asfaltata;Verticale ed orizzontale;Sereno;Normale;Buona;Ore Diurne;1;0;0;1;12.5025;41.9044;-1;2;Autovettura privata;In marcia / fermata / arresto;Conducente;M;Illeso;0;;Non accertato;Inesploso
4147596;1;21/12/2018 09:45:00;Strada Urbana;LUNGOTEVERE DE' CENCI;in prossimità;;del civico n.;7;;Scontro laterale fra veicoli in marcia;Rettilineo;Una carreggiata a senso unico di marcia;Asciutto;Asfaltata;Verticale ed orizzontale;Sereno;Normale;Sufficiente;Ore Diurne;1;0;0;3;12.4761;41.8919;-1;1;Autovettura privata;In marcia / fermata / arresto;Conducente;M;Illeso;0;;Non accertato;Inesploso
4147596;1;21/12/2018 09:45:00;Strada Urbana;LUNGOTEVERE DE' CENCI;in prossimità;;del civico n.;7;;Scontro laterale fra veicoli in marcia;Rettilineo;Una carreggiata a senso unico di marcia;Asciutto;Asfaltata;Verticale ed orizzontale;Sereno;Normale;Sufficiente;Ore Diurne;1;0;0;3;12.4761;41.8919;-1;1;Autovettura privata;In marcia / fermata / arresto;Passeggero;F;Illeso;0;;;
4147596;1;21/12/2018 09:45:00;Strada Urbana;LUNGOTEVERE DE' CENCI;in prossimità;;del civico n.;7;;Scontro laterale fra veicoli in marcia;Rettilineo;Una carreggiata a senso unico di marcia;Asciutto;Asfaltata;Verticale ed orizzontale;Sereno;Normale;Sufficiente;Ore Diurne;1;0;0;3;12.4761;41.8919;-1;1;Autovettura privata;In marcia / fermata / arresto;Passeggero;F;Illeso;0;;;
4147596;1;21/12/2018 09:45:00;Strada Urbana;LUNGOTEVERE DE' CENCI;in prossimità;;del civico n.;7;;Scontro laterale fra veicoli in marcia;Rettilineo;Una carreggiata a senso unico di marcia;Asciutto;Asfaltata;Verticale ed orizzontale;Sereno;Normale;Sufficiente;Ore Diurne;1;0;0;3;12.4761;41.8919;-1;2;Motociclo a solo;In marcia / fermata / arresto;Conducente;M;Rimandato;0;NON DECEDUTO;Non accertato;
4147596;1;21/12/2018 09:45:00;Strada Urbana;LUNGOTEVERE DE' CENCI;in prossimità;;del civico n.;7;;Scontro laterale fra veicoli in marcia;Rettilineo;Una carreggiata a senso unico di marcia;Asciutto;Asfaltata;Verticale ed orizzontale;Sereno;Normale;Sufficiente;Ore Diurne;1;0;0;3;12.4761;41.8919;-1;3;Autovettura privata;Sosta;;;;;;;
4147600;16;20/12/2018 14:00:00;Strada Urbana;VIA FONTEIANA;in prossimità;;del civico n.;162;;Veicolo in marcia contro veicolo fermo;Curva a visuale libera;Una carreggiata a doppio senso;Bagnato (pioggia);Asfaltata;Orizzontale;Pioggia in atto;Normale;Buona;Ore Diurne;0;0;0;2;12.4537;41.8785;-1;1;Autovettura privata;In marcia / fermata / arresto;Conducente;F;Illeso;0;;Non accertato;Inesploso