Protocollo;Gruppo;DataOraIncidente;Localizzazione1;STRADA1;Localizzazione2;STRADA2;Strada02;Chilometrica;DaSpecificare;NaturaIncidente;particolaritastrade;TipoStrada;FondoStradale;Pavimentazione;Segnaletica;CondizioneAtmosferica;Traffico;Visibilita;Illuminazione;NUM_FERITI;NUM_RISERVATA;NUM_MORTI;NUM_ILLESI;Longitudine;Latitudine;Confermato;Progressivo;TipoVeicolo;StatoVeicolo;TipoPersona;Sesso;Tipolesione;Deceduto;DecedutoDopo;CinturaCascoUtilizzato;Airbag;
4155221;5;27/12/2018 18:00:00;Strada Urbana;VIA DELLA TENUTA DEL CAVALIERE;all'intersezione con;VIA OSTERIA DELLE CAPANNACCE;VIA OSTERIA DELLE CAPANNACCE;;;Scontro frontale/laterale DX fra veicoli in marcia;Incrocio;Una carreggiata a doppio senso;Asciutto;Asfaltata;Verticale ed orizzontale;Sereno;Scarso;Insufficiente;Insufficiente;1;0;0;1;12.6546;41.937;-1;2;Motociclo a solo;In marcia / fermata / arresto;Conducente;M;Rimandato;0;NON DECEDUTO;Non accertato;
4155222;5;27/12/2018 22:40:00;Strada Urbana;VIA BELMONTE IN SABINA;all'intersezione con;VIA DI S. ALESSANDRO;VIA DI S. ALESSANDRO;;;Scontro frontale/laterale DX fra veicoli in marcia;Intersezione stradale segnalata;Una carreggiata a doppio senso;Asciutto;Asfaltata;Verticale ed orizzontale;Sereno;Normale;Sufficiente;Sufficiente;1;0;0;2;12.5985;41.9489;-1;1;Autovettura privata;In marcia / fermata / arresto;Conducente;M;Illeso;0;;Non accertato;
4155222;5;27/12/2018 22:40:00;Strada Urbana;VIA BELMONTE IN SABINA;all'intersezione con;VIA DI S. ALESSANDRO;VIA DI S. ALESSANDRO;;;Scontro frontale/laterale DX fra veicoli in marcia;Intersezione stradale segnalata;Una carreggiata a doppio senso;Asciutto;Asfaltata;Verticale ed orizzontale;Sereno;Normale;Sufficiente;Sufficiente;1;0;0;2;12.5985;41.9489;-1;2;Autovettura privata;In marcia / fermata / arresto;Conducente;F;Rimandato;0;NON DECEDUTO;Non accertato;
4155222;5;27/12/2018 22:40:00;Strada Urbana;VIA BELMONTE IN SABINA;all'intersezione con;VIA DI S. ALESSANDRO;VIA DI S. ALESSANDRO;;;Scontro frontale/laterale DX fra veicoli in marcia;Intersezione stradale segnalata;Una carreggiata a doppio senso;Asciutto;Asfaltata;Verticale ed orizzontale;Sereno;Normale;Sufficiente;Sufficiente;1;0;0;2;12.5985;41.9489;-1;2;Autovettura privata;In marcia / fermata / arresto;Passeggero;M;Illeso;0;;Non accertato;
4155232;5;27/12/2018 19:30:00;Strada Urbana;VIA BELMONTE IN SABINA;da specificare;;;;100 mt dopo uscita gra direzione centrale del latt;Tamponamento Multiplo;Rettilineo;Due carreggiate;Asciutto;Asfaltata;Orizzontale;Sereno;Normale;Buona;Sufficiente;1;0;0;2;12.5937;41.9465;-1;1;Autovettura privata;In marcia / fermata / arresto;Conducente;M;Rimandato;0;NON DECEDUTO;Non accertato;
4155232;5;27/12/2018 19:30:00;Strada Urbana;VIA BELMONTE IN SABINA;da specificare;;;;100 mt dopo uscita gra direzione centrale del latt;Tamponamento Multiplo;Rettilineo;Due carreggiate;Asciutto;Asfaltata;Orizzontale;Sereno;Normale;Buona;Sufficiente;1;0;0;2;12.5937;41.9465;-1;2;Autovettura privata;In marcia / fermata / arresto;Conducente;F;Illeso;0;;Non accertato;
4155232;5;27/12/2018 19:30:00;Strada Urbana;VIA BELMONTE IN SABINA;da specificare;;;;100 mt dopo uscita gra direzione centrale del latt;Tamponamento Multiplo;Rettilineo;Due carreggiate;Asciutto;Asfaltata;Orizzontale;Sereno;Normale;Buona;Sufficiente;1;0;0;2;12.5937;41.9465;-1;3;Autovettura privata;In marcia / fermata / arresto;Conducente;M;Illeso;0;;Non accertato;
4155237;5;27/12/2018 18:40:00;Strada Urbana;VIA DI PORTONACCIO;all'intersezione con;VIA BALDASSARRE ORERO;VIA BALDASSARRE ORERO;;;Scontro frontale/laterale DX fra veicoli in marcia;Incrocio;Una carreggiata a doppio senso;Asciutto;Asfaltata;Verticale ed orizzontale;Sereno;Normale;Buona;Sufficiente;2;0;0;0;12.5388;41.8983;-1;1;Autovettura privata;In marcia / fermata / arresto;Conducente;F;Rimandato;0;NON DECEDUTO;Non accertato;Inesploso
4155237;5;27/12/2018 18:40:00;Strada Urbana;VIA DI PORTONACCIO;all'intersezione con;VIA BALDASSARRE ORERO;VIA BALDASSARRE ORERO;;;Scontro frontale/laterale DX fra veicoli in marcia;Incrocio;Una carreggiata a doppio senso;Asciutto;Asfaltata;Verticale ed orizzontale;Sereno;Normale;Buona;Sufficiente;2;0;0;0;12.5388;41.8983;-1;2;Motociclo a solo;In marcia / fermata / arresto;Conducente;M;Rimandato;0;NON DECEDUTO;Non accertato;
4155238;1;27/12/2018 00:55:00;Strada Urbana;VIA EMANUELE FILIBERTO;in corrispondenza;;del civico n.;FR. 131;;Veicolo in marcia contro veicoli in sosta;Rettilineo;Una carreggiata a doppio senso;Asciutto;Asfaltata;Verticale ed orizzontale;Sereno;Scarso;Buona;Sufficiente;1;0;0;0;12.5064;41.8905;-1;1;Autovettura privata;In marcia / fermata / arresto;Conducente;F;Rimandato;0;NON DECEDUTO;Non accertato;Esploso
4155238;1;27/12/2018 00:55:00;Strada Urbana;VIA EMANUELE FILIBERTO;in corrispondenza;;del civico n.;FR. 131;;Veicolo in marcia contro veicoli in sosta;Rettilineo;Una carreggiata a doppio senso;Asciutto;Asfaltata;Verticale ed orizzontale;Sereno;Scarso;Buona;Sufficiente;1;0;0;0;12.5064;41.8905;-1;2;Autovettura privata;Sosta;;;;;;;
4155238;1;27/12/2018 00:55:00;Strada Urbana;VIA EMANUELE FILIBERTO;in corrispondenza;;del civico n.;FR. 131;;Veicolo in marcia contro veicoli in sosta;Rettilineo;Una carreggiata a doppio senso;Asciutto;Asfaltata;Verticale ed orizzontale;Sereno;Scarso;Buona;Sufficiente;1;0;0;0;12.5064;41.8905;-1;3;Autovettura privata;Sosta;;;;;;;
4155238;1;27/12/2018 00:55:00;Strada Urbana;VIA EMANUELE FILIBERTO;in corrispondenza;;del civico n.;FR. 131;;Veicolo in marcia contro veicoli in sosta;Rettilineo;Una carreggiata a doppio senso;Asciutto;Asfaltata;Verticale ed orizzontale;Sereno;Scarso;Buona;Sufficiente;1;0;0;0;12.5064;41.8905;-1;4;Autovettura privata;Sosta;;;;;;;
4155238;1;27/12/2018 00:55:00;Strada Urbana;VIA EMANUELE FILIBERTO;in corrispondenza;;del civico n.;FR. 131;;Veicolo in marcia contro veicoli in sosta;Rettilineo;Una carreggiata a doppio senso;Asciutto;Asfaltata;Verticale ed orizzontale;Sereno;Scarso;Buona;Sufficiente;1;0;0;0;12.5064;41.8905;-1;5;Autovettura privata;Sosta;;;;;;;
4155259;4;27/12/2018 15:30:00;Strada Urbana;VIALE JONIO;in prossimità;;del civico n.;176;;Scontro frontale/laterale SX fra veicoli in marcia;Rettilineo;Due carreggiate;Asciutto;Asfaltata;Verticale;Sereno;Normale;Buona;Ore Diurne;0;0;0;2;12.5355;41.9446;-1;1;Autovettura privata;In marcia / fermata / arresto;Conducente;M;Illeso;0;;;
4155259;4;27/12/2018 15:30:00;Strada Urbana;VIALE JONIO;in prossimità;;del civico n.;176;;Scontro frontale/laterale SX fra veicoli in marcia;Rettilineo;Due carreggiate;Asciutto;Asfaltata;Verticale;Sereno;Normale;Buona;Ore Diurne;0;0;0;2;12.5355;41.9446;-1;2;Autovettura privata;In marcia / fermata / arresto;Conducente;M;Illeso;0;;;
4155259;4;27/12/2018 15:30:00;Strada Urbana;VIALE JONIO;in prossimità;;del civico n.;176;;Scontro frontale/laterale SX fra veicoli in marcia;Rettilineo;Due carreggiate;Asciutto;Asfaltata;Verticale;Sereno;Normale;Buona;Ore Diurne;0;0;0;2;12.5355;41.9446;-1;3;Autovettura privata;Sosta;;;;;;;
4155260;20;28/12/2018 07:30:00;Strada Urbana;VICOLO CESANENSE;in prossimità;;del palo luce n.;62;;Veicolo in marcia contro ostacolo accidentale;Rettilineo;Una carreggiata a doppio senso;Ghiacciato;Asfaltata;Orizzontale;Sereno;Normale;Buona;Ore Diurne;1;0;0;0;12.3467;42.0916;-1;1;Autovettura privata;In marcia / fermata / arresto;Conducente;M;Rimandato;0;NON DECEDUTO;Non accertato;Inesploso
4155261;15;28/12/2018 08:35:00;Strada Urbana;VIA LUIGI DASTI;da specificare;;;;altezza sottovia ferroviario;Scontro laterale fra veicoli in marcia;Rettilineo;Una carreggiata a doppio senso;Asciutto;Asfaltata;Verticale;Sereno;Normale;Buona;Ore Diurne;0;0;0;3;12.417;41.8286;-1;1;Autovettura privata;In marcia / fermata / arresto;Conducente;M;Illeso;0;;Non accertato;Inesploso
4155261;15;28/12/2018 08:35:00;Strada Urbana;VIA LUIGI DASTI;da specificare;;;;altezza sottovia ferroviario;Scontro laterale fra veicoli in marcia;Rettilineo;Una carreggiata a doppio senso;Asciutto;Asfaltata;Verticale;Sereno;Normale;Buona;Ore Diurne;0;0;0;3;12.417;41.8286;-1;2;Autovettura privata;In marcia / fermata / arresto;Conducente;M;Illeso;0;;Non accertato;Inesploso
4155261;15;28/12/2018 08:35:00;Strada Urbana;VIA LUIGI DASTI;da specificare;;;;altezza sottovia ferroviario;Scontro laterale fra veicoli in marcia;Rettilineo;Una carreggiata a doppio senso;Asciutto;Asfaltata;Verticale;Sereno;Normale;Buona;Ore Diurne;0;0;0;3;12.417;41.8286;-1;2;Autovettura privata;In marcia / fermata / arresto;Passeggero;F;Illeso;0;;Non accertato;Inesploso
4155282;6;28/12/2018 08:50:00;Strada Urbana;VIALE DELLA VENEZIA GIULIA;all'intersezione con;VIA COLLATINA;VIA COLLATINA;;;Scontro frontale/laterale DX fra veicoli in marcia;Incrocio;Due carreggiate;Asciutto;Asfaltata;Verticale ed orizzontale;Sereno;Normale;Buona;Ore Diurne;0;0;0;4;12.5626;41.8977;-1;1;Autocarro inferiore 35 q.;In marcia / fermata / arresto;Conducente;M;Illeso;0;;Non accertato;Inesploso
4155282;6;28/12/2018 08:50:00;Strada Urbana;VIALE DELLA VENEZIA GIULIA;all'intersezione con;VIA COLLATINA;VIA COLLATINA;;;Scontro frontale/laterale DX fra veicoli in marcia;Incrocio;Due carreggiate;Asciutto;Asfaltata;Verticale ed orizzontale;Sereno;Normale;Buona;Ore Diurne;0;0;0;4;12.5626;41.8977;-1;2;Autovettura privata;In marcia / fermata / arresto;Conducente;M;Illeso;0;;Non accertato;Inesploso
4155282;6;28/12/2018 08:50:00;Strada Urbana;VIALE DELLA VENEZIA GIULIA;all'intersezione con;VIA COLLATINA;VIA COLLATINA;;;Scontro frontale/laterale DX fra veicoli in marcia;Incrocio;Due carreggiate;Asciutto;Asfaltata;Verticale ed orizzontale;Sereno;Normale;Buona;Ore Diurne;0;0;0;4;12.5626;41.8977;-1;2;Autovettura privata;In marcia / fermata / arresto;Passeggero;F;Illeso;0;;Non accertato;Inesploso
4155282;6;28/12/2018 08:50:00;Strada Urbana;VIALE DELLA VENEZIA GIULIA;all'intersezione con;VIA COLLATINA;VIA COLLATINA;;;Scontro frontale/laterale DX fra veicoli in marcia;Incrocio;Due carreggiate;Asciutto;Asfaltata;Verticale ed orizzontale;Sereno;Normale;Buona;Ore Diurne;0;0;0;4;12.5626;41.8977;-1;2;Autovettura privata;In marcia / fermata / arresto;Passeggero;M;Illeso;0;;Non accertato;Inesploso
4155288;4;27/12/2018 17:30:00;Strada Urbana;VIA VAL DI SANGRO;da specificare;;;;in corrispondenza di via val padana;Scontro laterale fra veicoli in marcia;Rettilineo;Una carreggiata a doppio senso;Asciutto;Asfaltata;Verticale ed orizzontale;Sereno;Normale;Buona;Sufficiente;1;0;0;2;12.5219;41.9446;-1;1;Autovettura privata;In marcia / fermata / arresto;Conducente;F;Illeso;0;;Non accertato;Inesploso
4155288;4;27/12/2018 17:30:00;Strada Urbana;VIA VAL DI SANGRO;da specificare;;;;in corrispondenza di via val padana;Scontro laterale fra veicoli in marcia;Rettilineo;Una carreggiata a doppio senso;Asciutto;Asfaltata;Verticale ed orizzontale;Sereno;Normale;Buona;Sufficiente;1;0;0;2;12.5219;41.9446;-1;2;Autovettura privata;In marcia / fermata / arresto;Conducente;M;Rimandato;0;NON DECEDUTO;Non accertato;Inesploso
4155288;4;27/12/2018 17:30:00;Strada Urbana;VIA VAL DI SANGRO;da specificare;;;;in corrispondenza di via val padana;Scontro laterale fra veicoli in marcia;Rettilineo;Una carreggiata a doppio senso;Asciutto;Asfaltata;Verticale ed orizzontale;Sereno;Normale;Buona;Sufficiente;1;0;0;2;12.5219;41.9446;-1;2;Autovettura privata;In marcia / fermata / arresto;Passeggero;F;Illeso;0;;Non accertato;Inesploso
4155297;1;24/12/2018 15:00:00;Strada Urbana;PIAZZA DI S. MARIA MAGGIORE;in corrispondenza;;del civico n.;12B;;Investimento di pedone;Rotatoria;Una carreggiata a senso unico di marcia;Asciutto;Asfaltata;Orizzontale;Nuvoloso;Normale;Buona;Ore Diurne;1;0;0;2;12.499;41.897;-1;;;;Pedone;M;Rifiuta cure immediate;0;NON DECEDUTO;;
4155297;1;24/12/2018 15:00:00;Strada Urbana;PIAZZA DI S. MARIA MAGGIORE;in corrispondenza;;del civico n.;12B;;Investimento di pedone;Rotatoria;Una carreggiata a senso unico di marcia;Asciutto;Asfaltata;Orizzontale;Nuvoloso;Normale;Buona;Ore Diurne;1;0;0;2;12.499;41.897;-1;1;Motociclo con passeggero;In marcia / fermata / arresto;Conducente;F;Illeso;0;;Non accertato;
4155297;1;24/12/2018 15:00:00;Strada Urbana;PIAZZA DI S. MARIA MAGGIORE;in corrispondenza;;del civico n.;12B;;Investimento di pedone;Rotatoria;Una carreggiata a senso unico di marcia;Asciutto;Asfaltata;Orizzontale;Nuvoloso;Normale;Buona;Ore Diurne;1;0;0;2;12.499;41.897;-1;1;Motociclo con passeggero;In marcia / fermata / arresto;Passeggero;M;Illeso;0;;Non accertato;
4155308;17;27/12/2018 13:30:00;Strada Urbana;VIALE DELLE MILIZIE;all'intersezione semaforizzata con;VIA BARLETTA;VIA BARLETTA;;;Scontro frontale/laterale SX fra veicoli in marcia;Incrocio;Una carreggiata a doppio senso;Asciutto;Asfaltata;Verticale ed orizzontale;Sereno;Normale;Buona;Ore Diurne;0;0;0;2;12.4579;41.9112;-1;1;Autovettura privata;In marcia / fermata / arresto;Conducente;M;Illeso;0;;;
4155308;17;27/12/2018 13:30:00;Strada Urbana;VIALE DELLE MILIZIE;all'intersezione semaforizzata con;VIA BARLETTA;VIA BARLETTA;;;Scontro frontale/laterale SX fra veicoli in marcia;Incrocio;Una carreggiata a doppio senso;Asciutto;Asfaltata;Verticale ed orizzontale;Sereno;Normale;Buona;Ore Diurne;0;0;0;2;12.4579;41.9112;-1;2;Motociclo a solo;In marcia / fermata / arresto;Conducente;M;Illeso;0;;;
4155311;1;25/12/2018 00:40:00;Strada Urbana;VIA DELL'UMILTA';all'intersezione con;VIA DELLE VERGINI;VIA DELLE VERGINI;;;Investimento di pedone;Intersezione stradale segnalata;Una carreggiata a senso unico di marcia;Asciutto;Asfaltata;Assente;Sereno;Scarso;Insufficiente;Inesistente;1;0;0;1;12.4825;41.8995;-1;;;;Pedone;M;Rimandato;0;NON DECEDUTO;;
4155311;1;25/12/2018 00:40:00;Strada Urbana;VIA DELL'UMILTA';all'intersezione con;VIA DELLE VERGINI;VIA DELLE VERGINI;;;Investimento di pedone;Intersezione stradale segnalata;Una carreggiata a senso unico di marcia;Asciutto;Asfaltata;Assente;Sereno;Scarso;Insufficiente;Inesistente;1;0;0;1;12.4825;41.8995;-1;1;Autovettura privata;In marcia / fermata / arresto;Conducente;M;Illeso;0;;Non accertato;
4155316;18;27/12/2018 14:40:00;Strada Urbana;VIALE DI VALLE AURELIA;all'intersezione con;VIA ETTORE STAMPINI;VIA ETTORE STAMPINI;;;Veicolo in marcia contro veicoli in sosta;Intersezione stradale segnalata;Più di due carreggiate;Asciutto;Asfaltata;Verticale;Sereno;Scarso;Buona;Ore Diurne;1;0;0;1;12.437;41.9041;-1;1;Quadriciclo leggero;In marcia / fermata / arresto;Conducente;M;Illeso;0;;;
4155316;18;27/12/2018 14:40:00;Strada Urbana;VIALE DI VALLE AURELIA;all'intersezione con;VIA ETTORE STAMPINI;VIA ETTORE STAMPINI;;;Veicolo in marcia contro veicoli in sosta;Intersezione stradale segnalata;Più di due carreggiate;Asciutto;Asfaltata;Verticale;Sereno;Scarso;Buona;Ore Diurne;1;0;0;1;12.437;41.9041;-1;1;Quadriciclo leggero;In marcia / fermata / arresto;Passeggero;F;Rimandato;0;NON DECEDUTO;;
4155316;18;27/12/2018 14:40:00;Strada Urbana;VIALE DI VALLE AURELIA;all'intersezione con;VIA ETTORE STAMPINI;VIA ETTORE STAMPINI;;;Veicolo in marcia contro veicoli in sosta;Intersezione stradale segnalata;Più di due carreggiate;Asciutto;Asfaltata;Verticale;Sereno;Scarso;Buona;Ore Diurne;1;0;0;1;12.437;41.9041;-1;2;Autovettura privata;Sosta;;;;;;;
4155316;18;27/12/2018 14:40:00;Strada Urbana;VIALE DI VALLE AURELIA;all'intersezione con;VIA ETTORE STAMPINI;VIA ETTORE STAMPINI;;;Veicolo in marcia contro veicoli in sosta;Intersezione stradale segnalata;Più di due carreggiate;Asciutto;Asfaltata;Verticale;Sereno;Scarso;Buona;Ore Diurne;1;0;0;1;12.437;41.9041;-1;3;Autovettura privata;Sosta;;;;;;;
4155324;9;27/12/2018 04:00:00;Strada Urbana;VIA ACAIA;in corrispondenza;;del civico n.;31;;Veicolo in marcia contro veicolo in sosta;Rettilineo;Una carreggiata a doppio senso;Asciutto;Asfaltata;Orizzontale;Sereno;Scarso;Buona;Sufficiente;0;0;0;0;12.5084;41.8772;-1;2;Autovettura privata;Sosta;;;;;;;
4155326;3;21/12/2018 10:30:00;Strada Urbana;VIA ANTONIO NIBBY;in prossimità;;del civico n.;4;;Scontro laterale fra veicoli in marcia;Pendenza;Una carreggiata a senso unico di marcia;Bagnato (umidità in atto);Asfaltata;Verticale ed orizzontale;Sereno;Scarso;Buona;Ore Diurne;2;0;0;2;12.5154;41.9181;-1;1;Autovettura privata;In marcia / fermata / arresto;Conducente;M;Illeso;0;;;
4155326;3;21/12/2018 10:30:00;Strada Urbana;VIA ANTONIO NIBBY;in prossimità;;del civico n.;4;;Scontro laterale fra veicoli in marcia;Pendenza;Una carreggiata a senso unico di marcia;Bagnato (umidità in atto);Asfaltata;Verticale ed orizzontale;Sereno;Scarso;Buona;Ore Diurne;2;0;0;2;12.5154;41.9181;-1;1;Autovettura privata;In marcia / fermata / arresto;Passeggero;F;Illeso;0;;;
4155326;3;21/12/2018 10:30:00;Strada Urbana;VIA ANTONIO NIBBY;in prossimità;;del civico n.;4;;Scontro laterale fra veicoli in marcia;Pendenza;Una carreggiata a senso unico di marcia;Bagnato (umidità in atto);Asfaltata;Verticale ed orizzontale;Sereno;Scarso;Buona;Ore Diurne;2;0;0;2;12.5154;41.9181;-1;2;Motociclo con passeggero;In marcia / fermata / arresto;Conducente;M;Rimandato;0;NON DECEDUTO;Non accertato;
4155326;3;21/12/2018 10:30:00;Strada Urbana;VIA ANTONIO NIBBY;in prossimità;;del civico n.;4;;Scontro laterale fra veicoli in marcia;Pendenza;Una carreggiata a senso unico di marcia;Bagnato (umidità in atto);Asfaltata;Verticale ed orizzontale;Sereno;Scarso;Buona;Ore Diurne;2;0;0;2;12.5154;41.9181;-1;2;Motociclo con passeggero;In marcia / fermata / arresto;Passeggero;F;Rimandato;0;NON DECEDUTO;;
4155329;1;25/12/2018 12:30:00;Strada Urbana;VIA CRISTOFORO COLOMBO;da specificare;;;;DIREZIONE CENTRO ALT VIA CILICIA;Tamponamento Multiplo;Rettilineo;Più di due carreggiate;Asciutto;Asfaltata;Orizzontale;Sereno;Normale;Buona;Ore Diurne;1;0;0;8;12.4965;41.8714;-1;1;Autovettura privata;In marcia / fermata / arresto;Conducente;F;Rimandato;0;NON DECEDUTO;Non accertato;Inesploso
4155329;1;25/12/2018 12:30:00;Strada Urbana;VIA CRISTOFORO COLOMBO;da specificare;;;;DIREZIONE CENTRO ALT VIA CILICIA;Tamponamento Multiplo;Rettilineo;Più di due carreggiate;Asciutto;Asfaltata;Orizzontale;Sereno;Normale;Buona;Ore Diurne;1;0;0;8;12.4965;41.8714;-1;2;Autovettura privata;In marcia / fermata / arresto;Conducente;M;Illeso;0;;Non accertato;
4155329;1;25/12/2018 12:30:00;Strada Urbana;VIA CRISTOFORO COLOMBO;da specificare;;;;DIREZIONE CENTRO ALT VIA CILICIA;Tamponamento Multiplo;Rettilineo;Più di due carreggiate;Asciutto;Asfaltata;Orizzontale;Sereno;Normale;Buona;Ore Diurne;1;0;0;8;12.4965;41.8714;-1;2;Autovettura privata;In marcia / fermata / arresto;Passeggero;M;Illeso;0;;Non accertato;
4155329;1;25/12/2018 12:30:00;Strada Urbana;VIA CRISTOFORO COLOMBO;da specificare;;;;DIREZIONE CENTRO ALT VIA CILICIA;Tamponamento Multiplo;Rettilineo;Più di due carreggiate;Asciutto;Asfaltata;Orizzontale;Sereno;Normale;Buona;Ore Diurne;1;0;0;8;12.4965;41.8714;-1;2;Autovettura privata;In marcia / fermata / arresto;Passeggero;F;Illeso;0;;Non accertato;Inesploso
4155329;1;25/12/2018 12:30:00;Strada Urbana;VIA CRISTOFORO COLOMBO;da specificare;;;;DIREZIONE CENTRO ALT VIA CILICIA;Tamponamento Multiplo;Rettilineo;Più di due carreggiate;Asciutto;Asfaltata;Orizzontale;Sereno;Normale;Buona;Ore Diurne;1;0;0;8;12.4965;41.8714;-1;2;Autovettura privata;In marcia / fermata / arresto;Passeggero;F;Illeso;0;;Non accertato;Inesploso
4155329;1;25/12/2018 12:30:00;Strada Urbana;VIA CRISTOFORO COLOMBO;da specificare;;;;DIREZIONE CENTRO ALT VIA CILICIA;Tamponamento Multiplo;Rettilineo;Più di due carreggiate;Asciutto;Asfaltata;Orizzontale;Sereno;Normale;Buona;Ore Diurne;1;0;0;8;12.4965;41.8714;-1;2;Autovettura privata;In marcia / fermata / arresto;Passeggero;F;Illeso;0;;Non accertato;
4155329;1;25/12/2018 12:30:00;Strada Urbana;VIA CRISTOFORO COLOMBO;da specificare;;;;DIREZIONE CENTRO ALT VIA CILICIA;Tamponamento Multiplo;Rettilineo;Più di due carreggiate;Asciutto;Asfaltata;Orizzontale;Sereno;Normale;Buona;Ore Diurne;1;0;0;8;12.4965;41.8714;-1;3;Autovettura privata;In marcia / fermata / arresto;Conducente;M;Illeso;0;;Non accertato;
4155329;1;25/12/2018 12:30:00;Strada Urbana;VIA CRISTOFORO COLOMBO;da specificare;;;;DIREZIONE CENTRO ALT VIA CILICIA;Tamponamento Multiplo;Rettilineo;Più di due carreggiate;Asciutto;Asfaltata;Orizzontale;Sereno;Normale;Buona;Ore Diurne;1;0;0;8;12.4965;41.8714;-1;3;Autovettura privata;In marcia / fermata / arresto;Passeggero;F;Illeso;0;;Non accertato;
4155329;1;25/12/2018 12:30:00;Strada Urbana;VIA CRISTOFORO COLOMBO;da specificare;;;;DIREZIONE CENTRO ALT VIA CILICIA;Tamponamento Multiplo;Rettilineo;Più di due carreggiate;Asciutto;Asfaltata;Orizzontale;Sereno;Normale;Buona;Ore Diurne;1;0;0;8;12.4965;41.8714;-1;3;Autovettura privata;In marcia / fermata / arresto;Passeggero;M;Illeso;0;;Non accertato;
4155336;17;27/12/2018 09:30:00;Strada Urbana;LUNGOTEVERE DELLE ARMI;in prossimità;;del civico n.;12;;Scontro laterale fra veicoli in marcia;Rettilineo;Una carreggiata a senso unico di marcia;Asciutto;Asfaltata;Verticale ed orizzontale;Sereno;Normale;Buona;Ore Diurne;0;0;0;4;;;0;1;Autovettura privata;In marcia / fermata / arresto;Conducente;M;Illeso;0;;;
4155336;17;27/12/2018 09:30:00;Strada Urbana;LUNGOTEVERE DELLE ARMI;in prossimità;;del civico n.;12;;Scontro laterale fra veicoli in marcia;Rettilineo;Una carreggiata a senso unico di marcia;Asciutto;Asfaltata;Verticale ed orizzontale;Sereno;Normale;Buona;Ore Diurne;0;0;0;4;;;0;1;Autovettura privata;In marcia / fermata / arresto;Passeggero;M;Illeso;0;;;
4155336;17;27/12/2018 09:30:00;Strada Urbana;LUNGOTEVERE DELLE ARMI;in prossimità;;del civico n.;12;;Scontro laterale fra veicoli in marcia;Rettilineo;Una carreggiata a senso unico di marcia;Asciutto;Asfaltata;Verticale ed orizzontale;Sereno;Normale;Buona;Ore Diurne;0;0;0;4;;;0;1;Autovettura privata;In marcia / fermata / arresto;Passeggero;F;Illeso;0;;;
4155336;17;27/12/2018 09:30:00;Strada Urbana;LUNGOTEVERE DELLE ARMI;in prossimità;;del civico n.;12;;Scontro laterale fra veicoli in marcia;Rettilineo;Una carreggiata a senso unico di marcia;Asciutto;Asfaltata;Verticale ed orizzontale;Sereno;Normale;Buona;Ore Diurne;0;0;0;4;;;0;2;Motociclo a solo;In marcia / fermata / arresto;Conducente;M;Illeso;0;;;
4155338;3;23/12/2018 03:05:00;Strada Urbana;VIALE DELLO SCALO S. LORENZO;in prossimità;;del civico n.;81;;Veicolo in marcia contro veicoli in sosta;Rettilineo;Due carreggiate;Bagnato (pioggia);Asfaltata;Verticale ed orizzontale;Sereno;Scarso;Sufficiente;Sufficiente;0;0;0;0;12.5195;41.8972;-1;1;Autovettura privata;Sosta;;;;;;;
4155338;3;23/12/2018 03:05:00;Strada Urbana;VIALE DELLO SCALO S. LORENZO;in prossimità;;del civico n.;81;;Veicolo in marcia contro veicoli in sosta;Rettilineo;Due carreggiate;Bagnato (pioggia);Asfaltata;Verticale ed orizzontale;Sereno;Scarso;Sufficiente;Sufficiente;0;0;0;0;12.5195;41.8972;-1;2;Autovettura privata;Sosta;;;;;;;
4155338;3;23/12/2018 03:05:00;Strada Urbana;VIALE DELLO SCALO S. LORENZO;in prossimità;;del civico n.;81;;Veicolo in marcia contro veicoli in sosta;Rettilineo;Due carreggiate;Bagnato (pioggia);Asfaltata;Verticale ed orizzontale;Sereno;Scarso;Sufficiente;Sufficiente;0;0;0;0;12.5195;41.8972;-1;3;Autovettura privata;Allontanatosi;;;;;;;
4155341;4;27/12/2018 21:25:00;Strada Urbana;VIA FRANCO SACCHETTI;in corrispondenza;;del civico n.;110;;Scontro frontale/laterale SX fra veicoli in marcia;Rettilineo;Una carreggiata a doppio senso;Asciutto;Asfaltata;Assente;Sereno;Scarso;Sufficiente;Sufficiente;1;0;0;1;12.5445;41.9483;-1;1;Autovettura privata;In marcia / fermata / arresto;Conducente;F;Illeso;0;;;
4155341;4;27/12/2018 21:25:00;Strada Urbana;VIA FRANCO SACCHETTI;in corrispondenza;;del civico n.;110;;Scontro frontale/laterale SX fra veicoli in marcia;Rettilineo;Una carreggiata a doppio senso;Asciutto;Asfaltata;Assente;Sereno;Scarso;Sufficiente;Sufficiente;1;0;0;1;12.5445;41.9483;-1;2;Motociclo a solo;In marcia / fermata / arresto;Conducente;M;Rimandato;0;NON DECEDUTO;;
4155350;3;21/12/2018 11:43:00;Strada Urbana;VIA NOMENTANA;in prossimità;;del civico n.;261A;;Tamponamento Multiplo;Rettilineo;Più di due carreggiate;Asciutto;Asfaltata;Verticale ed orizzontale;Sereno;Intenso;Buona;Ore Diurne;1;0;0;2;12.5094;41.9151;-1;1;Autovettura privata;In marcia / fermata / arresto;Conducente;M;Illeso;0;;Non accertato;Inesploso
4155350;3;21/12/2018 11:43:00;Strada Urbana;VIA NOMENTANA;in prossimità;;del civico n.;261A;;Tamponamento Multiplo;Rettilineo;Più di due carreggiate;Asciutto;Asfaltata;Verticale ed orizzontale;Sereno;Intenso;Buona;Ore Diurne;1;0;0;2;12.5094;41.9151;-1;2;Autovettura privata;In marcia / fermata / arresto;Conducente;M;Rimandato;0;NON DECEDUTO;Non accertato;Inesploso