Protocollo;Gruppo;DataOraIncidente;Localizzazione1;STRADA1;Localizzazione2;STRADA2;Strada02;Chilometrica;DaSpecificare;NaturaIncidente;particolaritastrade;TipoStrada;FondoStradale;Pavimentazione;Segnaletica;CondizioneAtmosferica;Traffico;Visibilita;Illuminazione;NUM_FERITI;NUM_RISERVATA;NUM_MORTI;NUM_ILLESI;Longitudine;Latitudine;Confermato;Progressivo;TipoVeicolo;StatoVeicolo;TipoPersona;Sesso;Tipolesione;Deceduto;DecedutoDopo;CinturaCascoUtilizzato;Airbag;
4158064;1;27/12/2018 19:15:00;Strada Urbana;VIA DEL TRITONE;all'intersezione con;VIA DEL TRAFORO;VIA DEL TRAFORO;;;Scontro frontale/laterale DX fra veicoli in marcia;Incrocio;Una carreggiata a senso unico di marcia;Asciutto;Asfaltata;Assente;Sereno;Intenso;Buona;Ore Diurne;0;0;0;1;12.4852;41.9027;-1;1;Motociclo a solo;In marcia / fermata / arresto;Conducente;M;Illeso;0;;;
4158064;1;27/12/2018 19:15:00;Strada Urbana;VIA DEL TRITONE;all'intersezione con;VIA DEL TRAFORO;VIA DEL TRAFORO;;;Scontro frontale/laterale DX fra veicoli in marcia;Incrocio;Una carreggiata a senso unico di marcia;Asciutto;Asfaltata;Assente;Sereno;Intenso;Buona;Ore Diurne;0;0;0;1;12.4852;41.9027;-1;2;Motociclo a solo;In marcia / fermata / arresto;;;;;;;
4158072;4;29/12/2018 11:15:00;Strada Urbana;VIA GENERALE ROBERTO BENCIVENGA;in prossimità;;del civico n.;60/62;;Investimento di pedone;Rettilineo;Una carreggiata a senso unico di marcia;Asciutto;Asfaltata;Verticale ed orizzontale;Sereno;Scarso;Buona;Ore Diurne;1;0;0;0;12.5285;41.9301;-1;;;;Pedone;F;Rimandato;0;NON DECEDUTO;;
4158072;4;29/12/2018 11:15:00;Strada Urbana;VIA GENERALE ROBERTO BENCIVENGA;in prossimità;;del civico n.;60/62;;Investimento di pedone;Rettilineo;Una carreggiata a senso unico di marcia;Asciutto;Asfaltata;Verticale ed orizzontale;Sereno;Scarso;Buona;Ore Diurne;1;0;0;0;12.5285;41.9301;-1;1;Velocipede;Allontanatosi;;;;;;;
4158074;13;30/12/2018 20:15:00;Strada Urbana;VIA GABRIELE TORREMUZZA;in prossimità;;del civico n.;121;;Veicolo in marcia contro veicoli in sosta;Curva a visuale libera;Una carreggiata a doppio senso;Asciutto;Asfaltata;Assente;Sereno;Scarso;Sufficiente;Sufficiente;0;0;0;1;12.3054;41.7659;-1;1;Autovettura privata;Sosta;;;;;;;
4158074;13;30/12/2018 20:15:00;Strada Urbana;VIA GABRIELE TORREMUZZA;in prossimità;;del civico n.;121;;Veicolo in marcia contro veicoli in sosta;Curva a visuale libera;Una carreggiata a doppio senso;Asciutto;Asfaltata;Assente;Sereno;Scarso;Sufficiente;Sufficiente;0;0;0;1;12.3054;41.7659;-1;2;Autovettura privata;In marcia / fermata / arresto;Conducente;M;Illeso;0;;Non accertato;
4158074;13;30/12/2018 20:15:00;Strada Urbana;VIA GABRIELE TORREMUZZA;in prossimità;;del civico n.;121;;Veicolo in marcia contro veicoli in sosta;Curva a visuale libera;Una carreggiata a doppio senso;Asciutto;Asfaltata;Assente;Sereno;Scarso;Sufficiente;Sufficiente;0;0;0;1;12.3054;41.7659;-1;3;Autovettura privata;Sosta;;;;;;;
4158080;1;30/12/2018 16:00:00;Strada Urbana;VIA DI S. ALESSIO;in prossimità;;del civico n.;8;;Veicolo in marcia contro veicolo in sosta;Rettilineo;Una carreggiata a senso unico di marcia;Asciutto;Asfaltata;Verticale;Sereno;Scarso;Buona;Ore Diurne;0;0;0;0;12.4802;41.8826;-1;1;Autovettura privata;Sosta;;;;;;;
4158083;19;29/12/2018 10:40:00;Strada Urbana;VIA GIAMBATTISTA SORIA;in prossimità;;del civico n.;73;;Scontro frontale/laterale SX fra veicoli in marcia;Rettilineo;Una carreggiata a senso unico di marcia;Asciutto;Asfaltata;Verticale;Sereno;Scarso;Buona;Ore Diurne;0;0;0;3;12.4115;41.9061;-1;1;Autovettura privata;In marcia / fermata / arresto;Conducente;M;Illeso;0;;Non accertato;Inesploso
4158083;19;29/12/2018 10:40:00;Strada Urbana;VIA GIAMBATTISTA SORIA;in prossimità;;del civico n.;73;;Scontro frontale/laterale SX fra veicoli in marcia;Rettilineo;Una carreggiata a senso unico di marcia;Asciutto;Asfaltata;Verticale;Sereno;Scarso;Buona;Ore Diurne;0;0;0;3;12.4115;41.9061;-1;1;Autovettura privata;In marcia / fermata / arresto;Passeggero;M;Illeso;0;;Non accertato;Inesploso
4158083;19;29/12/2018 10:40:00;Strada Urbana;VIA GIAMBATTISTA SORIA;in prossimità;;del civico n.;73;;Scontro frontale/laterale SX fra veicoli in marcia;Rettilineo;Una carreggiata a senso unico di marcia;Asciutto;Asfaltata;Verticale;Sereno;Scarso;Buona;Ore Diurne;0;0;0;3;12.4115;41.9061;-1;2;Autocarro inferiore 35 q.;In marcia / fermata / arresto;Conducente;M;Illeso;0;;Non accertato;Inesploso
4158085;4;28/12/2018 19:20:00;Strada Urbana;VIA DELLE ISOLE CURZOLANE;all'intersezione con;VIA MONTE PETRELLA;VIA MONTE PETRELLA;;;Scontro frontale/laterale SX fra veicoli in marcia;Intersezione stradale segnalata;Due carreggiate;Asciutto;Asfaltata;Orizzontale;Sereno;Normale;Buona;Sufficiente;1;0;0;4;12.5316;41.9489;-1;1;Autovettura privata;In marcia / fermata / arresto;Conducente;M;Rifiuta cure immediate;0;NON DECEDUTO;Non accertato;Inesploso
4158085;4;28/12/2018 19:20:00;Strada Urbana;VIA DELLE ISOLE CURZOLANE;all'intersezione con;VIA MONTE PETRELLA;VIA MONTE PETRELLA;;;Scontro frontale/laterale SX fra veicoli in marcia;Intersezione stradale segnalata;Due carreggiate;Asciutto;Asfaltata;Orizzontale;Sereno;Normale;Buona;Sufficiente;1;0;0;4;12.5316;41.9489;-1;1;Autovettura privata;In marcia / fermata / arresto;Passeggero;M;Illeso;0;;;
4158085;4;28/12/2018 19:20:00;Strada Urbana;VIA DELLE ISOLE CURZOLANE;all'intersezione con;VIA MONTE PETRELLA;VIA MONTE PETRELLA;;;Scontro frontale/laterale SX fra veicoli in marcia;Intersezione stradale segnalata;Due carreggiate;Asciutto;Asfaltata;Orizzontale;Sereno;Normale;Buona;Sufficiente;1;0;0;4;12.5316;41.9489;-1;2;Autovettura privata;In marcia / fermata / arresto;Conducente;M;Illeso;0;;;
4158085;4;28/12/2018 19:20:00;Strada Urbana;VIA DELLE ISOLE CURZOLANE;all'intersezione con;VIA MONTE PETRELLA;VIA MONTE PETRELLA;;;Scontro frontale/laterale SX fra veicoli in marcia;Intersezione stradale segnalata;Due carreggiate;Asciutto;Asfaltata;Orizzontale;Sereno;Normale;Buona;Sufficiente;1;0;0;4;12.5316;41.9489;-1;2;Autovettura privata;In marcia / fermata / arresto;Passeggero;F;Illeso;0;;;
4158085;4;28/12/2018 19:20:00;Strada Urbana;VIA DELLE ISOLE CURZOLANE;all'intersezione con;VIA MONTE PETRELLA;VIA MONTE PETRELLA;;;Scontro frontale/laterale SX fra veicoli in marcia;Intersezione stradale segnalata;Due carreggiate;Asciutto;Asfaltata;Orizzontale;Sereno;Normale;Buona;Sufficiente;1;0;0;4;12.5316;41.9489;-1;2;Autovettura privata;In marcia / fermata / arresto;Passeggero;M;Illeso;0;;;
4158095;6;31/12/2018 09:00:00;Strada Urbana;VIA TEANO;in prossimità;;del civico n.;50;;Scontro laterale fra veicoli in marcia;Curva a visuale libera;Una carreggiata a doppio senso;Asciutto;Asfaltata;Orizzontale;Sereno;Normale;Buona;Ore Diurne;0;0;0;3;12.5489;41.8894;-1;1;Macchina operatrice;In marcia / fermata / arresto;Conducente;M;Illeso;0;;Non accertato;Inesploso
4158095;6;31/12/2018 09:00:00;Strada Urbana;VIA TEANO;in prossimità;;del civico n.;50;;Scontro laterale fra veicoli in marcia;Curva a visuale libera;Una carreggiata a doppio senso;Asciutto;Asfaltata;Orizzontale;Sereno;Normale;Buona;Ore Diurne;0;0;0;3;12.5489;41.8894;-1;1;Macchina operatrice;In marcia / fermata / arresto;Passeggero;F;Illeso;0;;Non accertato;Inesploso
4158095;6;31/12/2018 09:00:00;Strada Urbana;VIA TEANO;in prossimità;;del civico n.;50;;Scontro laterale fra veicoli in marcia;Curva a visuale libera;Una carreggiata a doppio senso;Asciutto;Asfaltata;Orizzontale;Sereno;Normale;Buona;Ore Diurne;0;0;0;3;12.5489;41.8894;-1;2;Autocarro inferiore 35 q.;In marcia / fermata / arresto;Conducente;M;Illeso;0;;Non accertato;Inesploso
4158107;13;30/12/2018 20:45:00;Strada Urbana;VIALE DEI ROMAGNOLI;da specificare;;;;altezza fabbrica "Caffè Scolastici";Scontro laterale fra veicoli in marcia;Rettilineo;Una carreggiata a doppio senso;Asciutto;Asfaltata;Orizzontale;Sereno;Normale;Sufficiente;Sufficiente;0;0;0;2;12.3224;41.7691;-1;1;Autovettura privata;In marcia / fermata / arresto;Conducente;F;Illeso;0;;Non accertato;
4158107;13;30/12/2018 20:45:00;Strada Urbana;VIALE DEI ROMAGNOLI;da specificare;;;;altezza fabbrica "Caffè Scolastici";Scontro laterale fra veicoli in marcia;Rettilineo;Una carreggiata a doppio senso;Asciutto;Asfaltata;Orizzontale;Sereno;Normale;Sufficiente;Sufficiente;0;0;0;2;12.3224;41.7691;-1;2;Autovettura privata;In marcia / fermata / arresto;Conducente;M;Illeso;0;;Non accertato;
4158108;4;28/12/2018 17:50:00;Strada Urbana;VIA DI VILLA SPADA;da specificare;;;;rotatoria al civico 321;Veicolo in marcia contro veicolo in sosta;Rotatoria;Una carreggiata a doppio senso;Asciutto;Asfaltata;Assente;Sereno;Scarso;Sufficiente;Sufficiente;0;0;0;1;12.5072;41.966;-1;1;Autovettura privata;In marcia / fermata / arresto;Conducente;M;Illeso;0;;;
4158108;4;28/12/2018 17:50:00;Strada Urbana;VIA DI VILLA SPADA;da specificare;;;;rotatoria al civico 321;Veicolo in marcia contro veicolo in sosta;Rotatoria;Una carreggiata a doppio senso;Asciutto;Asfaltata;Assente;Sereno;Scarso;Sufficiente;Sufficiente;0;0;0;1;12.5072;41.966;-1;2;Autovettura privata;Sosta;;;;;;;
4158117;4;29/12/2018 22:30:00;Statale entro l'abitato;VIA SALARIA;da specificare;;;;civ 1069 RAMPA MOTORIZZAZIONE DIR ROMA;Veicolo in marcia contro ostacolo fisso;Rettilineo;Due carreggiate;Asciutto;Asfaltata;Assente;Sereno;Normale;Buona;Inesistente;0;0;0;1;12.5116;41.9875;-1;1;Autovettura privata;In marcia / fermata / arresto;Conducente;F;Illeso;0;;Non accertato;Inesploso
4158117;4;29/12/2018 22:30:00;Statale entro l'abitato;VIA SALARIA;da specificare;;;;civ 1069 RAMPA MOTORIZZAZIONE DIR ROMA;Veicolo in marcia contro ostacolo fisso;Rettilineo;Due carreggiate;Asciutto;Asfaltata;Assente;Sereno;Normale;Buona;Inesistente;0;0;0;1;12.5116;41.9875;-1;2;Autobus turistico;Sosta;;;;;;;
4158121;17;29/12/2018 21:10:00;Strada Urbana;VIA LA SPEZIA;all'intersezione con;VIA MONZA;VIA MONZA;;;Scontro laterale fra veicoli in marcia;Incrocio;Una carreggiata a doppio senso;Asciutto;Asfaltata;Verticale ed orizzontale;Sereno;Normale;Sufficiente;Sufficiente;2;0;0;5;12.5153;41.8863;-1;;;;Pedone;F;Rimandato;0;NON DECEDUTO;;
4158121;17;29/12/2018 21:10:00;Strada Urbana;VIA LA SPEZIA;all'intersezione con;VIA MONZA;VIA MONZA;;;Scontro laterale fra veicoli in marcia;Incrocio;Una carreggiata a doppio senso;Asciutto;Asfaltata;Verticale ed orizzontale;Sereno;Normale;Sufficiente;Sufficiente;2;0;0;5;12.5153;41.8863;-1;1;Autovettura privata;In marcia / fermata / arresto;Conducente;M;Illeso;0;;;
4158121;17;29/12/2018 21:10:00;Strada Urbana;VIA LA SPEZIA;all'intersezione con;VIA MONZA;VIA MONZA;;;Scontro laterale fra veicoli in marcia;Incrocio;Una carreggiata a doppio senso;Asciutto;Asfaltata;Verticale ed orizzontale;Sereno;Normale;Sufficiente;Sufficiente;2;0;0;5;12.5153;41.8863;-1;1;Autovettura privata;In marcia / fermata / arresto;Passeggero;M;Illeso;0;;;
4158121;17;29/12/2018 21:10:00;Strada Urbana;VIA LA SPEZIA;all'intersezione con;VIA MONZA;VIA MONZA;;;Scontro laterale fra veicoli in marcia;Incrocio;Una carreggiata a doppio senso;Asciutto;Asfaltata;Verticale ed orizzontale;Sereno;Normale;Sufficiente;Sufficiente;2;0;0;5;12.5153;41.8863;-1;1;Autovettura privata;In marcia / fermata / arresto;Passeggero;M;Illeso;0;;;
4158121;17;29/12/2018 21:10:00;Strada Urbana;VIA LA SPEZIA;all'intersezione con;VIA MONZA;VIA MONZA;;;Scontro laterale fra veicoli in marcia;Incrocio;Una carreggiata a doppio senso;Asciutto;Asfaltata;Verticale ed orizzontale;Sereno;Normale;Sufficiente;Sufficiente;2;0;0;5;12.5153;41.8863;-1;1;Autovettura privata;In marcia / fermata / arresto;Passeggero;F;Illeso;0;;;
4158121;17;29/12/2018 21:10:00;Strada Urbana;VIA LA SPEZIA;all'intersezione con;VIA MONZA;VIA MONZA;;;Scontro laterale fra veicoli in marcia;Incrocio;Una carreggiata a doppio senso;Asciutto;Asfaltata;Verticale ed orizzontale;Sereno;Normale;Sufficiente;Sufficiente;2;0;0;5;12.5153;41.8863;-1;1;Autovettura privata;In marcia / fermata / arresto;Passeggero;F;Illeso;0;;;
4158121;17;29/12/2018 21:10:00;Strada Urbana;VIA LA SPEZIA;all'intersezione con;VIA MONZA;VIA MONZA;;;Scontro laterale fra veicoli in marcia;Incrocio;Una carreggiata a doppio senso;Asciutto;Asfaltata;Verticale ed orizzontale;Sereno;Normale;Sufficiente;Sufficiente;2;0;0;5;12.5153;41.8863;-1;2;Motociclo a solo;In marcia / fermata / arresto;Conducente;M;Rimandato;0;NON DECEDUTO;;
4158137;13;30/12/2018 21:30:00;Strada Urbana;PIAZZA ENRICO MILLO;all'intersezione con;VIA FERDINANDO ACTON;VIA FERDINANDO ACTON;;;Scontro laterale fra veicoli in marcia;Incrocio;Due carreggiate;Asciutto;Asfaltata;Orizzontale;Sereno;Normale;Sufficiente;Sufficiente;0;0;0;4;12.2898;41.7324;-1;1;Autovettura privata;In marcia / fermata / arresto;Conducente;M;Illeso;0;;Non accertato;Inesploso
4158137;13;30/12/2018 21:30:00;Strada Urbana;PIAZZA ENRICO MILLO;all'intersezione con;VIA FERDINANDO ACTON;VIA FERDINANDO ACTON;;;Scontro laterale fra veicoli in marcia;Incrocio;Due carreggiate;Asciutto;Asfaltata;Orizzontale;Sereno;Normale;Sufficiente;Sufficiente;0;0;0;4;12.2898;41.7324;-1;2;Autovettura privata;In marcia / fermata / arresto;Conducente;M;Illeso;0;;Non accertato;Inesploso
4158137;13;30/12/2018 21:30:00;Strada Urbana;PIAZZA ENRICO MILLO;all'intersezione con;VIA FERDINANDO ACTON;VIA FERDINANDO ACTON;;;Scontro laterale fra veicoli in marcia;Incrocio;Due carreggiate;Asciutto;Asfaltata;Orizzontale;Sereno;Normale;Sufficiente;Sufficiente;0;0;0;4;12.2898;41.7324;-1;2;Autovettura privata;In marcia / fermata / arresto;Passeggero;F;Illeso;0;;Non accertato;Inesploso
4158137;13;30/12/2018 21:30:00;Strada Urbana;PIAZZA ENRICO MILLO;all'intersezione con;VIA FERDINANDO ACTON;VIA FERDINANDO ACTON;;;Scontro laterale fra veicoli in marcia;Incrocio;Due carreggiate;Asciutto;Asfaltata;Orizzontale;Sereno;Normale;Sufficiente;Sufficiente;0;0;0;4;12.2898;41.7324;-1;2;Autovettura privata;In marcia / fermata / arresto;Passeggero;F;Illeso;0;;Non accertato;
4158137;13;30/12/2018 21:30:00;Strada Urbana;PIAZZA ENRICO MILLO;all'intersezione con;VIA FERDINANDO ACTON;VIA FERDINANDO ACTON;;;Scontro laterale fra veicoli in marcia;Incrocio;Due carreggiate;Asciutto;Asfaltata;Orizzontale;Sereno;Normale;Sufficiente;Sufficiente;0;0;0;4;12.2898;41.7324;-1;3;Autovettura privata;Sosta;;;;;;;
4158155;19;29/12/2018 10:00:00;Strada Urbana;VIA DELLA PINETA SACCHETTI;in prossimità;;del palo luce n.;61;;Tamponamento;Rettilineo;Una carreggiata a senso unico di marcia;Asciutto;Asfaltata;Verticale ed orizzontale;Sereno;Normale;Buona;Ore Diurne;1;0;0;1;12.425;41.924;-1;1;Autovettura privata;In marcia / fermata / arresto;Conducente;M;Illeso;0;;Non accertato;Inesploso
4158155;19;29/12/2018 10:00:00;Strada Urbana;VIA DELLA PINETA SACCHETTI;in prossimità;;del palo luce n.;61;;Tamponamento;Rettilineo;Una carreggiata a senso unico di marcia;Asciutto;Asfaltata;Verticale ed orizzontale;Sereno;Normale;Buona;Ore Diurne;1;0;0;1;12.425;41.924;-1;2;Motociclo a solo;In marcia / fermata / arresto;Conducente;M;Rifiuta cure immediate;0;NON DECEDUTO;Non accertato;
4158162;2;30/12/2018 00:40:00;Strada Urbana;VIALE REGINA MARGHERITA;all'intersezione con;VIA BASENTO;VIA BASENTO;;;Tamponamento;Intersezione semaforizzata;Più di due carreggiate;Asciutto;Asfaltata;Verticale ed orizzontale;Sereno;Scarso;Sufficiente;Sufficiente;0;0;0;3;12.5007;41.9176;-1;1;Quadriciclo leggero;In marcia / fermata / arresto;Conducente;M;Illeso;0;;Non accertato;Inesploso
4158162;2;30/12/2018 00:40:00;Strada Urbana;VIALE REGINA MARGHERITA;all'intersezione con;VIA BASENTO;VIA BASENTO;;;Tamponamento;Intersezione semaforizzata;Più di due carreggiate;Asciutto;Asfaltata;Verticale ed orizzontale;Sereno;Scarso;Sufficiente;Sufficiente;0;0;0;3;12.5007;41.9176;-1;1;Quadriciclo leggero;In marcia / fermata / arresto;Passeggero;M;Illeso;0;;Non accertato;Inesploso
4158162;2;30/12/2018 00:40:00;Strada Urbana;VIALE REGINA MARGHERITA;all'intersezione con;VIA BASENTO;VIA BASENTO;;;Tamponamento;Intersezione semaforizzata;Più di due carreggiate;Asciutto;Asfaltata;Verticale ed orizzontale;Sereno;Scarso;Sufficiente;Sufficiente;0;0;0;3;12.5007;41.9176;-1;2;Autocarro inferiore 35 q.;In marcia / fermata / arresto;Conducente;M;Illeso;0;;Non accertato;Inesploso
4158162;2;30/12/2018 00:40:00;Strada Urbana;VIALE REGINA MARGHERITA;all'intersezione con;VIA BASENTO;VIA BASENTO;;;Tamponamento;Intersezione semaforizzata;Più di due carreggiate;Asciutto;Asfaltata;Verticale ed orizzontale;Sereno;Scarso;Sufficiente;Sufficiente;0;0;0;3;12.5007;41.9176;-1;3;Autovettura privata;Sosta;;;;;;;
4158165;2;30/12/2018 13:10:00;Strada Urbana;VIA GIULIO ROMANO;all'intersezione con;VIA ANDREA SACCHI;VIA ANDREA SACCHI;;;Scontro laterale fra veicoli in marcia;Incrocio;Una carreggiata a senso unico di marcia;Asciutto;Asfaltata;Verticale ed orizzontale;Sereno;Scarso;Buona;Ore Diurne;0;0;0;3;12.466;41.932;-1;1;Autovettura privata;In marcia / fermata / arresto;Conducente;M;Illeso;0;;Non accertato;Inesploso
4158165;2;30/12/2018 13:10:00;Strada Urbana;VIA GIULIO ROMANO;all'intersezione con;VIA ANDREA SACCHI;VIA ANDREA SACCHI;;;Scontro laterale fra veicoli in marcia;Incrocio;Una carreggiata a senso unico di marcia;Asciutto;Asfaltata;Verticale ed orizzontale;Sereno;Scarso;Buona;Ore Diurne;0;0;0;3;12.466;41.932;-1;2;Autovettura privata;In marcia / fermata / arresto;Conducente;M;Illeso;0;;Non accertato;Inesploso
4158165;2;30/12/2018 13:10:00;Strada Urbana;VIA GIULIO ROMANO;all'intersezione con;VIA ANDREA SACCHI;VIA ANDREA SACCHI;;;Scontro laterale fra veicoli in marcia;Incrocio;Una carreggiata a senso unico di marcia;Asciutto;Asfaltata;Verticale ed orizzontale;Sereno;Scarso;Buona;Ore Diurne;0;0;0;3;12.466;41.932;-1;2;Autovettura privata;In marcia / fermata / arresto;Passeggero;F;Illeso;0;;Non accertato;Inesploso
4158165;2;30/12/2018 13:10:00;Strada Urbana;VIA GIULIO ROMANO;all'intersezione con;VIA ANDREA SACCHI;VIA ANDREA SACCHI;;;Scontro laterale fra veicoli in marcia;Incrocio;Una carreggiata a senso unico di marcia;Asciutto;Asfaltata;Verticale ed orizzontale;Sereno;Scarso;Buona;Ore Diurne;0;0;0;3;12.466;41.932;-1;3;Autovettura privata;Sosta;;;;;;;
4158165;2;30/12/2018 13:10:00;Strada Urbana;VIA GIULIO ROMANO;all'intersezione con;VIA ANDREA SACCHI;VIA ANDREA SACCHI;;;Scontro laterale fra veicoli in marcia;Incrocio;Una carreggiata a senso unico di marcia;Asciutto;Asfaltata;Verticale ed orizzontale;Sereno;Scarso;Buona;Ore Diurne;0;0;0;3;12.466;41.932;-1;4;Autovettura privata;Sosta;;;;;;;
4158165;2;30/12/2018 13:10:00;Strada Urbana;VIA GIULIO ROMANO;all'intersezione con;VIA ANDREA SACCHI;VIA ANDREA SACCHI;;;Scontro laterale fra veicoli in marcia;Incrocio;Una carreggiata a senso unico di marcia;Asciutto;Asfaltata;Verticale ed orizzontale;Sereno;Scarso;Buona;Ore Diurne;0;0;0;3;12.466;41.932;-1;5;Autovettura privata;Sosta;;;;;;;
4158165;2;30/12/2018 13:10:00;Strada Urbana;VIA GIULIO ROMANO;all'intersezione con;VIA ANDREA SACCHI;VIA ANDREA SACCHI;;;Scontro laterale fra veicoli in marcia;Incrocio;Una carreggiata a senso unico di marcia;Asciutto;Asfaltata;Verticale ed orizzontale;Sereno;Scarso;Buona;Ore Diurne;0;0;0;3;12.466;41.932;-1;6;Motociclo a solo;Sosta;;;;;;;
4158167;2;30/12/2018 22:30:00;Strada Urbana;tangenziale / est dir. salaria;da specificare;;;;PROSS. GALLERIA;Tamponamento;Rettilineo;Due carreggiate;Asciutto;Asfaltata;Verticale ed orizzontale;Sereno;Scarso;Sufficiente;Sufficiente;1;0;0;2;12.528;41.9268;-1;1;Autovettura di polizia;In marcia / fermata / arresto;Conducente;M;Rimandato;0;NON DECEDUTO;;
4158167;2;30/12/2018 22:30:00;Strada Urbana;tangenziale / est dir. salaria;da specificare;;;;PROSS. GALLERIA;Tamponamento;Rettilineo;Due carreggiate;Asciutto;Asfaltata;Verticale ed orizzontale;Sereno;Scarso;Sufficiente;Sufficiente;1;0;0;2;12.528;41.9268;-1;1;Autovettura di polizia;In marcia / fermata / arresto;Passeggero;M;Illeso;0;;;
4158167;2;30/12/2018 22:30:00;Strada Urbana;tangenziale / est dir. salaria;da specificare;;;;PROSS. GALLERIA;Tamponamento;Rettilineo;Due carreggiate;Asciutto;Asfaltata;Verticale ed orizzontale;Sereno;Scarso;Sufficiente;Sufficiente;1;0;0;2;12.528;41.9268;-1;2;Autovettura privata;In marcia / fermata / arresto;Conducente;M;Illeso;0;;;
4158170;2;31/12/2018 01:00:00;Strada Urbana;CIRCONVALLAZIONE SALARIA;da specificare;;;;DIR. S.GIOVANNI PROSS. RAMPA USCITA PRATI FISCALI;Veicolo in marcia contro ostacolo fisso;Rettilineo;Più di due carreggiate;Asciutto;Asfaltata;Verticale ed orizzontale;Sereno;Scarso;Sufficiente;Sufficiente;0;0;0;2;12.5096;41.9379;-1;1;Autovettura privata;In marcia / fermata / arresto;Conducente;M;Illeso;0;;;
4158170;2;31/12/2018 01:00:00;Strada Urbana;CIRCONVALLAZIONE SALARIA;da specificare;;;;DIR. S.GIOVANNI PROSS. RAMPA USCITA PRATI FISCALI;Veicolo in marcia contro ostacolo fisso;Rettilineo;Più di due carreggiate;Asciutto;Asfaltata;Verticale ed orizzontale;Sereno;Scarso;Sufficiente;Sufficiente;0;0;0;2;12.5096;41.9379;-1;1;Autovettura privata;In marcia / fermata / arresto;Passeggero;M;Illeso;0;;;
4158171;19;29/12/2018 04:30:00;Strada Urbana;VIALE DELLE MEDAGLIE D'ORO;da specificare;;;;fronte civ. 85;Veicolo in marcia contro veicoli in sosta;Rettilineo;Una carreggiata a doppio senso;Asciutto;Asfaltata;Assente;Sereno;Normale;Buona;Ore Diurne;0;0;0;0;12.4428;41.9168;-1;1;Autovettura privata;Sosta;;;;;;;
4158171;19;29/12/2018 04:30:00;Strada Urbana;VIALE DELLE MEDAGLIE D'ORO;da specificare;;;;fronte civ. 85;Veicolo in marcia contro veicoli in sosta;Rettilineo;Una carreggiata a doppio senso;Asciutto;Asfaltata;Assente;Sereno;Normale;Buona;Ore Diurne;0;0;0;0;12.4428;41.9168;-1;2;Autovettura privata;Sosta;;;;;;;
4158186;19;29/12/2018 11:45:00;Strada Urbana;VIA BENEDETTO ALOISI MASELLA;all'intersezione con;VIA PIETRO BEMBO;VIA PIETRO BEMBO;;;Tamponamento;Incrocio;Due carreggiate;Asciutto;Asfaltata;Verticale ed orizzontale;Sereno;Normale;Buona;Ore Diurne;0;0;0;2;12.4098;41.9158;-1;1;Autovettura privata;In marcia / fermata / arresto;Conducente;M;Illeso;0;;Non accertato;Inesploso
4158186;19;29/12/2018 11:45:00;Strada Urbana;VIA BENEDETTO ALOISI MASELLA;all'intersezione con;VIA PIETRO BEMBO;VIA PIETRO BEMBO;;;Tamponamento;Incrocio;Due carreggiate;Asciutto;Asfaltata;Verticale ed orizzontale;Sereno;Normale;Buona;Ore Diurne;0;0;0;2;12.4098;41.9158;-1;2;Autovettura privata;In marcia / fermata / arresto;Conducente;M;Illeso;0;;Non accertato;Inesploso
4158189;12;31/12/2018 08:35:00;Strada Urbana;VIA DI CASTEL DI LEVA;in prossimità;;del civico n.;298/E;;Scontro laterale fra veicoli in marcia;Rettilineo;Una carreggiata a doppio senso;Asciutto;Asfaltata;Verticale ed orizzontale;Sereno;Scarso;Buona;Ore Diurne;0;0;0;2;12.5213;41.7852;-1;1;Autovettura privata;In marcia / fermata / arresto;Conducente;F;Illeso;0;;Non accertato;Inesploso
4158189;12;31/12/2018 08:35:00;Strada Urbana;VIA DI CASTEL DI LEVA;in prossimità;;del civico n.;298/E;;Scontro laterale fra veicoli in marcia;Rettilineo;Una carreggiata a doppio senso;Asciutto;Asfaltata;Verticale ed orizzontale;Sereno;Scarso;Buona;Ore Diurne;0;0;0;2;12.5213;41.7852;-1;2;Autovettura privata;In marcia / fermata / arresto;Conducente;M;Illeso;0;;Non accertato;
4158192;4;31/12/2018 02:00:00;Strada Urbana;VIA DI VALLE MELAINA;in prossimità;;del civico n.;43;;Veicolo in marcia contro ostacolo fisso;Rettilineo;Due carreggiate;Asciutto;Asfaltata;Verticale ed orizzontale;Sereno;Scarso;Buona;Sufficiente;1;0;0;0;12.5254;41.9475;-1;1;Motociclo a solo;In marcia / fermata / arresto;Conducente;M;Rimandato;0;NON DECEDUTO;;
4158193;6;31/12/2018 10:40:00;Strada Urbana;VIA TOR DE' SCHIAVI;all'intersezione con;VIA ANAGNI;VIA ANAGNI;;;Tamponamento;Intersezione semaforizzata;Due carreggiate;Asciutto;Asfaltata;Verticale ed orizzontale;Sereno;Normale;Buona;Ore Diurne;1;0;0;0;12.5605;41.8906;-1;1;Autovettura privata;In marcia / fermata / arresto;Conducente;F;Rifiuta cure immediate;0;NON DECEDUTO;Non accertato;Inesploso
4158199;10;31/12/2018 10:00:00;Strada Urbana;VIALE LUIGI SCHIAVONETTI;da specificare;;;;ingresso centro commerciale Tor Vergata;Scontro laterale fra veicoli in marcia;Curva a visuale libera;Una carreggiata a senso unico alternato;Asciutto;Asfaltata;Verticale ed orizzontale;Sereno;Normale;Buona;Ore Diurne;0;0;0;2;12.6211;41.8412;-1;1;Autovettura privata;In marcia / fermata / arresto;Conducente;M;Illeso;0;;Non accertato;Inesploso