Protocollo;Gruppo;DataOraIncidente;Localizzazione1;STRADA1;Localizzazione2;STRADA2;Strada02;Chilometrica;DaSpecificare;NaturaIncidente;particolaritastrade;TipoStrada;FondoStradale;Pavimentazione;Segnaletica;CondizioneAtmosferica;Traffico;Visibilita;Illuminazione;NUM_FERITI;NUM_RISERVATA;NUM_MORTI;NUM_ILLESI;Longitudine;Latitudine;Confermato;Progressivo;TipoVeicolo;StatoVeicolo;TipoPersona;Sesso;Tipolesione;Deceduto;DecedutoDopo;CinturaCascoUtilizzato;Airbag;
4158199;10;31/12/2018 10:00:00;Strada Urbana;VIALE LUIGI SCHIAVONETTI;da specificare;;;;ingresso centro commerciale Tor Vergata;Scontro laterale fra veicoli in marcia;Curva a visuale libera;Una carreggiata a senso unico alternato;Asciutto;Asfaltata;Verticale ed orizzontale;Sereno;Normale;Buona;Ore Diurne;0;0;0;2;12.6211;41.8412;-1;2;Autovettura privata;In marcia / fermata / arresto;Conducente;M;Illeso;0;;Non accertato;Inesploso
4158222;19;30/12/2018 13:00:00;Strada Urbana;VIA DI SELVA NERA;in corrispondenza;;del civico n.;200;;Scontro laterale fra veicoli in marcia;Rettilineo;Una carreggiata a doppio senso;Asciutto;Asfaltata;Assente;Sereno;Scarso;Buona;Ore Diurne;1;0;0;3;12.367;41.9359;-1;1;Autovettura privata;In marcia / fermata / arresto;Conducente;M;Illeso;0;;Non accertato;Inesploso
4158222;19;30/12/2018 13:00:00;Strada Urbana;VIA DI SELVA NERA;in corrispondenza;;del civico n.;200;;Scontro laterale fra veicoli in marcia;Rettilineo;Una carreggiata a doppio senso;Asciutto;Asfaltata;Assente;Sereno;Scarso;Buona;Ore Diurne;1;0;0;3;12.367;41.9359;-1;2;Autovettura privata;In marcia / fermata / arresto;Conducente;M;Ricoverato;0;NON DECEDUTO;Non accertato;Inesploso
4158222;19;30/12/2018 13:00:00;Strada Urbana;VIA DI SELVA NERA;in corrispondenza;;del civico n.;200;;Scontro laterale fra veicoli in marcia;Rettilineo;Una carreggiata a doppio senso;Asciutto;Asfaltata;Assente;Sereno;Scarso;Buona;Ore Diurne;1;0;0;3;12.367;41.9359;-1;2;Autovettura privata;In marcia / fermata / arresto;Passeggero;M;Illeso;0;;Non accertato;Inesploso
4158222;19;30/12/2018 13:00:00;Strada Urbana;VIA DI SELVA NERA;in corrispondenza;;del civico n.;200;;Scontro laterale fra veicoli in marcia;Rettilineo;Una carreggiata a doppio senso;Asciutto;Asfaltata;Assente;Sereno;Scarso;Buona;Ore Diurne;1;0;0;3;12.367;41.9359;-1;2;Autovettura privata;In marcia / fermata / arresto;Passeggero;F;Illeso;0;;Non accertato;Inesploso
4158250;19;30/12/2018 19:45:00;Strada Urbana;VIA MARIO FANI;all'intersezione con;VIA SANGEMINI;VIA SANGEMINI;;;Scontro frontale/laterale SX fra veicoli in marcia;Incrocio;Una carreggiata a doppio senso;Asciutto;Asfaltata;Assente;Sereno;Scarso;Sufficiente;Sufficiente;1;0;0;2;12.4413;41.9377;-1;1;Autovettura privata;In marcia / fermata / arresto;Conducente;M;Illeso;0;;Non accertato;Inesploso
4158250;19;30/12/2018 19:45:00;Strada Urbana;VIA MARIO FANI;all'intersezione con;VIA SANGEMINI;VIA SANGEMINI;;;Scontro frontale/laterale SX fra veicoli in marcia;Incrocio;Una carreggiata a doppio senso;Asciutto;Asfaltata;Assente;Sereno;Scarso;Sufficiente;Sufficiente;1;0;0;2;12.4413;41.9377;-1;1;Autovettura privata;In marcia / fermata / arresto;Passeggero;F;Rifiuta cure immediate;0;NON DECEDUTO;Non accertato;Inesploso
4158250;19;30/12/2018 19:45:00;Strada Urbana;VIA MARIO FANI;all'intersezione con;VIA SANGEMINI;VIA SANGEMINI;;;Scontro frontale/laterale SX fra veicoli in marcia;Incrocio;Una carreggiata a doppio senso;Asciutto;Asfaltata;Assente;Sereno;Scarso;Sufficiente;Sufficiente;1;0;0;2;12.4413;41.9377;-1;2;Quadriciclo leggero;In marcia / fermata / arresto;Conducente;M;Illeso;0;;Non accertato;Inesploso
4158256;18;28/12/2018 12:30:00;Strada Urbana;VIA DI SELVA CANDIDA;all'intersezione con;VIA MOMBARUZZO;VIA MOMBARUZZO;;;Scontro frontale/laterale DX fra veicoli in marcia;Intersezione stradale segnalata;Una carreggiata a doppio senso;Asciutto;Asfaltata;Orizzontale;Sereno;Normale;Buona;Ore Diurne;1;0;0;1;12.3773;41.9344;-1;1;Autovettura privata;In marcia / fermata / arresto;Conducente;M;Illeso;0;;Non accertato;Inesploso
4158256;18;28/12/2018 12:30:00;Strada Urbana;VIA DI SELVA CANDIDA;all'intersezione con;VIA MOMBARUZZO;VIA MOMBARUZZO;;;Scontro frontale/laterale DX fra veicoli in marcia;Intersezione stradale segnalata;Una carreggiata a doppio senso;Asciutto;Asfaltata;Orizzontale;Sereno;Normale;Buona;Ore Diurne;1;0;0;1;12.3773;41.9344;-1;2;Motociclo a solo;In marcia / fermata / arresto;Conducente;M;Rimandato;0;NON DECEDUTO;Non accertato;
4158265;18;29/12/2018 16:40:00;Strada Urbana;VIA CARDINALE OREGLIA;all'intersezione con;VIA GIOVANNI DOMENICO PARACCIANI;VIA GIOVANNI DOMENICO PARACCIANI;;;Scontro laterale fra veicoli in marcia;Incrocio;Una carreggiata a doppio senso;Asciutto;Asfaltata;Verticale ed orizzontale;Nuvoloso;Normale;Sufficiente;Ore Diurne;0;0;0;2;12.4236;41.9035;-1;1;Autovettura privata;In marcia / fermata / arresto;Conducente;M;Illeso;0;;;
4158265;18;29/12/2018 16:40:00;Strada Urbana;VIA CARDINALE OREGLIA;all'intersezione con;VIA GIOVANNI DOMENICO PARACCIANI;VIA GIOVANNI DOMENICO PARACCIANI;;;Scontro laterale fra veicoli in marcia;Incrocio;Una carreggiata a doppio senso;Asciutto;Asfaltata;Verticale ed orizzontale;Nuvoloso;Normale;Sufficiente;Ore Diurne;0;0;0;2;12.4236;41.9035;-1;2;Autovettura privata;In marcia / fermata / arresto;Conducente;M;Illeso;0;;;
4158271;18;28/12/2018 23:20:00;Strada Urbana;VIA RIVARONE;in corrispondenza;;del civico n.;121;;Veicolo in marcia contro veicoli in sosta;Rettilineo;Una carreggiata a doppio senso;Asciutto;Asfaltata;Assente;Sereno;Scarso;Buona;Sufficiente;0;0;0;1;12.4104;41.9015;-1;1;Autovettura privata;In marcia / fermata / arresto;Conducente;F;Illeso;0;;;
4158271;18;28/12/2018 23:20:00;Strada Urbana;VIA RIVARONE;in corrispondenza;;del civico n.;121;;Veicolo in marcia contro veicoli in sosta;Rettilineo;Una carreggiata a doppio senso;Asciutto;Asfaltata;Assente;Sereno;Scarso;Buona;Sufficiente;0;0;0;1;12.4104;41.9015;-1;2;Autovettura privata;Sosta;;;;;;;
4158271;18;28/12/2018 23:20:00;Strada Urbana;VIA RIVARONE;in corrispondenza;;del civico n.;121;;Veicolo in marcia contro veicoli in sosta;Rettilineo;Una carreggiata a doppio senso;Asciutto;Asfaltata;Assente;Sereno;Scarso;Buona;Sufficiente;0;0;0;1;12.4104;41.9015;-1;3;Autovettura privata;Sosta;;;;;;;
4158278;18;29/12/2018 21:15:00;Strada Urbana;VIA BALDO DEGLI UBALDI;all'intersezione semaforizzata con;VIALE DI VALLE AURELIA;VIALE DI VALLE AURELIA;;;Scontro frontale/laterale DX fra veicoli in marcia;Intersezione semaforizzata;Due carreggiate;Asciutto;Asfaltata;Verticale ed orizzontale;Sereno;Normale;Buona;Sufficiente;2;0;0;1;12.4363;41.8999;-1;1;Autovettura privata;In marcia / fermata / arresto;Conducente;F;Illeso;0;;Non accertato;Inesploso
4158278;18;29/12/2018 21:15:00;Strada Urbana;VIA BALDO DEGLI UBALDI;all'intersezione semaforizzata con;VIALE DI VALLE AURELIA;VIALE DI VALLE AURELIA;;;Scontro frontale/laterale DX fra veicoli in marcia;Intersezione semaforizzata;Due carreggiate;Asciutto;Asfaltata;Verticale ed orizzontale;Sereno;Normale;Buona;Sufficiente;2;0;0;1;12.4363;41.8999;-1;1;Autovettura privata;In marcia / fermata / arresto;Passeggero;M;Rimandato;0;NON DECEDUTO;Non accertato;Inesploso
4158278;18;29/12/2018 21:15:00;Strada Urbana;VIA BALDO DEGLI UBALDI;all'intersezione semaforizzata con;VIALE DI VALLE AURELIA;VIALE DI VALLE AURELIA;;;Scontro frontale/laterale DX fra veicoli in marcia;Intersezione semaforizzata;Due carreggiate;Asciutto;Asfaltata;Verticale ed orizzontale;Sereno;Normale;Buona;Sufficiente;2;0;0;1;12.4363;41.8999;-1;2;Autovettura privata;In marcia / fermata / arresto;Conducente;M;Rimandato;0;NON DECEDUTO;Non accertato;Esploso
4158309;18;29/12/2018 15:00:00;Strada Urbana;VIA DELLA PINETA SACCHETTI;in corrispondenza;;del civico n.;39;;Tamponamento;Rettilineo;Una carreggiata a doppio senso;Asciutto;Asfaltata;Verticale ed orizzontale;Sereno;Normale;Buona;Ore Diurne;3;0;0;1;12.4227;41.9145;-1;1;Autovettura privata;In marcia / fermata / arresto;Conducente;F;Rifiuta cure immediate;0;NON DECEDUTO;Non accertato;Inesploso
4158309;18;29/12/2018 15:00:00;Strada Urbana;VIA DELLA PINETA SACCHETTI;in corrispondenza;;del civico n.;39;;Tamponamento;Rettilineo;Una carreggiata a doppio senso;Asciutto;Asfaltata;Verticale ed orizzontale;Sereno;Normale;Buona;Ore Diurne;3;0;0;1;12.4227;41.9145;-1;1;Autovettura privata;In marcia / fermata / arresto;Passeggero;F;Rifiuta cure immediate;0;NON DECEDUTO;Non accertato;Inesploso
4158309;18;29/12/2018 15:00:00;Strada Urbana;VIA DELLA PINETA SACCHETTI;in corrispondenza;;del civico n.;39;;Tamponamento;Rettilineo;Una carreggiata a doppio senso;Asciutto;Asfaltata;Verticale ed orizzontale;Sereno;Normale;Buona;Ore Diurne;3;0;0;1;12.4227;41.9145;-1;2;Autovettura privata;In marcia / fermata / arresto;Conducente;M;Illeso;0;;Non accertato;Inesploso
4158310;18;30/12/2018 16:05:00;Strada Urbana;VIA DI CASAL SELCE;all'intersezione con;VIA MAINARDO;VIA MAINARDO;;;Tamponamento;Intersezione stradale segnalata;Una carreggiata a doppio senso;Asciutto;Asfaltata;Assente;Nuvoloso;Scarso;Buona;Ore Diurne;0;0;0;2;12.3471;41.9055;-1;1;Autovettura privata;In marcia / fermata / arresto;Conducente;M;Illeso;0;;;
4158310;18;30/12/2018 16:05:00;Strada Urbana;VIA DI CASAL SELCE;all'intersezione con;VIA MAINARDO;VIA MAINARDO;;;Tamponamento;Intersezione stradale segnalata;Una carreggiata a doppio senso;Asciutto;Asfaltata;Assente;Nuvoloso;Scarso;Buona;Ore Diurne;0;0;0;2;12.3471;41.9055;-1;2;Autovettura privata;In marcia / fermata / arresto;Conducente;M;Illeso;0;;;
4158314;4;30/12/2018 10:40:00;Strada Urbana;VIA LAMPEDUSA;da specificare;;;;fronte civico 41;Veicolo in marcia contro veicolo in sosta;Curva a visuale libera;Una carreggiata a senso unico di marcia;Asciutto;Asfaltata;Orizzontale;Sereno;Scarso;Buona;Ore Diurne;0;0;0;0;12.5367;41.9433;-1;2;Autovettura privata;Sosta;;;;;;;
4158316;4;29/12/2018 12:00:00;Strada Urbana;VIA VAL SASSINA;da specificare;;;;pross. civ. 22;Investimento di pedone;Rettilineo;Una carreggiata a senso unico di marcia;Asciutto;Asfaltata;Assente;Sereno;Normale;Buona;Ore Diurne;0;0;0;2;12.5283;41.9357;-1;;;;Pedone;F;Illeso;0;;;
4158316;4;29/12/2018 12:00:00;Strada Urbana;VIA VAL SASSINA;da specificare;;;;pross. civ. 22;Investimento di pedone;Rettilineo;Una carreggiata a senso unico di marcia;Asciutto;Asfaltata;Assente;Sereno;Normale;Buona;Ore Diurne;0;0;0;2;12.5283;41.9357;-1;1;Autovettura privata;In marcia / fermata / arresto;Conducente;M;Illeso;0;;;
4158340;18;29/12/2018 23:45:00;Strada Urbana;VIA AURELIA;all'intersezione con;VIA PIETRO CIRIACI;VIA PIETRO CIRIACI;;;Scontro laterale fra veicoli in marcia;Intersezione non regolata/non segnalata;Una carreggiata a doppio senso;Asciutto;Asfaltata;Orizzontale;Sereno;Normale;Sufficiente;Sufficiente;0;0;0;7;10.3425;43.4653;-1;1;Autovettura privata;In marcia / fermata / arresto;Conducente;M;Illeso;0;;;
4158340;18;29/12/2018 23:45:00;Strada Urbana;VIA AURELIA;all'intersezione con;VIA PIETRO CIRIACI;VIA PIETRO CIRIACI;;;Scontro laterale fra veicoli in marcia;Intersezione non regolata/non segnalata;Una carreggiata a doppio senso;Asciutto;Asfaltata;Orizzontale;Sereno;Normale;Sufficiente;Sufficiente;0;0;0;7;10.3425;43.4653;-1;1;Autovettura privata;In marcia / fermata / arresto;Passeggero;F;Illeso;0;;;
4158340;18;29/12/2018 23:45:00;Strada Urbana;VIA AURELIA;all'intersezione con;VIA PIETRO CIRIACI;VIA PIETRO CIRIACI;;;Scontro laterale fra veicoli in marcia;Intersezione non regolata/non segnalata;Una carreggiata a doppio senso;Asciutto;Asfaltata;Orizzontale;Sereno;Normale;Sufficiente;Sufficiente;0;0;0;7;10.3425;43.4653;-1;1;Autovettura privata;In marcia / fermata / arresto;Passeggero;F;Illeso;0;;;
4158340;18;29/12/2018 23:45:00;Strada Urbana;VIA AURELIA;all'intersezione con;VIA PIETRO CIRIACI;VIA PIETRO CIRIACI;;;Scontro laterale fra veicoli in marcia;Intersezione non regolata/non segnalata;Una carreggiata a doppio senso;Asciutto;Asfaltata;Orizzontale;Sereno;Normale;Sufficiente;Sufficiente;0;0;0;7;10.3425;43.4653;-1;2;Autocarro inferiore 35 q.;In marcia / fermata / arresto;Conducente;M;Illeso;0;;;
4158340;18;29/12/2018 23:45:00;Strada Urbana;VIA AURELIA;all'intersezione con;VIA PIETRO CIRIACI;VIA PIETRO CIRIACI;;;Scontro laterale fra veicoli in marcia;Intersezione non regolata/non segnalata;Una carreggiata a doppio senso;Asciutto;Asfaltata;Orizzontale;Sereno;Normale;Sufficiente;Sufficiente;0;0;0;7;10.3425;43.4653;-1;2;Autocarro inferiore 35 q.;In marcia / fermata / arresto;Passeggero;F;Illeso;0;;;
4158340;18;29/12/2018 23:45:00;Strada Urbana;VIA AURELIA;all'intersezione con;VIA PIETRO CIRIACI;VIA PIETRO CIRIACI;;;Scontro laterale fra veicoli in marcia;Intersezione non regolata/non segnalata;Una carreggiata a doppio senso;Asciutto;Asfaltata;Orizzontale;Sereno;Normale;Sufficiente;Sufficiente;0;0;0;7;10.3425;43.4653;-1;2;Autocarro inferiore 35 q.;In marcia / fermata / arresto;Passeggero;M;Illeso;0;;;
4158340;18;29/12/2018 23:45:00;Strada Urbana;VIA AURELIA;all'intersezione con;VIA PIETRO CIRIACI;VIA PIETRO CIRIACI;;;Scontro laterale fra veicoli in marcia;Intersezione non regolata/non segnalata;Una carreggiata a doppio senso;Asciutto;Asfaltata;Orizzontale;Sereno;Normale;Sufficiente;Sufficiente;0;0;0;7;10.3425;43.4653;-1;2;Autocarro inferiore 35 q.;In marcia / fermata / arresto;Passeggero;F;Illeso;0;;;
4158346;17;31/12/2018 11:00:00;Strada Urbana;VIA COSTABELLA;in corrispondenza;;del palo luce n.;2;;Veicolo in marcia contro ostacolo fisso;Rettilineo;Una carreggiata a senso unico di marcia;Asciutto;Asfaltata;Verticale ed orizzontale;Sereno;Scarso;Buona;Ore Diurne;0;0;0;1;12.4635;41.9209;-1;;;;Pedone;F;Illeso;0;;;
4158348;18;29/12/2018 17:20:00;Strada Urbana;VIA NAZARETH;in prossimità;;del civico n.;264;;Scontro frontale fra veicoli in marcia;Curva senza visuale libera;Una carreggiata a doppio senso;Asciutto;Asfaltata;Verticale ed orizzontale;Sereno;Normale;Buona;Sufficiente;1;0;0;1;12.4027;41.903;-1;1;Autovettura privata;In marcia / fermata / arresto;Conducente;M;Rimandato;0;NON DECEDUTO;Non accertato;Esploso
4158348;18;29/12/2018 17:20:00;Strada Urbana;VIA NAZARETH;in prossimità;;del civico n.;264;;Scontro frontale fra veicoli in marcia;Curva senza visuale libera;Una carreggiata a doppio senso;Asciutto;Asfaltata;Verticale ed orizzontale;Sereno;Normale;Buona;Sufficiente;1;0;0;1;12.4027;41.903;-1;2;Autovettura privata;In marcia / fermata / arresto;Conducente;M;Illeso;0;;Non accertato;Inesploso
4158381;15;31/12/2018 11:20:00;Strada Urbana;VIA DI VIGNA CONSORTI;in prossimità;;del civico n.;21;;Scontro frontale fra veicoli in marcia;Rettilineo;Una carreggiata a doppio senso;Asciutto;Asfaltata;Orizzontale;Sereno;Normale;Buona;Ore Diurne;0;0;0;2;12.435;41.8453;-1;1;Motociclo a solo;In marcia / fermata / arresto;Conducente;M;Illeso;0;;Non accertato;
4158381;15;31/12/2018 11:20:00;Strada Urbana;VIA DI VIGNA CONSORTI;in prossimità;;del civico n.;21;;Scontro frontale fra veicoli in marcia;Rettilineo;Una carreggiata a doppio senso;Asciutto;Asfaltata;Orizzontale;Sereno;Normale;Buona;Ore Diurne;0;0;0;2;12.435;41.8453;-1;2;Autovettura privata;In marcia / fermata / arresto;Conducente;M;Illeso;0;;Non accertato;Inesploso
4158413;3;22/12/2018 22:00:00;Strada Urbana;VIA DEGLI ORTI DELLA FARNESINA;in prossimità;;del civico n.;131;;Veicolo in marcia contro veicolo fermo;Rettilineo;Una carreggiata a senso unico di marcia;Bagnato (pioggia);Asfaltata;Verticale ed orizzontale;Sereno;Normale;Sufficiente;Sufficiente;0;0;0;3;12.4617;41.9438;-1;1;Autovettura privata;In marcia / fermata / arresto;Conducente;F;Illeso;0;;Non accertato;
4158413;3;22/12/2018 22:00:00;Strada Urbana;VIA DEGLI ORTI DELLA FARNESINA;in prossimità;;del civico n.;131;;Veicolo in marcia contro veicolo fermo;Rettilineo;Una carreggiata a senso unico di marcia;Bagnato (pioggia);Asfaltata;Verticale ed orizzontale;Sereno;Normale;Sufficiente;Sufficiente;0;0;0;3;12.4617;41.9438;-1;1;Autovettura privata;In marcia / fermata / arresto;Passeggero;F;Illeso;0;;Non accertato;
4158413;3;22/12/2018 22:00:00;Strada Urbana;VIA DEGLI ORTI DELLA FARNESINA;in prossimità;;del civico n.;131;;Veicolo in marcia contro veicolo fermo;Rettilineo;Una carreggiata a senso unico di marcia;Bagnato (pioggia);Asfaltata;Verticale ed orizzontale;Sereno;Normale;Sufficiente;Sufficiente;0;0;0;3;12.4617;41.9438;-1;2;Autovettura privata;In marcia / fermata / arresto;Conducente;M;Illeso;0;;Non accertato;
4158464;18;31/12/2018 11:30:00;Strada Urbana;VIA DELLA MADONNA DEL RIPOSO;in corrispondenza;;del civico n.;64;;Investimento di pedone;Rettilineo;Una carreggiata a senso unico di marcia;Asciutto;Asfaltata;Verticale ed orizzontale;Sereno;Normale;Buona;Ore Diurne;2;0;0;1;12.4325;41.8966;-1;;;;Pedone;M;Rimandato;0;NON DECEDUTO;;
4158464;18;31/12/2018 11:30:00;Strada Urbana;VIA DELLA MADONNA DEL RIPOSO;in corrispondenza;;del civico n.;64;;Investimento di pedone;Rettilineo;Una carreggiata a senso unico di marcia;Asciutto;Asfaltata;Verticale ed orizzontale;Sereno;Normale;Buona;Ore Diurne;2;0;0;1;12.4325;41.8966;-1;;;;Pedone;F;Rimandato;0;NON DECEDUTO;;
4158464;18;31/12/2018 11:30:00;Strada Urbana;VIA DELLA MADONNA DEL RIPOSO;in corrispondenza;;del civico n.;64;;Investimento di pedone;Rettilineo;Una carreggiata a senso unico di marcia;Asciutto;Asfaltata;Verticale ed orizzontale;Sereno;Normale;Buona;Ore Diurne;2;0;0;1;12.4325;41.8966;-1;1;Autovettura privata;In marcia / fermata / arresto;Conducente;F;Illeso;0;;Non accertato;Inesploso
4158472;3;26/12/2018 22:20:00;Strada Urbana;VIA DELLA BUFALOTTA;da specificare;;;;316;Scontro laterale fra veicoli in marcia;Rettilineo;Una carreggiata a doppio senso;Asciutto;Asfaltata;Verticale ed orizzontale;Sereno;Normale;Sufficiente;Sufficiente;2;0;0;4;12.5438;41.9527;-1;1;Autovettura privata;In marcia / fermata / arresto;Conducente;M;Illeso;0;;Non accertato;
4158472;3;26/12/2018 22:20:00;Strada Urbana;VIA DELLA BUFALOTTA;da specificare;;;;316;Scontro laterale fra veicoli in marcia;Rettilineo;Una carreggiata a doppio senso;Asciutto;Asfaltata;Verticale ed orizzontale;Sereno;Normale;Sufficiente;Sufficiente;2;0;0;4;12.5438;41.9527;-1;1;Autovettura privata;In marcia / fermata / arresto;Passeggero;M;Illeso;0;;Non accertato;
4158472;3;26/12/2018 22:20:00;Strada Urbana;VIA DELLA BUFALOTTA;da specificare;;;;316;Scontro laterale fra veicoli in marcia;Rettilineo;Una carreggiata a doppio senso;Asciutto;Asfaltata;Verticale ed orizzontale;Sereno;Normale;Sufficiente;Sufficiente;2;0;0;4;12.5438;41.9527;-1;2;Motociclo con passeggero;In marcia / fermata / arresto;Conducente;M;Rimandato;0;NON DECEDUTO;Non accertato;
4158472;3;26/12/2018 22:20:00;Strada Urbana;VIA DELLA BUFALOTTA;da specificare;;;;316;Scontro laterale fra veicoli in marcia;Rettilineo;Una carreggiata a doppio senso;Asciutto;Asfaltata;Verticale ed orizzontale;Sereno;Normale;Sufficiente;Sufficiente;2;0;0;4;12.5438;41.9527;-1;2;Motociclo con passeggero;In marcia / fermata / arresto;Passeggero;M;Rimandato;0;NON DECEDUTO;Non accertato;
4158482;16;27/12/2018 15:15:00;Strada Urbana;VIA DI BRAVA;all'intersezione con;VIA DELLA PISANA;VIA DELLA PISANA;;;Scontro laterale fra veicoli in marcia;Intersezione stradale segnalata;Una carreggiata a doppio senso;Asciutto;Asfaltata;Verticale ed orizzontale;Sereno;Normale;Buona;Ore Diurne;0;0;0;4;12.3824;41.8695;-1;1;Autovettura privata;In marcia / fermata / arresto;Conducente;F;Illeso;0;;Non accertato;Inesploso
4158482;16;27/12/2018 15:15:00;Strada Urbana;VIA DI BRAVA;all'intersezione con;VIA DELLA PISANA;VIA DELLA PISANA;;;Scontro laterale fra veicoli in marcia;Intersezione stradale segnalata;Una carreggiata a doppio senso;Asciutto;Asfaltata;Verticale ed orizzontale;Sereno;Normale;Buona;Ore Diurne;0;0;0;4;12.3824;41.8695;-1;1;Autovettura privata;In marcia / fermata / arresto;Passeggero;M;Illeso;0;;Non accertato;Inesploso
4158482;16;27/12/2018 15:15:00;Strada Urbana;VIA DI BRAVA;all'intersezione con;VIA DELLA PISANA;VIA DELLA PISANA;;;Scontro laterale fra veicoli in marcia;Intersezione stradale segnalata;Una carreggiata a doppio senso;Asciutto;Asfaltata;Verticale ed orizzontale;Sereno;Normale;Buona;Ore Diurne;0;0;0;4;12.3824;41.8695;-1;2;Autovettura privata;In marcia / fermata / arresto;Conducente;F;Illeso;0;;Non accertato;Inesploso
4158482;16;27/12/2018 15:15:00;Strada Urbana;VIA DI BRAVA;all'intersezione con;VIA DELLA PISANA;VIA DELLA PISANA;;;Scontro laterale fra veicoli in marcia;Intersezione stradale segnalata;Una carreggiata a doppio senso;Asciutto;Asfaltata;Verticale ed orizzontale;Sereno;Normale;Buona;Ore Diurne;0;0;0;4;12.3824;41.8695;-1;2;Autovettura privata;In marcia / fermata / arresto;Passeggero;F;Illeso;0;;Non accertato;Inesploso
4158491;16;27/12/2018 16:30:00;Strada Urbana;VIALE DEI QUATTRO VENTI;all'intersezione con;VIA FRANCESCO BOLOGNESI;VIA FRANCESCO BOLOGNESI;;;Scontro laterale fra veicoli in marcia;Intersezione semaforizzata;Una carreggiata a doppio senso;Asciutto;Asfaltata;Verticale ed orizzontale;Sereno;Normale;Buona;Ore Diurne;0;0;0;4;12.4585;41.8799;-1;1;Autovettura pubblica;In marcia / fermata / arresto;Conducente;M;Illeso;0;;Non accertato;
4158491;16;27/12/2018 16:30:00;Strada Urbana;VIALE DEI QUATTRO VENTI;all'intersezione con;VIA FRANCESCO BOLOGNESI;VIA FRANCESCO BOLOGNESI;;;Scontro laterale fra veicoli in marcia;Intersezione semaforizzata;Una carreggiata a doppio senso;Asciutto;Asfaltata;Verticale ed orizzontale;Sereno;Normale;Buona;Ore Diurne;0;0;0;4;12.4585;41.8799;-1;1;Autovettura pubblica;In marcia / fermata / arresto;Passeggero;M;Illeso;0;;;
4158491;16;27/12/2018 16:30:00;Strada Urbana;VIALE DEI QUATTRO VENTI;all'intersezione con;VIA FRANCESCO BOLOGNESI;VIA FRANCESCO BOLOGNESI;;;Scontro laterale fra veicoli in marcia;Intersezione semaforizzata;Una carreggiata a doppio senso;Asciutto;Asfaltata;Verticale ed orizzontale;Sereno;Normale;Buona;Ore Diurne;0;0;0;4;12.4585;41.8799;-1;2;Autocarro inferiore 35 q.;In marcia / fermata / arresto;Conducente;M;Illeso;0;;Non accertato;
4158491;16;27/12/2018 16:30:00;Strada Urbana;VIALE DEI QUATTRO VENTI;all'intersezione con;VIA FRANCESCO BOLOGNESI;VIA FRANCESCO BOLOGNESI;;;Scontro laterale fra veicoli in marcia;Intersezione semaforizzata;Una carreggiata a doppio senso;Asciutto;Asfaltata;Verticale ed orizzontale;Sereno;Normale;Buona;Ore Diurne;0;0;0;4;12.4585;41.8799;-1;2;Autocarro inferiore 35 q.;In marcia / fermata / arresto;Passeggero;M;Illeso;0;;Non accertato;
4158496;3;24/12/2018 14:50:00;Strada Urbana;CIRCONVALLAZIONE TIBURTINA;da specificare;;;;direzione San Giovanni subito dopo Ponte;Veicolo in marcia contro ostacolo accidentale;Curva a visuale libera;Più di due carreggiate;Asciutto;Asfaltata;Verticale ed orizzontale;Sereno;Normale;Buona;Ore Diurne;0;0;0;2;12.5322;41.9077;-1;1;Motociclo con passeggero;In marcia / fermata / arresto;Conducente;M;Illeso;0;;Non accertato;
4158496;3;24/12/2018 14:50:00;Strada Urbana;CIRCONVALLAZIONE TIBURTINA;da specificare;;;;direzione San Giovanni subito dopo Ponte;Veicolo in marcia contro ostacolo accidentale;Curva a visuale libera;Più di due carreggiate;Asciutto;Asfaltata;Verticale ed orizzontale;Sereno;Normale;Buona;Ore Diurne;0;0;0;2;12.5322;41.9077;-1;1;Motociclo con passeggero;In marcia / fermata / arresto;Passeggero;M;Illeso;0;;Non accertato;
4158504;16;27/12/2018 19:10:00;Strada Urbana;LARGO GIOVANNI BATTISTA MARZI;all'intersezione con;PONTE TESTACCIO;PONTE TESTACCIO;;;Scontro laterale fra veicoli in marcia;Incrocio;Una carreggiata a doppio senso;Asciutto;In cubetti di porfido;Assente;Sereno;Normale;Buona;Sufficiente;0;0;0;4;12.4712;41.876;-1;1;Autovettura privata;In marcia / fermata / arresto;Conducente;F;Illeso;0;;Non accertato;Inesploso
4158504;16;27/12/2018 19:10:00;Strada Urbana;LARGO GIOVANNI BATTISTA MARZI;all'intersezione con;PONTE TESTACCIO;PONTE TESTACCIO;;;Scontro laterale fra veicoli in marcia;Incrocio;Una carreggiata a doppio senso;Asciutto;In cubetti di porfido;Assente;Sereno;Normale;Buona;Sufficiente;0;0;0;4;12.4712;41.876;-1;1;Autovettura privata;In marcia / fermata / arresto;Passeggero;F;Illeso;0;;Non accertato;Inesploso
4158504;16;27/12/2018 19:10:00;Strada Urbana;LARGO GIOVANNI BATTISTA MARZI;all'intersezione con;PONTE TESTACCIO;PONTE TESTACCIO;;;Scontro laterale fra veicoli in marcia;Incrocio;Una carreggiata a doppio senso;Asciutto;In cubetti di porfido;Assente;Sereno;Normale;Buona;Sufficiente;0;0;0;4;12.4712;41.876;-1;2;Autovettura privata;In marcia / fermata / arresto;Conducente;F;Illeso;0;;Non accertato;Inesploso