Protocollo;Gruppo;DataOraIncidente;Localizzazione1;STRADA1;Localizzazione2;STRADA2;Strada02;Chilometrica;DaSpecificare;NaturaIncidente;particolaritastrade;TipoStrada;FondoStradale;Pavimentazione;Segnaletica;CondizioneAtmosferica;Traffico;Visibilita;Illuminazione;NUM_FERITI;NUM_RISERVATA;NUM_MORTI;NUM_ILLESI;Longitudine;Latitudine;Confermato;Progressivo;TipoVeicolo;StatoVeicolo;TipoPersona;Sesso;Tipolesione;Deceduto;DecedutoDopo;CinturaCascoUtilizzato;Airbag;
4160156;2;23/12/2018 10:25:00;Strada Urbana;VIA GUALTIERO CASTELLINI;da specificare;;;;pross. viale parioli;Veicolo in marcia contro veicolo in sosta;Rettilineo;Una carreggiata a doppio senso;Asciutto;Asfaltata;Verticale ed orizzontale;Sereno;Normale;Buona;Ore Diurne;0;0;0;1;12.4898;41.9267;-1;1;Quadriciclo leggero;Sosta;;;;;;;
4160156;2;23/12/2018 10:25:00;Strada Urbana;VIA GUALTIERO CASTELLINI;da specificare;;;;pross. viale parioli;Veicolo in marcia contro veicolo in sosta;Rettilineo;Una carreggiata a doppio senso;Asciutto;Asfaltata;Verticale ed orizzontale;Sereno;Normale;Buona;Ore Diurne;0;0;0;1;12.4898;41.9267;-1;2;Autovettura privata;In marcia / fermata / arresto;Conducente;M;Illeso;0;;;
4160170;3;30/12/2018 21:10:00;Strada Urbana;VIA DEI RAMNI;da specificare;;;;altezza civico 9;Veicolo in marcia contro veicoli in sosta;Rettilineo;Due carreggiate;Asciutto;Asfaltata;Verticale ed orizzontale;Sereno;Normale;Buona;Sufficiente;0;0;0;1;12.5115;41.8995;-1;1;Autovettura privata;In marcia / fermata / arresto;Conducente;M;Illeso;0;;;
4160170;3;30/12/2018 21:10:00;Strada Urbana;VIA DEI RAMNI;da specificare;;;;altezza civico 9;Veicolo in marcia contro veicoli in sosta;Rettilineo;Due carreggiate;Asciutto;Asfaltata;Verticale ed orizzontale;Sereno;Normale;Buona;Sufficiente;0;0;0;1;12.5115;41.8995;-1;2;Autovettura privata;Sosta;;;;;;;
4160170;3;30/12/2018 21:10:00;Strada Urbana;VIA DEI RAMNI;da specificare;;;;altezza civico 9;Veicolo in marcia contro veicoli in sosta;Rettilineo;Due carreggiate;Asciutto;Asfaltata;Verticale ed orizzontale;Sereno;Normale;Buona;Sufficiente;0;0;0;1;12.5115;41.8995;-1;3;Autovettura privata;Sosta;;;;;;;
4160170;3;30/12/2018 21:10:00;Strada Urbana;VIA DEI RAMNI;da specificare;;;;altezza civico 9;Veicolo in marcia contro veicoli in sosta;Rettilineo;Due carreggiate;Asciutto;Asfaltata;Verticale ed orizzontale;Sereno;Normale;Buona;Sufficiente;0;0;0;1;12.5115;41.8995;-1;4;Autovettura privata;Sosta;;;;;;;
4160197;16;29/12/2018 14:50:00;Strada Urbana;PIAZZALE ENRICO DUNANT;in corrispondenza;;del civico n.;16;;Investimento di pedone;Rettilineo;Due carreggiate;Asciutto;Asfaltata;Verticale ed orizzontale;Sereno;Normale;Buona;Ore Diurne;1;0;0;1;12.4587;41.8723;-1;;;;Pedone;F;Rimandato;0;NON DECEDUTO;;
4160197;16;29/12/2018 14:50:00;Strada Urbana;PIAZZALE ENRICO DUNANT;in corrispondenza;;del civico n.;16;;Investimento di pedone;Rettilineo;Due carreggiate;Asciutto;Asfaltata;Verticale ed orizzontale;Sereno;Normale;Buona;Ore Diurne;1;0;0;1;12.4587;41.8723;-1;1;Autovettura privata;In marcia / fermata / arresto;Conducente;F;Illeso;0;;Non accertato;Inesploso
4160205;16;30/12/2018 15:20:00;Strada Urbana;VIA ALESSANDRO ALGARDI;all'intersezione con;PIAZZA FRANCESCO CUCCHI;PIAZZA FRANCESCO CUCCHI;;;Scontro laterale fra veicoli in marcia;Intersezione stradale segnalata;Una carreggiata a senso unico di marcia;Asciutto;Asfaltata;Verticale ed orizzontale;Sereno;Normale;Buona;Ore Diurne;0;0;0;7;12.4575;41.8852;-1;1;Autovettura privata;In marcia / fermata / arresto;Conducente;M;Illeso;0;;Non accertato;Inesploso
4160205;16;30/12/2018 15:20:00;Strada Urbana;VIA ALESSANDRO ALGARDI;all'intersezione con;PIAZZA FRANCESCO CUCCHI;PIAZZA FRANCESCO CUCCHI;;;Scontro laterale fra veicoli in marcia;Intersezione stradale segnalata;Una carreggiata a senso unico di marcia;Asciutto;Asfaltata;Verticale ed orizzontale;Sereno;Normale;Buona;Ore Diurne;0;0;0;7;12.4575;41.8852;-1;1;Autovettura privata;In marcia / fermata / arresto;Passeggero;F;Illeso;0;;Non accertato;Inesploso
4160205;16;30/12/2018 15:20:00;Strada Urbana;VIA ALESSANDRO ALGARDI;all'intersezione con;PIAZZA FRANCESCO CUCCHI;PIAZZA FRANCESCO CUCCHI;;;Scontro laterale fra veicoli in marcia;Intersezione stradale segnalata;Una carreggiata a senso unico di marcia;Asciutto;Asfaltata;Verticale ed orizzontale;Sereno;Normale;Buona;Ore Diurne;0;0;0;7;12.4575;41.8852;-1;1;Autovettura privata;In marcia / fermata / arresto;Passeggero;F;Illeso;0;;Non accertato;Inesploso
4160205;16;30/12/2018 15:20:00;Strada Urbana;VIA ALESSANDRO ALGARDI;all'intersezione con;PIAZZA FRANCESCO CUCCHI;PIAZZA FRANCESCO CUCCHI;;;Scontro laterale fra veicoli in marcia;Intersezione stradale segnalata;Una carreggiata a senso unico di marcia;Asciutto;Asfaltata;Verticale ed orizzontale;Sereno;Normale;Buona;Ore Diurne;0;0;0;7;12.4575;41.8852;-1;2;Autovettura privata;In marcia / fermata / arresto;Conducente;M;Illeso;0;;Non accertato;Inesploso
4160205;16;30/12/2018 15:20:00;Strada Urbana;VIA ALESSANDRO ALGARDI;all'intersezione con;PIAZZA FRANCESCO CUCCHI;PIAZZA FRANCESCO CUCCHI;;;Scontro laterale fra veicoli in marcia;Intersezione stradale segnalata;Una carreggiata a senso unico di marcia;Asciutto;Asfaltata;Verticale ed orizzontale;Sereno;Normale;Buona;Ore Diurne;0;0;0;7;12.4575;41.8852;-1;2;Autovettura privata;In marcia / fermata / arresto;Passeggero;F;Illeso;0;;Non accertato;Inesploso
4160205;16;30/12/2018 15:20:00;Strada Urbana;VIA ALESSANDRO ALGARDI;all'intersezione con;PIAZZA FRANCESCO CUCCHI;PIAZZA FRANCESCO CUCCHI;;;Scontro laterale fra veicoli in marcia;Intersezione stradale segnalata;Una carreggiata a senso unico di marcia;Asciutto;Asfaltata;Verticale ed orizzontale;Sereno;Normale;Buona;Ore Diurne;0;0;0;7;12.4575;41.8852;-1;2;Autovettura privata;In marcia / fermata / arresto;Passeggero;M;Illeso;0;;Non accertato;Inesploso
4160208;2;29/12/2018 19:30:00;Strada Urbana;CORSO TRIESTE;da specificare;;;;fronte civ. 169/A;Veicolo in marcia contro veicolo arresto;Rettilineo;Una carreggiata a senso unico di marcia;Asciutto;Asfaltata;Verticale ed orizzontale;Sereno;Normale;Buona;Sufficiente;0;0;0;2;12.5094;41.9204;-1;1;Motociclo a solo;In marcia / fermata / arresto;Conducente;M;Illeso;0;;Non accertato;
4160208;2;29/12/2018 19:30:00;Strada Urbana;CORSO TRIESTE;da specificare;;;;fronte civ. 169/A;Veicolo in marcia contro veicolo arresto;Rettilineo;Una carreggiata a senso unico di marcia;Asciutto;Asfaltata;Verticale ed orizzontale;Sereno;Normale;Buona;Sufficiente;0;0;0;2;12.5094;41.9204;-1;2;Autovettura privata;In marcia / fermata / arresto;Conducente;M;Illeso;0;;Non accertato;Inesploso
4160210;2;31/12/2018 09:40:00;Strada Urbana;VIA SALARIA;da specificare;;;;fronte civ. 220/A;Scontro laterale fra veicoli in marcia;Rettilineo;Una carreggiata a doppio senso;Asciutto;Asfaltata;Verticale ed orizzontale;Sereno;Normale;Buona;Ore Diurne;0;0;0;2;13.0816;42.4174;-1;1;Autovettura privata;In marcia / fermata / arresto;Conducente;M;Illeso;0;;Non accertato;Inesploso
4160210;2;31/12/2018 09:40:00;Strada Urbana;VIA SALARIA;da specificare;;;;fronte civ. 220/A;Scontro laterale fra veicoli in marcia;Rettilineo;Una carreggiata a doppio senso;Asciutto;Asfaltata;Verticale ed orizzontale;Sereno;Normale;Buona;Ore Diurne;0;0;0;2;13.0816;42.4174;-1;2;Motociclo a solo;In marcia / fermata / arresto;Conducente;M;Illeso;0;;Non accertato;
4160214;2;31/12/2018 12:30:00;Strada Urbana;LUNGOTEVERE FLAMINIO;da specificare;;;;alt. PONTE RISORGIMENTO;Veicolo in marcia contro ostacolo accidentale;Rettilineo;Una carreggiata a doppio senso;Asciutto;Asfaltata;Verticale ed orizzontale;Sereno;Normale;Buona;Ore Diurne;0;0;0;1;12.4661;41.9238;-1;1;Motociclo a solo;In marcia / fermata / arresto;Conducente;M;Illeso;0;;Non accertato;
4160216;16;29/12/2018 11:30:00;Strada Urbana;VIA DI MALAGROTTA;da specificare;;;;dopo uscita da Via Aurelia prossimità curva;Veicolo in marcia contro ostacolo accidentale;Curva a visuale libera;Una carreggiata a doppio senso;Asciutto;Asfaltata;Assente;Sereno;Normale;Buona;Ore Diurne;0;0;0;2;12.3294;41.8647;-1;1;Autovettura privata;In marcia / fermata / arresto;Conducente;M;Illeso;0;;Non accertato;Inesploso
4160216;16;29/12/2018 11:30:00;Strada Urbana;VIA DI MALAGROTTA;da specificare;;;;dopo uscita da Via Aurelia prossimità curva;Veicolo in marcia contro ostacolo accidentale;Curva a visuale libera;Una carreggiata a doppio senso;Asciutto;Asfaltata;Assente;Sereno;Normale;Buona;Ore Diurne;0;0;0;2;12.3294;41.8647;-1;1;Autovettura privata;In marcia / fermata / arresto;Passeggero;M;Illeso;0;;Non accertato;Inesploso
4160217;12;27/12/2018 20:00:00;Provinciale;VIA PONTINA;da specificare;;;;DIR. ROMA POCO PRIMA SVINCOLO PRATICA DI MARE;Veicolo in marcia contro ostacolo accidentale;Rettilineo;Due carreggiate;Asciutto;Asfaltata;Verticale ed orizzontale;Nuvoloso;Normale;Sufficiente;Sufficiente;0;0;0;3;12.4408;41.7701;-1;1;Autovettura privata;In marcia / fermata / arresto;Conducente;M;Illeso;0;;Utilizzato;Inesploso
4160217;12;27/12/2018 20:00:00;Provinciale;VIA PONTINA;da specificare;;;;DIR. ROMA POCO PRIMA SVINCOLO PRATICA DI MARE;Veicolo in marcia contro ostacolo accidentale;Rettilineo;Due carreggiate;Asciutto;Asfaltata;Verticale ed orizzontale;Nuvoloso;Normale;Sufficiente;Sufficiente;0;0;0;3;12.4408;41.7701;-1;1;Autovettura privata;In marcia / fermata / arresto;Passeggero;M;Illeso;0;;Utilizzato;Inesploso
4160217;12;27/12/2018 20:00:00;Provinciale;VIA PONTINA;da specificare;;;;DIR. ROMA POCO PRIMA SVINCOLO PRATICA DI MARE;Veicolo in marcia contro ostacolo accidentale;Rettilineo;Due carreggiate;Asciutto;Asfaltata;Verticale ed orizzontale;Nuvoloso;Normale;Sufficiente;Sufficiente;0;0;0;3;12.4408;41.7701;-1;1;Autovettura privata;In marcia / fermata / arresto;Passeggero;F;Illeso;0;;Utilizzato;Inesploso
4160220;16;30/12/2018 19:35:00;Strada Urbana;VIA DELLA MASSIMILLA;all'intersezione con;VIA SERAFINO BELFANTI;VIA SERAFINO BELFANTI;;;Scontro frontale/laterale SX fra veicoli in marcia;Incrocio;Una carreggiata a doppio senso;Asciutto;Asfaltata;Verticale;Sereno;Scarso;Buona;Sufficiente;0;0;0;3;12.3495;41.8778;-1;1;Autobus urbano;In marcia / fermata / arresto;Conducente;M;Illeso;0;;Non accertato;Inesploso
4160220;16;30/12/2018 19:35:00;Strada Urbana;VIA DELLA MASSIMILLA;all'intersezione con;VIA SERAFINO BELFANTI;VIA SERAFINO BELFANTI;;;Scontro frontale/laterale SX fra veicoli in marcia;Incrocio;Una carreggiata a doppio senso;Asciutto;Asfaltata;Verticale;Sereno;Scarso;Buona;Sufficiente;0;0;0;3;12.3495;41.8778;-1;2;Autovettura privata;In marcia / fermata / arresto;Conducente;F;Illeso;0;;Non accertato;Inesploso
4160220;16;30/12/2018 19:35:00;Strada Urbana;VIA DELLA MASSIMILLA;all'intersezione con;VIA SERAFINO BELFANTI;VIA SERAFINO BELFANTI;;;Scontro frontale/laterale SX fra veicoli in marcia;Incrocio;Una carreggiata a doppio senso;Asciutto;Asfaltata;Verticale;Sereno;Scarso;Buona;Sufficiente;0;0;0;3;12.3495;41.8778;-1;2;Autovettura privata;In marcia / fermata / arresto;Passeggero;F;Illeso;0;;Non accertato;Inesploso
4160238;3;31/12/2018 23:30:00;Strada Urbana;VIA TIBURTINA;da specificare;;;;dir Rebibbia rampa d'immiss Tang Est dir Salaria;Veicolo in marcia contro ostacolo fisso;Rettilineo;Una carreggiata a senso unico di marcia;Asciutto;Asfaltata;Verticale ed orizzontale;Sereno;Scarso;Insufficiente;Insufficiente;0;1;0;0;12.5231;41.9068;-1;1;Autovettura privata;In marcia / fermata / arresto;Conducente;M;Prognosi riservata;0;NON DECEDUTO;Non accertato;Esploso
4160287;12;29/12/2018 14:10:00;Provinciale;VIA OSTIENSE;all'intersezione con;VIA DEL FOSSO DEL TORRINO;VIA DEL FOSSO DEL TORRINO;;;Scontro laterale fra veicoli in marcia;Incrocio;Una carreggiata a doppio senso;Asciutto;Asfaltata;Verticale ed orizzontale;Sereno;Normale;Buona;Ore Diurne;0;0;0;2;12.4229;41.8109;-1;1;Autovettura privata;In marcia / fermata / arresto;Conducente;M;Illeso;0;;;
4160287;12;29/12/2018 14:10:00;Provinciale;VIA OSTIENSE;all'intersezione con;VIA DEL FOSSO DEL TORRINO;VIA DEL FOSSO DEL TORRINO;;;Scontro laterale fra veicoli in marcia;Incrocio;Una carreggiata a doppio senso;Asciutto;Asfaltata;Verticale ed orizzontale;Sereno;Normale;Buona;Ore Diurne;0;0;0;2;12.4229;41.8109;-1;2;Autovettura privata;In marcia / fermata / arresto;Conducente;M;Illeso;0;;Non accertato;Inesploso
4160328;12;29/12/2018 13:30:00;Strada Urbana;VIA DI CASTEL DI LEVA;all'intersezione con;VIA ANTONIO ZANONI;VIA ANTONIO ZANONI;;;Scontro frontale fra veicoli in marcia;Incrocio;Una carreggiata a doppio senso;Asciutto;Asfaltata;Verticale ed orizzontale;Sereno;Scarso;Buona;Ore Diurne;1;0;0;1;12.5151;41.7869;-1;1;Autovettura privata;In marcia / fermata / arresto;Conducente;M;Illeso;0;;Non accertato;Inesploso
4160328;12;29/12/2018 13:30:00;Strada Urbana;VIA DI CASTEL DI LEVA;all'intersezione con;VIA ANTONIO ZANONI;VIA ANTONIO ZANONI;;;Scontro frontale fra veicoli in marcia;Incrocio;Una carreggiata a doppio senso;Asciutto;Asfaltata;Verticale ed orizzontale;Sereno;Scarso;Buona;Ore Diurne;1;0;0;1;12.5151;41.7869;-1;2;Autovettura privata;In marcia / fermata / arresto;Conducente;F;Rimandato;0;NON DECEDUTO;Non accertato;Inesploso
4160364;12;31/12/2018 13:25:00;Strada Urbana;VIALE CESARE PAVESE;in corrispondenza;;del civico n.;109;;Investimento di pedone;Curva senza visuale libera;Due carreggiate;Asciutto;Asfaltata;Verticale ed orizzontale;Sereno;Scarso;Buona;Ore Diurne;1;0;0;1;12.4767;41.8167;-1;;;;Pedone;M;Rimandato;0;NON DECEDUTO;;
4160364;12;31/12/2018 13:25:00;Strada Urbana;VIALE CESARE PAVESE;in corrispondenza;;del civico n.;109;;Investimento di pedone;Curva senza visuale libera;Due carreggiate;Asciutto;Asfaltata;Verticale ed orizzontale;Sereno;Scarso;Buona;Ore Diurne;1;0;0;1;12.4767;41.8167;-1;1;Autovettura privata;In marcia / fermata / arresto;Conducente;M;Illeso;0;;Non accertato;Inesploso
4161174;12;26/12/2018 12:30:00;Strada Urbana;VIA LAURENTINA;all'intersezione con;VIA DEI CORAZZIERI;VIA DEI CORAZZIERI;;;Investimento di pedone;Intersezione semaforizzata;Due carreggiate;Asciutto;Asfaltata;Verticale ed orizzontale;Sereno;Scarso;Buona;Ore Diurne;1;0;0;1;12.4852;41.8101;-1;;;;Pedone;F;Rimandato;0;NON DECEDUTO;;
4161174;12;26/12/2018 12:30:00;Strada Urbana;VIA LAURENTINA;all'intersezione con;VIA DEI CORAZZIERI;VIA DEI CORAZZIERI;;;Investimento di pedone;Intersezione semaforizzata;Due carreggiate;Asciutto;Asfaltata;Verticale ed orizzontale;Sereno;Scarso;Buona;Ore Diurne;1;0;0;1;12.4852;41.8101;-1;1;Autovettura privata;In marcia / fermata / arresto;Conducente;M;Illeso;0;;Utilizzato;Inesploso
4161219;15;31/12/2018 18:35:00;Strada Urbana;VIA DEI GROTTONI;all'intersezione con;VIA AUGUSTO ARMELLINI;VIA AUGUSTO ARMELLINI;;;Veicolo in marcia contro ostacolo fisso;Incrocio;Una carreggiata a senso unico di marcia;Asciutto;Asfaltata;Verticale;Sereno;Normale;Buona;Sufficiente;0;0;0;2;12.4573;41.8564;-1;1;Autovettura privata;In marcia / fermata / arresto;Conducente;F;Illeso;0;;Non accertato;Inesploso
4161219;15;31/12/2018 18:35:00;Strada Urbana;VIA DEI GROTTONI;all'intersezione con;VIA AUGUSTO ARMELLINI;VIA AUGUSTO ARMELLINI;;;Veicolo in marcia contro ostacolo fisso;Incrocio;Una carreggiata a senso unico di marcia;Asciutto;Asfaltata;Verticale;Sereno;Normale;Buona;Sufficiente;0;0;0;2;12.4573;41.8564;-1;1;Autovettura privata;In marcia / fermata / arresto;Passeggero;M;Illeso;0;;Non accertato;Inesploso
4161597;13;28/12/2018 15:15:00;Strada Urbana;VIA DI MACCHIA SAPONARA;da specificare;;;;altezza via S. Fabriani dir. via Ostiense;Scontro laterale fra veicoli in marcia;Rettilineo;Una carreggiata a doppio senso;Asciutto;Asfaltata;Verticale ed orizzontale;Sereno;Normale;Buona;Ore Diurne;0;0;0;2;12.3576;41.7675;-1;1;Autovettura privata;In marcia / fermata / arresto;Conducente;M;Illeso;0;;Non accertato;Inesploso
4161597;13;28/12/2018 15:15:00;Strada Urbana;VIA DI MACCHIA SAPONARA;da specificare;;;;altezza via S. Fabriani dir. via Ostiense;Scontro laterale fra veicoli in marcia;Rettilineo;Una carreggiata a doppio senso;Asciutto;Asfaltata;Verticale ed orizzontale;Sereno;Normale;Buona;Ore Diurne;0;0;0;2;12.3576;41.7675;-1;2;Autovettura privata;In marcia / fermata / arresto;Conducente;M;Illeso;0;;Non accertato;Inesploso
4162796;23;18/12/2018 14:30:00;Strada Urbana;PIAZZA GIOVANNI DA VERRAZZANO;all'intersezione con;VIA DI S. GALLA;VIA DI S. GALLA;;;Investimento di pedone;Intersezione semaforizzata;Una carreggiata a doppio senso;Asciutto;Asfaltata;Verticale ed orizzontale;Sereno;Scarso;Buona;Ore Diurne;1;0;0;1;12.489;41.8689;-1;;;;Pedone;M;Rifiuta cure immediate;0;NON DECEDUTO;;
4162796;23;18/12/2018 14:30:00;Strada Urbana;PIAZZA GIOVANNI DA VERRAZZANO;all'intersezione con;VIA DI S. GALLA;VIA DI S. GALLA;;;Investimento di pedone;Intersezione semaforizzata;Una carreggiata a doppio senso;Asciutto;Asfaltata;Verticale ed orizzontale;Sereno;Scarso;Buona;Ore Diurne;1;0;0;1;12.489;41.8689;-1;1;Autovettura privata;In marcia / fermata / arresto;Conducente;M;Illeso;0;;Non accertato;Inesploso
4162880;13;21/12/2018 20:45:00;Strada Urbana;VIA OSTIENSE;da specificare;;;;prossimità via delle Gondole;Investimento di pedone;Rettilineo;Due carreggiate;Asciutto;Asfaltata;Assente;Sereno;Intenso;Sufficiente;Sufficiente;1;0;0;2;12.4229;41.8109;-1;;;;Pedone;M;Rimandato;0;NON DECEDUTO;;
4162880;13;21/12/2018 20:45:00;Strada Urbana;VIA OSTIENSE;da specificare;;;;prossimità via delle Gondole;Investimento di pedone;Rettilineo;Due carreggiate;Asciutto;Asfaltata;Assente;Sereno;Intenso;Sufficiente;Sufficiente;1;0;0;2;12.4229;41.8109;-1;1;Autovettura privata;In marcia / fermata / arresto;Conducente;M;Illeso;0;;Non accertato;Inesploso
4162880;13;21/12/2018 20:45:00;Strada Urbana;VIA OSTIENSE;da specificare;;;;prossimità via delle Gondole;Investimento di pedone;Rettilineo;Due carreggiate;Asciutto;Asfaltata;Assente;Sereno;Intenso;Sufficiente;Sufficiente;1;0;0;2;12.4229;41.8109;-1;1;Autovettura privata;In marcia / fermata / arresto;Passeggero;M;Illeso;0;;Non accertato;Inesploso
4163029;12;26/12/2018 10:15:00;Strada Urbana;VIALE EGEO;all'intersezione con;VIA MONTE DEL FINOCCHIO;VIA MONTE DEL FINOCCHIO;;;Scontro frontale/laterale DX fra veicoli in marcia;Intersezione semaforizzata;Una carreggiata a doppio senso;Asciutto;Asfaltata;Verticale ed orizzontale;Sereno;Normale;Buona;Ore Diurne;0;0;0;2;12.4565;41.8312;-1;1;Autovettura privata;In marcia / fermata / arresto;Conducente;M;Illeso;0;;;
4163029;12;26/12/2018 10:15:00;Strada Urbana;VIALE EGEO;all'intersezione con;VIA MONTE DEL FINOCCHIO;VIA MONTE DEL FINOCCHIO;;;Scontro frontale/laterale DX fra veicoli in marcia;Intersezione semaforizzata;Una carreggiata a doppio senso;Asciutto;Asfaltata;Verticale ed orizzontale;Sereno;Normale;Buona;Ore Diurne;0;0;0;2;12.4565;41.8312;-1;2;Autovettura privata;In marcia / fermata / arresto;Conducente;M;Illeso;0;;;
4167606;1;18/12/2018 16:30:00;Provinciale entro l'abitato;PIAZZA DELLA PILOTTA;all'intersezione con;VIA DEI LUCCHESI;VIA DEI LUCCHESI;;;Veicolo in marcia contro ostacolo accidentale;Intersezione stradale segnalata;Una carreggiata a doppio senso;Sdrucciolevole (fango);Sterrata;Orizzontale;Pioggia in atto;Scarso;Buona;Sufficiente;0;0;0;1;12.4843;41.899;-1;1;Motociclo a solo;In marcia / fermata / arresto;Conducente;M;Illeso;0;;;
4169285;16;26/12/2018 12:20:00;Strada Urbana;VIALE AURELIO SAFFI;da specificare;;;;altezza strada sterrata V. A. Podulak;Veicolo in marcia contro ostacolo accidentale;Rettilineo;Una carreggiata a doppio senso;Asciutto;Asfaltata;Assente;Sereno;Scarso;Buona;Ore Diurne;1;0;0;0;12.4666;41.8822;-1;1;Velocipede;In marcia / fermata / arresto;Conducente;M;Rimandato;0;NON DECEDUTO;Esente;
4171654;1;16/12/2018 02:19:00;Strada Urbana;VIALE MANZONI;all'intersezione con;VIA EMANUELE FILIBERTO;VIA EMANUELE FILIBERTO;;;Veicolo in marcia contro veicolo arresto;Incrocio;Una carreggiata a doppio senso;Asciutto;Asfaltata;Verticale ed orizzontale;Sereno;Normale;Sufficiente;Sufficiente;0;0;0;2;12.5079;41.8913;-1;1;Autovettura privata;In marcia / fermata / arresto;Conducente;M;Illeso;0;;;
4171654;1;16/12/2018 02:19:00;Strada Urbana;VIALE MANZONI;all'intersezione con;VIA EMANUELE FILIBERTO;VIA EMANUELE FILIBERTO;;;Veicolo in marcia contro veicolo arresto;Incrocio;Una carreggiata a doppio senso;Asciutto;Asfaltata;Verticale ed orizzontale;Sereno;Normale;Sufficiente;Sufficiente;0;0;0;2;12.5079;41.8913;-1;2;Autovettura privata;In marcia / fermata / arresto;Conducente;M;Illeso;0;;;
4188181;5;16/12/2018 14:30:00;Strada Urbana;VIA CARLO ARTURO JEMOLO;in prossimità;;del civico n.;83;;Veicolo in marcia contro veicoli in sosta;Rettilineo;Una carreggiata a senso unico di marcia;Asciutto;Asfaltata;Assente;Nuvoloso;Scarso;Buona;Ore Diurne;1;0;0;1;12.5879;41.9477;-1;1;Autovettura privata;In marcia / fermata / arresto;Conducente;F;Rimandato;0;NON DECEDUTO;Non accertato;Inesistente
4188181;5;16/12/2018 14:30:00;Strada Urbana;VIA CARLO ARTURO JEMOLO;in prossimità;;del civico n.;83;;Veicolo in marcia contro veicoli in sosta;Rettilineo;Una carreggiata a senso unico di marcia;Asciutto;Asfaltata;Assente;Nuvoloso;Scarso;Buona;Ore Diurne;1;0;0;1;12.5879;41.9477;-1;1;Autovettura privata;In marcia / fermata / arresto;Passeggero;F;Illeso;0;;Non accertato;Inesistente
4188181;5;16/12/2018 14:30:00;Strada Urbana;VIA CARLO ARTURO JEMOLO;in prossimità;;del civico n.;83;;Veicolo in marcia contro veicoli in sosta;Rettilineo;Una carreggiata a senso unico di marcia;Asciutto;Asfaltata;Assente;Nuvoloso;Scarso;Buona;Ore Diurne;1;0;0;1;12.5879;41.9477;-1;2;Autovettura privata;Sosta;;;;;;;
4188181;5;16/12/2018 14:30:00;Strada Urbana;VIA CARLO ARTURO JEMOLO;in prossimità;;del civico n.;83;;Veicolo in marcia contro veicoli in sosta;Rettilineo;Una carreggiata a senso unico di marcia;Asciutto;Asfaltata;Assente;Nuvoloso;Scarso;Buona;Ore Diurne;1;0;0;1;12.5879;41.9477;-1;3;Autovettura privata;Sosta;;;;;;;
4188181;5;16/12/2018 14:30:00;Strada Urbana;VIA CARLO ARTURO JEMOLO;in prossimità;;del civico n.;83;;Veicolo in marcia contro veicoli in sosta;Rettilineo;Una carreggiata a senso unico di marcia;Asciutto;Asfaltata;Assente;Nuvoloso;Scarso;Buona;Ore Diurne;1;0;0;1;12.5879;41.9477;-1;4;Autovettura privata;Sosta;;;;;;;
4194661;1;21/12/2018 20:40:00;Strada Urbana;VIA CAVOUR;in prossimità;;del civico n.;149;;Veicolo in marcia contro veicoli in sosta;Rettilineo;Una carreggiata a doppio senso;Asciutto;Asfaltata;Verticale ed orizzontale;Sereno;Normale;Buona;Sufficiente;0;0;0;3;12.4948;41.8964;-1;1;Autovettura privata;In marcia / fermata / arresto;Conducente;M;Illeso;0;;;
4194661;1;21/12/2018 20:40:00;Strada Urbana;VIA CAVOUR;in prossimità;;del civico n.;149;;Veicolo in marcia contro veicoli in sosta;Rettilineo;Una carreggiata a doppio senso;Asciutto;Asfaltata;Verticale ed orizzontale;Sereno;Normale;Buona;Sufficiente;0;0;0;3;12.4948;41.8964;-1;2;Autovettura privata;In marcia / fermata / arresto;Conducente;F;Illeso;0;;;
4194661;1;21/12/2018 20:40:00;Strada Urbana;VIA CAVOUR;in prossimità;;del civico n.;149;;Veicolo in marcia contro veicoli in sosta;Rettilineo;Una carreggiata a doppio senso;Asciutto;Asfaltata;Verticale ed orizzontale;Sereno;Normale;Buona;Sufficiente;0;0;0;3;12.4948;41.8964;-1;3;Autovettura privata;In marcia / fermata / arresto;Conducente;M;Illeso;0;;;
4204168;1;24/12/2018 09:20:00;Strada Urbana;LUNGOTEVERE RAFFAELLO SANZIO;da specificare;;;;in prossimità Ponte Garibaldi;Veicolo in marcia contro ostacolo accidentale;Rettilineo;Una carreggiata a senso unico di marcia;Asciutto;Asfaltata;Verticale ed orizzontale;Sereno;Normale;Buona;Ore Diurne;1;0;0;0;12.4721;41.8908;-1;1;Motociclo a solo;In marcia / fermata / arresto;Conducente;M;Rimandato;0;NON DECEDUTO;;
4206061;5;15/12/2018 17:30:00;Strada Urbana;VIALE DELLA TORRE DI PRATOLUNGO;in prossimità;;del civico n.;19;;Investimento di pedone;Rettilineo;Una carreggiata a doppio senso;Asciutto;Asfaltata;Orizzontale;Sereno;Scarso;Sufficiente;Sufficiente;0;1;0;1;12.6064;41.945;-1;;;;Pedone;M;Prognosi riservata;0;NON DECEDUTO;;
4206061;5;15/12/2018 17:30:00;Strada Urbana;VIALE DELLA TORRE DI PRATOLUNGO;in prossimità;;del civico n.;19;;Investimento di pedone;Rettilineo;Una carreggiata a doppio senso;Asciutto;Asfaltata;Orizzontale;Sereno;Scarso;Sufficiente;Sufficiente;0;1;0;1;12.6064;41.945;-1;1;Autovettura privata;In marcia / fermata / arresto;Conducente;M;Illeso;0;;Non accertato;Inesploso